Trade ID,Symbol,Pattern,Direction,Entry Time,Entry Price,Exit Time,Exit Price,Exit Reason,Lot Size,Gross PnL ($),Spread Cost ($),Comm Cost ($),Net PnL ($),R
XAUUSD_V3_0,XAUUSD,Cypher,SHORT,2010-01-12 18:15:00,1147.86,2010-01-12 18:45:00,1138.4440599999998,TP1_TP2,0.2,94.9,5.0,1.0,88.9,0.44
XAUUSD_V3_1,XAUUSD,Cypher,SHORT,2010-01-12 19:00:00,1137.5,2010-01-12 19:15:00,1137.5,TP1_BE,0.1,51.43,2.5,0.5,48.43,0.24
XAUUSD_V3_2,XAUUSD,Cypher,SHORT,2010-01-14 17:00:00,1133.26,2010-01-14 17:15:00,1133.26,TP1_BE,0.15,25.04,3.75,0.75,20.54,0.1
XAUUSD_V3_3,XAUUSD,Cypher,SHORT,2010-01-14 16:15:00,1138.02,2010-01-14 18:00:00,1138.02,TP1_BE,0.23,16.35,5.75,1.15,9.45,0.05
XAUUSD_V3_4,XAUUSD,Cypher,SHORT,2010-01-14 17:30:00,1136.59,2010-01-14 18:00:00,1136.59,TP1_BE,0.29,12.12,7.25,1.45,3.42,0.02
XAUUSD_V3_5,XAUUSD,Cypher,SHORT,2010-01-25 17:45:00,1093.79,2010-01-25 18:00:00,1093.79,TP1_BE,0.24,17.98,6.0,1.2,10.78,0.05
XAUUSD_V3_6,XAUUSD,Cypher,SHORT,2010-01-25 18:15:00,1095.7,2010-01-25 18:30:00,1095.7,TP1_BE,0.32,6.59,8.0,1.6,-3.01,-0.01
XAUUSD_V3_7,XAUUSD,Cypher,SHORT,2010-01-25 19:00:00,1097.14,2010-01-25 19:30:00,1097.14,TP1_BE,0.41,37.96,10.25,2.05,25.66,0.13
XAUUSD_V3_8,XAUUSD,Cypher,SHORT,2010-01-29 13:30:00,1084.33,2010-01-29 14:30:00,1086.659585,SL,0.88,-205.0,22.0,4.4,-240.2,-1.18
XAUUSD_V3_9,XAUUSD,Cypher,SHORT,2010-02-04 15:30:00,1090.04,2010-02-04 15:45:00,1099.14204,TP1_TP2,0.11,124.01,2.75,0.55,120.71,0.61
XAUUSD_V3_10,XAUUSD,Cypher,SHORT,2010-02-04 16:00:00,1081.82,2010-02-04 16:15:00,1099.14204,TP1_TP2,0.08,155.95,2.0,0.4,153.55,0.76
XAUUSD_V3_11,XAUUSD,Cypher,SHORT,2010-02-04 16:45:00,1076.3,2010-02-04 17:00:00,1099.14204,TP1_TP2,0.06,150.08,1.5,0.3,148.28,0.72
XAUUSD_V3_12,XAUUSD,Cypher,LONG,2010-02-09 14:30:00,1075.59,2010-02-09 14:45:00,1075.59,TP1_BE,0.18,60.41,4.5,0.9,55.01,0.26
XAUUSD_V3_13,XAUUSD,Cypher,LONG,2010-03-16 14:15:00,1125.02,2010-03-16 14:30:00,1125.02,TP1_BE,0.15,81.29,3.75,0.75,76.79,0.37
XAUUSD_V3_14,XAUUSD,Cypher,LONG,2010-03-16 14:45:00,1122.98,2010-03-16 15:00:00,1122.98,TP1_BE,0.17,74.79,4.25,0.85,69.69,0.33
XAUUSD_V3_15,XAUUSD,Cypher,LONG,2010-03-16 15:30:00,1125.12,2010-03-16 15:45:00,1125.12,TP1_BE,0.15,82.04,3.75,0.75,77.54,0.37
XAUUSD_V3_16,XAUUSD,Cypher,LONG,2010-04-01 15:15:00,1123.3,2010-04-01 15:30:00,1123.3,TP1_BE,0.17,57.6,4.25,0.85,52.5,0.25
XAUUSD_V3_17,XAUUSD,Cypher,LONG,2010-04-01 15:45:00,1124.01,2010-04-01 16:00:00,1124.01,TP1_BE,0.16,59.89,4.0,0.8,55.09,0.26
XAUUSD_V3_18,XAUUSD,Cypher,LONG,2010-04-01 16:30:00,1125.46,2010-04-01 16:45:00,1125.46,TP1_BE,0.15,67.02,3.75,0.75,62.52,0.29
XAUUSD_V3_19,XAUUSD,Cypher,SHORT,2010-05-17 18:15:00,1225.98,2010-05-17 18:30:00,1225.98,TP1_BE,0.13,19.29,3.25,0.65,15.39,0.07
XAUUSD_V3_20,XAUUSD,Cypher,SHORT,2010-05-17 17:30:00,1232.95,2010-05-18 09:15:00,1215.4488000000003,TP1_TP2,0.21,225.79,5.25,1.05,219.49,1.01
XAUUSD_V3_21,XAUUSD,Cypher,LONG,2010-06-01 19:00:00,1224.86,2010-06-02 01:15:00,1224.86,TP1_BE,0.44,32.21,11.0,2.2,19.01,0.09
XAUUSD_V3_22,XAUUSD,Cypher,LONG,2010-06-01 19:30:00,1225.17,2010-06-02 01:15:00,1225.17,TP1_BE,0.41,23.66,10.25,2.05,11.36,0.05
XAUUSD_V3_23,XAUUSD,Cypher,SHORT,2010-06-10 18:00:00,1222.97,2010-06-11 14:15:00,1222.97,TP1_BE,0.3,56.7,7.5,1.5,47.7,0.21
XAUUSD_V3_24,XAUUSD,Cypher,SHORT,2010-06-29 15:45:00,1232.4,2010-06-29 16:00:00,1232.4,TP1_BE,0.21,8.59,5.25,1.05,2.29,0.01
XAUUSD_V3_25,XAUUSD,Cypher,SHORT,2010-06-29 16:15:00,1234.38,2010-06-29 16:30:00,1234.38,TP1_BE,0.26,15.1,6.5,1.3,7.3,0.03
XAUUSD_V3_26,XAUUSD,Cypher,SHORT,2010-06-29 17:00:00,1236.25,2010-06-29 18:00:00,1243.03858,SL,0.33,-224.02,8.25,1.65,-237.22,-1.06
XAUUSD_V3_27,XAUUSD,Cypher,SHORT,2010-07-02 19:00:00,1209.0,2010-07-05 13:15:00,1207.4,TIMEOUT,0.32,51.2,8.0,1.6,41.6,0.19
XAUUSD_V3_28,XAUUSD,Cypher,SHORT,2010-07-02 19:30:00,1206.53,2010-07-05 13:15:00,1207.4,TIMEOUT,0.23,-20.01,5.75,1.15,-26.91,-0.12
XAUUSD_V3_29,XAUUSD,Cypher,SHORT,2010-07-07 14:15:00,1186.73,2010-07-07 14:30:00,1186.73,TP1_BE,0.28,12.36,7.0,1.4,3.96,0.02
XAUUSD_V3_30,XAUUSD,Cypher,SHORT,2010-07-12 16:45:00,1203.03,2010-07-12 17:00:00,1197.4394,TP1_TP2,0.26,85.49,6.5,1.3,77.69,0.36
XAUUSD_V3_31,XAUUSD,Cypher,SHORT,2010-07-12 17:15:00,1198.65,2010-07-12 17:30:00,1198.65,TP1_BE,0.17,45.61,4.25,0.85,40.51,0.18
XAUUSD_V3_32,XAUUSD,Cypher,SHORT,2010-07-12 18:00:00,1199.99,2010-07-12 18:15:00,1199.99,TP1_BE,0.19,38.25,4.75,0.95,32.55,0.15
XAUUSD_V3_33,XAUUSD,Cypher,SHORT,2010-07-23 16:30:00,1190.43,2010-07-23 16:45:00,1190.43,TP1_BE,0.18,68.3,4.5,0.9,62.9,0.28
XAUUSD_V3_34,XAUUSD,Cypher,LONG,2010-08-13 14:00:00,1216.4,2010-08-13 14:15:00,1216.4,TP1_BE,0.44,16.02,11.0,2.2,2.82,0.01
XAUUSD_V3_35,XAUUSD,Cypher,LONG,2010-08-13 14:30:00,1214.59,2010-08-13 14:45:00,1214.59,TP1_BE,0.69,37.33,17.25,3.45,16.63,0.07
XAUUSD_V3_36,XAUUSD,Cypher,LONG,2010-09-24 18:00:00,1295.82,2010-09-24 18:15:00,1295.82,TP1_BE,0.35,20.67,8.75,1.75,10.17,0.05
XAUUSD_V3_37,XAUUSD,Cypher,LONG,2010-09-24 19:15:00,1296.51,2010-09-24 21:30:00,1296.51,TP1_BE,0.32,7.86,8.0,1.6,-1.74,-0.01
XAUUSD_V3_38,XAUUSD,Cypher,LONG,2010-09-24 18:30:00,1295.84,2010-09-24 21:45:00,1295.84,TP1_BE,0.35,20.32,8.75,1.75,9.82,0.04
XAUUSD_V3_39,XAUUSD,Cypher,LONG,2010-11-02 13:45:00,1358.58,2010-11-02 14:00:00,1358.58,TP1_BE,0.26,24.12,6.5,1.3,16.32,0.07
XAUUSD_V3_40,XAUUSD,Cypher,LONG,2010-11-02 14:15:00,1354.65,2010-11-02 14:30:00,1354.65,TP1_BE,0.47,48.75,11.75,2.35,34.65,0.15
XAUUSD_V3_41,XAUUSD,Cypher,LONG,2010-11-10 14:45:00,1399.45,2010-11-10 15:00:00,1405.0315999999998,TP1_TP2,0.32,104.64,8.0,1.6,95.04,0.42
XAUUSD_V3_42,XAUUSD,Cypher,LONG,2010-11-10 15:15:00,1403.55,2010-11-10 15:30:00,1403.55,TP1_BE,0.2,50.58,5.0,1.0,44.58,0.2
XAUUSD_V3_43,XAUUSD,Cypher,SHORT,2010-11-10 16:30:00,1384.05,2010-11-10 16:45:00,1384.05,TP1_BE,0.08,62.44,2.0,0.4,60.04,0.26
XAUUSD_V3_44,XAUUSD,Cypher,SHORT,2010-11-10 17:15:00,1388.6,2010-11-10 17:30:00,1388.6,TP1_BE,0.09,49.77,2.25,0.45,47.07,0.21
XAUUSD_V3_45,XAUUSD,Cypher,SHORT,2010-11-22 19:45:00,1357.8,2010-11-22 21:30:00,1365.9119999999998,SL,0.28,-227.14,7.0,1.4,-238.34,-1.04
XAUUSD_V3_46,XAUUSD,Cypher,SHORT,2010-12-15 15:00:00,1388.03,2010-12-15 15:15:00,1388.03,TP1_BE,0.2,14.23,5.0,1.0,8.23,0.04
XAUUSD_V3_47,XAUUSD,Cypher,SHORT,2010-12-15 15:30:00,1386.3,2010-12-15 15:45:00,1386.3,TP1_BE,0.17,26.8,4.25,0.85,21.7,0.1
XAUUSD_V3_48,XAUUSD,Cypher,SHORT,2010-12-15 16:15:00,1389.55,2010-12-15 16:30:00,1389.55,TP1_BE,0.23,1.12,5.75,1.15,-5.78,-0.03
XAUUSD_V3_49,XAUUSD,Cypher,LONG,2010-12-21 15:00:00,1390.64,2010-12-21 15:00:00,1382.4783750000001,SL,0.28,-228.53,7.0,1.4,-239.73,-1.06
XAUUSD_V3_50,XAUUSD,Cypher,LONG,2010-12-21 19:00:00,1387.64,2010-12-21 20:00:00,1387.64,TP1_BE,0.19,0.2,4.75,0.95,-5.5,-0.02
XAUUSD_V3_51,XAUUSD,Cypher,SHORT,2011-01-17 17:00:00,1360.05,2011-01-17 17:15:00,1360.05,TP1_BE,0.57,1.74,14.25,2.85,-15.36,-0.07
XAUUSD_V3_52,XAUUSD,Cypher,SHORT,2011-01-17 17:30:00,1361.86,2011-01-17 20:15:00,1361.86,TP1_BE,1.08,101.03,27.0,5.4,68.63,0.31
XAUUSD_V3_53,XAUUSD,Cypher,LONG,2011-01-28 17:30:00,1329.19,2011-01-28 17:45:00,1322.51758,TP1_TP2,0.1,103.31,2.5,0.5,100.31,0.45
XAUUSD_V3_54,XAUUSD,Cypher,LONG,2011-02-22 19:30:00,1400.52,2011-02-23 10:15:00,1400.52,TP1_BE,0.25,23.73,6.25,1.25,16.23,0.07
XAUUSD_V3_55,XAUUSD,Cypher,LONG,2011-02-22 19:00:00,1397.23,2011-02-23 12:30:00,1401.67,TIMEOUT,0.4,177.6,10.0,2.0,165.6,0.74
XAUUSD_V3_56,XAUUSD,Cypher,LONG,2011-02-23 16:15:00,1407.82,2011-02-23 16:30:00,1407.95178,TP1_TP2,0.27,60.17,6.75,1.35,52.07,0.23
XAUUSD_V3_57,XAUUSD,Cypher,LONG,2011-02-23 16:45:00,1410.98,2011-02-23 17:00:00,1410.98,TP1_BE,0.2,74.85,5.0,1.0,68.85,0.3
XAUUSD_V3_58,XAUUSD,Cypher,LONG,2011-02-23 17:30:00,1411.33,2011-02-23 17:45:00,1411.33,TP1_BE,0.19,74.44,4.75,0.95,68.74,0.3
XAUUSD_V3_59,XAUUSD,Cypher,LONG,2011-02-24 17:00:00,1413.34,2011-02-24 18:45:00,1413.34,TP1_BE,0.37,32.59,9.25,1.85,21.49,0.09
XAUUSD_V3_60,XAUUSD,Shark,LONG,2011-02-24 18:15:00,1412.25,2011-02-24 20:00:00,1412.25,TP1_BE,0.34,15.71,8.5,1.7,5.51,0.02
XAUUSD_V3_61,XAUUSD,Cypher,SHORT,2011-03-17 19:15:00,1403.24,2011-03-18 01:00:00,1403.24,TP1_BE,0.94,80.16,23.5,4.7,51.96,0.22
XAUUSD_V3_62,XAUUSD,Cypher,LONG,2011-04-12 14:30:00,1465.1,2011-04-12 14:45:00,1465.1,TP1_BE,0.23,38.03,5.75,1.15,31.13,0.13
XAUUSD_V3_63,XAUUSD,Cypher,LONG,2011-04-12 15:00:00,1465.5,2011-04-12 15:15:00,1465.5,TP1_BE,0.22,40.77,5.5,1.1,34.17,0.15
XAUUSD_V3_64,XAUUSD,Cypher,LONG,2011-04-12 15:45:00,1461.9,2011-04-12 16:00:00,1461.9,TP1_BE,0.34,1.81,8.5,1.7,-8.39,-0.04
XAUUSD_V3_65,XAUUSD,Cypher,LONG,2011-04-27 19:30:00,1516.05,2011-04-27 19:45:00,1513.3559400000001,TP1_TP2,0.2,97.06,5.0,1.0,91.06,0.39
XAUUSD_V3_66,XAUUSD,Cypher,LONG,2011-05-02 15:30:00,1553.47,2011-05-02 15:45:00,1553.47,TP1_BE,0.34,19.59,8.5,1.7,9.39,0.04
XAUUSD_V3_67,XAUUSD,Cypher,LONG,2011-05-02 16:00:00,1557.15,2011-05-02 16:15:00,1562.83074,TP1_TP2,0.22,90.29,5.5,1.1,83.69,0.35
XAUUSD_V3_68,XAUUSD,Cypher,LONG,2011-05-02 16:45:00,1562.95,2011-05-02 17:00:00,1562.83074,TP1_TP2,0.14,59.13,3.5,0.7,54.93,0.23
XAUUSD_V3_69,XAUUSD,Cypher,LONG,2011-05-25 16:45:00,1527.95,2011-05-25 17:00:00,1527.95,TP1_BE,0.33,25.35,8.25,1.65,15.45,0.06
XAUUSD_V3_70,XAUUSD,Cypher,LONG,2011-05-25 17:15:00,1526.3,2011-05-25 17:30:00,1526.3,TP1_BE,0.43,2.44,10.75,2.15,-10.46,-0.04
XAUUSD_V3_71,XAUUSD,Cypher,LONG,2011-05-25 18:00:00,1526.25,2011-05-25 19:15:00,1526.25,TP1_BE,0.44,3.6,11.0,2.2,-9.6,-0.04
XAUUSD_V3_72,XAUUSD,Cypher,SHORT,2011-05-26 17:15:00,1517.75,2011-05-26 17:30:00,1517.75,TP1_BE,0.18,13.28,4.5,0.9,7.88,0.03
XAUUSD_V3_73,XAUUSD,Cypher,SHORT,2011-05-26 18:00:00,1516.1,2011-05-26 18:15:00,1516.1,TP1_BE,0.16,25.0,4.0,0.8,20.2,0.08
XAUUSD_V3_74,XAUUSD,Gartley,LONG,2011-06-01 14:45:00,1531.88,2011-06-01 15:15:00,1534.21872,TP1_TP2,0.83,112.42,20.75,4.15,87.52,0.37
XAUUSD_V3_75,XAUUSD,Gartley,LONG,2011-06-01 15:15:00,1533.47,2011-06-01 15:30:00,1534.21872,TP1_TP2,0.53,52.17,13.25,2.65,36.27,0.15
XAUUSD_V3_76,XAUUSD,Cypher,SHORT,2011-06-07 18:30:00,1538.1,2011-06-07 18:45:00,1538.1,TP1_BE,0.2,60.12,5.0,1.0,54.12,0.22
XAUUSD_V3_77,XAUUSD,Cypher,SHORT,2011-06-07 19:00:00,1538.53,2011-06-07 19:15:00,1538.53,TP1_BE,0.21,58.62,5.25,1.05,52.32,0.22
XAUUSD_V3_78,XAUUSD,Cypher,SHORT,2011-06-07 19:45:00,1540.9,2011-06-07 20:00:00,1540.9,TP1_BE,0.27,43.37,6.75,1.35,35.27,0.14
XAUUSD_V3_79,XAUUSD,Cypher,LONG,2011-06-21 13:30:00,1544.03,2011-06-21 13:45:00,1544.03,TP1_BE,0.8,6.15,20.0,4.0,-17.85,-0.07
XAUUSD_V3_80,XAUUSD,Cypher,LONG,2011-06-21 17:45:00,1546.78,2011-06-21 18:00:00,1546.78,TP1_BE,0.3,51.45,7.5,1.5,42.45,0.17
XAUUSD_V3_81,XAUUSD,Cypher,LONG,2011-06-21 17:15:00,1543.45,2011-06-21 18:45:00,1543.45,TP1_BE,0.51,2.56,12.75,2.55,-12.74,-0.05
XAUUSD_V3_82,XAUUSD,Cypher,LONG,2011-06-21 18:30:00,1545.3,2011-06-21 18:45:00,1545.3,TP1_BE,0.37,36.08,9.25,1.85,24.98,0.1
XAUUSD_V3_83,XAUUSD,Cypher,SHORT,2011-06-30 16:45:00,1510.77,2011-06-30 17:00:00,1502.3331199999998,TP1_TP2,0.64,319.5,16.0,3.2,300.3,1.23
XAUUSD_V3_84,XAUUSD,Cypher,SHORT,2011-06-30 17:45:00,1505.09,2011-06-30 18:00:00,1505.09,TP1_BE,0.25,53.28,6.25,1.25,45.78,0.18
XAUUSD_V3_85,XAUUSD,Cypher,SHORT,2011-06-30 19:00:00,1506.33,2011-06-30 19:15:00,1506.33,TP1_BE,0.29,43.82,7.25,1.45,35.12,0.14
XAUUSD_V3_86,XAUUSD,Cypher,SHORT,2011-06-30 18:15:00,1510.19,2011-06-30 19:30:00,1502.67312,TP1_TP2,0.51,213.04,12.75,2.55,197.74,0.78
XAUUSD_V3_87,XAUUSD,Cypher,LONG,2011-07-28 16:45:00,1616.24,2011-07-28 17:00:00,1610.6899499999997,SL,0.46,-255.3,11.5,2.3,-273.7,-1.07
XAUUSD_V3_88,XAUUSD,Cypher,SHORT,2011-07-29 14:15:00,1615.53,2011-07-29 15:30:00,1620.123005,SL,0.55,-252.62,13.75,2.75,-274.62,-1.09
XAUUSD_V3_89,XAUUSD,Cypher,LONG,2011-08-09 18:45:00,1739.2,2011-08-09 19:00:00,1739.2,TP1_BE,0.07,19.49,1.75,0.35,17.39,0.07
XAUUSD_V3_90,XAUUSD,Cypher,LONG,2011-08-09 20:00:00,1740.3,2011-08-09 21:00:00,1740.3,TP1_BE,0.06,13.41,1.5,0.3,11.61,0.05
XAUUSD_V3_91,XAUUSD,Cypher,LONG,2011-08-09 19:15:00,1736.4,2011-08-09 22:45:00,1736.4,TP1_BE,0.07,29.29,1.75,0.35,27.19,0.11
XAUUSD_V3_92,XAUUSD,Cypher,LONG,2011-08-12 15:30:00,1755.06,2011-08-12 16:15:00,1741.288925,SL,0.18,-247.88,4.5,0.9,-255.08,-1.03
XAUUSD_V3_93,XAUUSD,Cypher,SHORT,2011-08-23 19:30:00,1853.14,2011-08-23 19:45:00,1853.14,TP1_BE,0.06,75.52,1.5,0.3,73.72,0.3
XAUUSD_V3_94,XAUUSD,Cypher,LONG,2011-08-24 15:30:00,1845.19,2011-08-24 15:30:00,1834.3742450000002,SL,0.22,-237.95,5.5,1.1,-246.75,-1.01
XAUUSD_V3_95,XAUUSD,Cypher,SHORT,2011-08-29 16:00:00,1814.45,2011-08-29 16:15:00,1814.45,TP1_BE,0.2,22.31,5.0,1.0,16.31,0.07
XAUUSD_V3_96,XAUUSD,Cypher,SHORT,2011-08-29 17:15:00,1782.08,2011-08-29 17:30:00,1782.08,TP1_BE,0.05,86.5,1.25,0.25,85.0,0.36
XAUUSD_V3_97,XAUUSD,Cypher,SHORT,2011-09-16 13:15:00,1778.0,2011-09-16 13:45:00,1788.55563,SL,0.23,-242.78,5.75,1.15,-251.98,-1.05
XAUUSD_V3_98,XAUUSD,Cypher,LONG,2011-09-20 18:45:00,1807.11,2011-09-20 19:00:00,1807.11,TP1_BE,0.06,57.88,1.5,0.3,56.08,0.24
XAUUSD_V3_99,XAUUSD,Cypher,LONG,2011-09-21 13:15:00,1809.46,2011-09-21 13:45:00,1809.46,TP1_BE,0.19,17.72,4.75,0.95,12.02,0.05
XAUUSD_V3_100,XAUUSD,Cypher,LONG,2011-09-21 14:00:00,1808.9,2011-09-21 15:00:00,1797.0710700000002,SL,0.2,-236.58,5.0,1.0,-244.58,-1.03
XAUUSD_V3_101,XAUUSD,Cypher,SHORT,2011-10-06 18:30:00,1643.23,2011-10-07 05:00:00,1654.54,TIMEOUT,0.15,-169.65,3.75,0.75,-174.15,-0.75
XAUUSD_V3_102,XAUUSD,Cypher,SHORT,2011-10-06 19:00:00,1642.85,2011-10-07 05:00:00,1654.54,TIMEOUT,0.14,-163.66,3.5,0.7,-167.86,-0.74
XAUUSD_V3_103,XAUUSD,Cypher,LONG,2011-10-10 18:00:00,1663.2,2011-10-11 05:00:00,1683.7799400000004,TP1_TP2,0.15,169.41,3.75,0.75,164.91,0.73
XAUUSD_V3_104,XAUUSD,Cypher,LONG,2011-10-10 18:30:00,1665.71,2011-10-11 05:00:00,1683.7799400000004,TP1_TP2,0.13,120.72,3.25,0.65,116.82,0.51
XAUUSD_V3_105,XAUUSD,Cypher,LONG,2011-10-14 18:30:00,1670.3,2011-10-17 10:30:00,1691.0838199999998,TP1_TP2,0.21,289.32,5.25,1.05,283.02,1.23
XAUUSD_V3_106,XAUUSD,Cypher,LONG,2011-10-14 19:00:00,1671.43,2011-10-17 10:30:00,1691.0838199999998,TP1_TP2,0.19,240.29,4.75,0.95,234.59,0.99
XAUUSD_V3_107,XAUUSD,Cypher,SHORT,2011-11-16 13:30:00,1776.31,2011-11-16 20:45:00,1776.31,TP1_BE,0.26,102.57,6.5,1.3,94.77,0.39
XAUUSD_V3_108,XAUUSD,Cypher,SHORT,2011-11-25 15:30:00,1677.95,2011-11-25 16:00:00,1677.95,TP1_BE,0.33,10.07,8.25,1.65,0.17,0.0
XAUUSD_V3_109,XAUUSD,Cypher,SHORT,2011-11-25 16:00:00,1676.94,2011-11-25 16:15:00,1676.94,TP1_BE,0.29,5.8,7.25,1.45,-2.9,-0.01
XAUUSD_V3_110,XAUUSD,Cypher,LONG,2011-12-02 17:45:00,1750.6,2011-12-02 18:00:00,1750.6,TP1_BE,0.22,10.77,5.5,1.1,4.17,0.02
XAUUSD_V3_111,XAUUSD,Cypher,LONG,2011-12-02 18:15:00,1746.82,2011-12-05 03:00:00,1746.82,TP1_BE,0.34,80.9,8.5,1.7,70.7,0.29
XAUUSD_V3_112,XAUUSD,Cypher,SHORT,2012-01-09 18:15:00,1611.86,2012-01-09 18:30:00,1611.86,TP1_BE,0.16,33.79,4.0,0.8,28.99,0.12
XAUUSD_V3_113,XAUUSD,Cypher,LONG,2012-01-27 17:00:00,1727.68,2012-01-27 17:15:00,1727.68,TP1_BE,0.17,39.39,4.25,0.85,34.29,0.14
XAUUSD_V3_114,XAUUSD,Cypher,LONG,2012-01-27 17:30:00,1726.48,2012-01-27 17:45:00,1726.48,TP1_BE,0.19,32.62,4.75,0.95,26.92,0.11
XAUUSD_V3_115,XAUUSD,Cypher,LONG,2012-01-27 18:15:00,1731.17,2012-01-27 18:30:00,1731.17,TP1_BE,0.14,56.87,3.5,0.7,52.67,0.21
XAUUSD_V3_116,XAUUSD,Cypher,LONG,2012-02-01 18:00:00,1746.89,2012-02-01 18:15:00,1746.89,TP1_BE,0.19,2.05,4.75,0.95,-3.65,-0.01
XAUUSD_V3_117,XAUUSD,Cypher,LONG,2012-02-01 18:30:00,1748.61,2012-02-01 18:45:00,1748.61,TP1_BE,0.17,16.45,4.25,0.85,11.35,0.05
XAUUSD_V3_118,XAUUSD,Cypher,LONG,2012-02-01 19:15:00,1745.92,2012-02-01 19:30:00,1745.92,TP1_BE,0.21,7.92,5.25,1.05,1.62,0.01
XAUUSD_V3_119,XAUUSD,Gartley,LONG,2012-02-23 15:45:00,1779.89,2012-02-23 16:00:00,1782.6006399999999,TP1_TP2,0.28,60.61,7.0,1.4,52.21,0.21
XAUUSD_V3_120,XAUUSD,Gartley,LONG,2012-02-23 16:15:00,1781.31,2012-02-23 16:30:00,1781.31,TP1_BE,0.24,36.47,6.0,1.2,29.27,0.12
XAUUSD_V3_121,XAUUSD,Cypher,LONG,2012-03-09 20:00:00,1711.61,2012-03-09 21:00:00,1711.61,TP1_BE,0.05,40.9,1.25,0.25,39.4,0.16
XAUUSD_V3_122,XAUUSD,Cypher,SHORT,2012-04-03 15:30:00,1673.5,2012-04-03 15:45:00,1673.5,TP1_BE,0.35,50.07,8.75,1.75,39.57,0.16
XAUUSD_V3_123,XAUUSD,Cypher,LONG,2012-04-11 19:45:00,1658.04,2012-04-11 20:00:00,1658.04,TP1_BE,0.41,27.15,10.25,2.05,14.85,0.06
XAUUSD_V3_124,XAUUSD,Cypher,SHORT,2012-04-18 18:30:00,1641.68,2012-04-18 18:45:00,1641.68,TP1_BE,0.21,2.84,5.25,1.05,-3.46,-0.01
XAUUSD_V3_125,XAUUSD,Cypher,SHORT,2012-04-18 19:00:00,1640.1,2012-04-18 19:15:00,1640.1,TP1_BE,0.18,16.66,4.5,0.9,11.26,0.04
XAUUSD_V3_126,XAUUSD,Cypher,SHORT,2012-04-18 19:45:00,1641.43,2012-04-18 23:45:00,1641.43,TP1_BE,0.2,5.21,5.0,1.0,-0.79,-0.0
XAUUSD_V3_127,XAUUSD,Cypher,SHORT,2012-05-09 17:15:00,1584.84,2012-05-09 18:30:00,1594.62697,SL,0.26,-254.46,6.5,1.3,-264.86,-1.06
XAUUSD_V3_128,XAUUSD,Cypher,SHORT,2012-07-24 15:15:00,1575.21,2012-07-24 15:45:00,1575.21,TP1_BE,0.7,48.42,17.5,3.5,27.42,0.11
XAUUSD_V3_129,XAUUSD,Cypher,LONG,2012-08-06 17:30:00,1610.31,2012-08-06 20:15:00,1610.31,TP1_BE,0.32,17.75,8.0,1.6,8.15,0.03
XAUUSD_V3_130,XAUUSD,Cypher,LONG,2012-08-06 18:00:00,1611.57,2012-08-06 20:15:00,1611.57,TP1_BE,0.27,31.99,6.75,1.35,23.89,0.1
XAUUSD_V3_131,XAUUSD,Cypher,LONG,2012-08-23 13:30:00,1662.45,2012-08-23 14:15:00,1657.86141,SL,0.54,-247.78,13.5,2.7,-269.38,-1.09
XAUUSD_V3_132,XAUUSD,Cypher,SHORT,2012-08-29 17:45:00,1654.67,2012-08-29 18:00:00,1654.67,TP1_BE,0.15,71.67,3.75,0.75,67.17,0.28
XAUUSD_V3_133,XAUUSD,Cypher,LONG,2012-09-06 17:45:00,1707.96,2012-09-06 18:00:00,1707.96,TP1_BE,0.17,1.9,4.25,0.85,-3.2,-0.01
XAUUSD_V3_134,XAUUSD,Cypher,LONG,2012-10-03 16:30:00,1779.15,2012-10-03 16:45:00,1779.15,TP1_BE,0.26,5.94,6.5,1.3,-1.86,-0.01
XAUUSD_V3_135,XAUUSD,Cypher,LONG,2012-10-03 17:00:00,1776.42,2012-10-03 17:30:00,1776.42,TP1_BE,0.37,42.05,9.25,1.85,30.95,0.13
XAUUSD_V3_136,XAUUSD,Cypher,LONG,2012-10-03 18:00:00,1777.89,2012-10-03 18:15:00,1777.89,TP1_BE,0.28,9.32,7.0,1.4,0.92,0.0
XAUUSD_V3_137,XAUUSD,Cypher,LONG,2012-10-03 18:30:00,1778.54,2012-10-03 18:45:00,1778.54,TP1_BE,0.26,0.2,6.5,1.3,-7.6,-0.03
XAUUSD_V3_138,XAUUSD,Cypher,LONG,2012-10-03 19:15:00,1778.69,2012-10-03 19:30:00,1778.69,TP1_BE,0.26,1.75,6.5,1.3,-6.05,-0.02
XAUUSD_V3_139,XAUUSD,Cypher,LONG,2012-10-04 16:45:00,1787.12,2012-10-04 17:00:00,1787.12,TP1_BE,0.28,4.25,7.0,1.4,-4.15,-0.02
XAUUSD_V3_140,XAUUSD,Cypher,LONG,2012-10-04 17:15:00,1790.81,2012-10-04 17:30:00,1790.81,TP1_BE,0.2,39.94,5.0,1.0,33.94,0.14
XAUUSD_V3_141,XAUUSD,Cypher,LONG,2012-10-04 18:00:00,1792.23,2012-10-04 18:15:00,1792.23,TP1_BE,0.18,48.72,4.5,0.9,43.32,0.18
XAUUSD_V3_142,XAUUSD,Cypher,LONG,2012-10-11 17:15:00,1770.96,2012-10-11 17:30:00,1770.96,TP1_BE,0.26,25.65,6.5,1.3,17.85,0.07
XAUUSD_V3_143,XAUUSD,Cypher,LONG,2012-10-11 18:00:00,1772.94,2012-10-11 18:15:00,1772.94,TP1_BE,0.22,43.49,5.5,1.1,36.89,0.15
XAUUSD_V3_144,XAUUSD,Cypher,LONG,2012-10-11 16:45:00,1766.86,2012-10-11 20:45:00,1766.86,TP1_BE,0.48,51.04,12.0,2.4,36.64,0.15
XAUUSD_V3_145,XAUUSD,Cypher,LONG,2012-10-25 16:30:00,1715.74,2012-10-25 16:45:00,1715.74,TP1_BE,0.44,1.77,11.0,2.2,-11.43,-0.05
XAUUSD_V3_146,XAUUSD,Cypher,LONG,2012-10-25 17:00:00,1715.62,2012-10-25 17:15:00,1715.62,TP1_BE,0.45,4.52,11.25,2.25,-8.98,-0.04
XAUUSD_V3_147,XAUUSD,Cypher,LONG,2012-10-25 17:45:00,1714.7,2012-10-25 18:00:00,1714.7,TP1_BE,0.54,30.26,13.5,2.7,14.06,0.06
XAUUSD_V3_148,XAUUSD,Cypher,LONG,2012-10-26 16:15:00,1713.91,2012-10-26 16:30:00,1713.91,TP1_BE,0.18,85.28,4.5,0.9,79.88,0.32
XAUUSD_V3_149,XAUUSD,Cypher,LONG,2012-10-26 17:00:00,1714.72,2012-10-26 17:15:00,1709.78078,TP1_TP2,0.17,129.41,4.25,0.85,124.31,0.5
XAUUSD_V3_150,XAUUSD,Cypher,LONG,2012-10-31 16:15:00,1718.2,2012-10-31 16:30:00,1718.2,TP1_BE,0.57,34.94,14.25,2.85,17.84,0.07
XAUUSD_V3_151,XAUUSD,Cypher,LONG,2012-10-31 17:30:00,1724.11,2012-10-31 17:45:00,1724.11,TP1_BE,0.24,56.21,6.0,1.2,49.01,0.2
XAUUSD_V3_152,XAUUSD,Cypher,LONG,2012-10-31 16:45:00,1718.16,2012-11-01 03:15:00,1718.16,TP1_BE,0.57,36.08,14.25,2.85,18.98,0.08
XAUUSD_V3_153,XAUUSD,Cypher,LONG,2012-11-12 16:30:00,1734.56,2012-11-12 16:45:00,1734.56,TP1_BE,0.63,46.33,15.75,3.15,27.43,0.11
XAUUSD_V3_154,XAUUSD,Cypher,LONG,2012-11-12 17:00:00,1734.69,2012-11-12 18:00:00,1730.5693250000002,SL,0.61,-251.36,15.25,3.05,-275.76,-1.09
XAUUSD_V3_155,XAUUSD,Cypher,LONG,2012-11-12 17:45:00,1734.14,2012-11-12 18:00:00,1730.5693250000002,SL,0.71,-253.52,17.75,3.55,-281.92,-1.14
XAUUSD_V3_156,XAUUSD,Cypher,LONG,2012-11-21 18:00:00,1727.95,2012-11-21 18:15:00,1727.95,TP1_BE,0.33,20.48,8.25,1.65,10.58,0.04
XAUUSD_V3_157,XAUUSD,Cypher,LONG,2012-11-21 18:30:00,1727.92,2012-11-21 18:45:00,1727.92,TP1_BE,0.33,19.99,8.25,1.65,10.09,0.04
XAUUSD_V3_158,XAUUSD,Cypher,LONG,2012-11-21 19:15:00,1727.47,2012-11-22 17:15:00,1731.58,TIMEOUT,0.35,143.85,8.75,1.75,133.35,0.55
XAUUSD_V3_159,XAUUSD,Cypher,LONG,2012-11-22 20:00:00,1730.19,2012-11-23 01:00:00,1728.4270900000001,SL,1.39,-245.04,34.75,6.95,-300.64,-1.23
XAUUSD_V3_160,XAUUSD,Cypher,LONG,2012-11-30 13:15:00,1729.64,2012-11-30 13:45:00,1729.64,TP1_BE,0.56,10.5,14.0,2.8,-6.3,-0.03
XAUUSD_V3_161,XAUUSD,Cypher,LONG,2012-11-30 14:00:00,1729.82,2012-11-30 14:30:00,1729.82,TP1_BE,0.54,5.27,13.5,2.7,-10.93,-0.05
XAUUSD_V3_162,XAUUSD,Cypher,LONG,2012-12-11 13:30:00,1709.74,2012-12-11 14:15:00,1713.15468,TP1_TP2,0.79,147.57,19.75,3.95,123.87,0.52
XAUUSD_V3_163,XAUUSD,Cypher,SHORT,2012-12-14 15:15:00,1695.97,2012-12-14 15:30:00,1695.97,TP1_BE,0.46,25.11,11.5,2.3,11.31,0.05
XAUUSD_V3_164,XAUUSD,Cypher,SHORT,2012-12-14 15:45:00,1695.86,2012-12-14 16:00:00,1695.86,TP1_BE,0.45,27.04,11.25,2.25,13.54,0.06
XAUUSD_V3_165,XAUUSD,Cypher,SHORT,2012-12-14 16:30:00,1694.75,2012-12-14 16:45:00,1694.75,TP1_BE,0.38,43.92,9.5,1.9,32.52,0.13
XAUUSD_V3_166,XAUUSD,Cypher,SHORT,2012-12-28 15:30:00,1658.85,2012-12-28 15:45:00,1658.85,TP1_BE,0.67,20.5,16.75,3.35,0.4,0.0
XAUUSD_V3_167,XAUUSD,Cypher,SHORT,2013-01-02 14:15:00,1683.29,2013-01-02 14:15:00,1685.725645,SL,0.99,-241.13,24.75,4.95,-280.73,-1.16
XAUUSD_V3_168,XAUUSD,Cypher,SHORT,2013-01-28 18:30:00,1656.16,2013-01-28 23:00:00,1656.16,TP1_BE,0.31,18.58,7.75,1.55,9.28,0.04
XAUUSD_V3_169,XAUUSD,Cypher,SHORT,2013-01-28 18:00:00,1658.18,2013-01-29 02:45:00,1658.18,TP1_BE,0.43,69.2,10.75,2.15,56.3,0.24
XAUUSD_V3_170,XAUUSD,Cypher,LONG,2013-02-01 16:15:00,1672.4,2013-02-01 16:30:00,1670.4486599999998,TP1_TP2,0.18,85.46,4.5,0.9,80.06,0.34
XAUUSD_V3_171,XAUUSD,Cypher,LONG,2013-02-01 16:45:00,1678.01,2013-02-01 17:00:00,1678.01,TP1_BE,0.13,85.5,3.25,0.65,81.6,0.34
XAUUSD_V3_172,XAUUSD,Cypher,LONG,2013-02-01 17:30:00,1669.81,2013-02-01 17:45:00,1670.4486599999998,TP1_TP2,0.23,64.31,5.75,1.15,57.41,0.24
XAUUSD_V3_173,XAUUSD,Cypher,LONG,2013-02-25 18:45:00,1590.22,2013-02-25 19:00:00,1590.22,TP1_BE,0.22,3.31,5.5,1.1,-3.29,-0.01
XAUUSD_V3_174,XAUUSD,Cypher,LONG,2013-02-25 19:15:00,1590.69,2013-02-25 19:30:00,1590.69,TP1_BE,0.21,1.77,5.25,1.05,-4.53,-0.02
XAUUSD_V3_175,XAUUSD,Cypher,LONG,2013-02-25 17:00:00,1588.82,2013-02-25 20:00:00,1588.82,TP1_BE,0.3,31.07,7.5,1.5,22.07,0.09
XAUUSD_V3_176,XAUUSD,Cypher,SHORT,2013-02-25 20:00:00,1590.03,2013-02-25 21:15:00,1590.03,TP1_BE,0.42,60.59,10.5,2.1,47.99,0.2
XAUUSD_V3_177,XAUUSD,Cypher,LONG,2013-02-25 20:00:00,1590.03,2013-02-25 21:45:00,1590.03,TP1_BE,0.22,5.4,5.5,1.1,-1.2,-0.0
XAUUSD_V3_178,XAUUSD,Cypher,SHORT,2013-03-04 16:00:00,1576.91,2013-03-04 16:15:00,1576.91,TP1_BE,0.4,6.39,10.0,2.0,-5.61,-0.02
XAUUSD_V3_179,XAUUSD,Cypher,SHORT,2013-03-04 16:30:00,1575.3,2013-03-04 16:45:00,1575.3,TP1_BE,0.32,30.87,8.0,1.6,21.27,0.09
XAUUSD_V3_180,XAUUSD,Cypher,SHORT,2013-03-04 17:15:00,1576.76,2013-03-04 17:30:00,1576.76,TP1_BE,0.4,9.39,10.0,2.0,-2.61,-0.01
XAUUSD_V3_181,XAUUSD,Cypher,LONG,2013-03-05 16:45:00,1583.11,2013-03-05 17:00:00,1583.11,TP1_BE,0.38,15.97,9.5,1.9,4.57,0.02
XAUUSD_V3_182,XAUUSD,Cypher,SHORT,2013-03-11 16:00:00,1579.86,2013-03-11 16:30:00,1579.86,TP1_BE,0.5,30.76,12.5,2.5,15.76,0.06
XAUUSD_V3_183,XAUUSD,Cypher,SHORT,2013-03-11 16:30:00,1578.82,2013-03-11 16:45:00,1578.82,TP1_BE,0.41,3.9,10.25,2.05,-8.4,-0.03
XAUUSD_V3_184,XAUUSD,Cypher,SHORT,2013-03-11 17:15:00,1579.75,2013-03-11 17:45:00,1579.75,TP1_BE,0.48,26.89,12.0,2.4,12.49,0.05
XAUUSD_V3_185,XAUUSD,Cypher,SHORT,2013-03-26 17:45:00,1598.47,2013-03-26 20:30:00,1598.47,TP1_BE,0.44,31.05,11.0,2.2,17.85,0.07
XAUUSD_V3_186,XAUUSD,Cypher,SHORT,2013-03-26 18:15:00,1599.21,2013-03-26 20:45:00,1599.21,TP1_BE,0.51,54.86,12.75,2.55,39.56,0.16
XAUUSD_V3_187,XAUUSD,Cypher,LONG,2013-04-25 15:30:00,1453.04,2013-04-25 15:45:00,1453.04,TP1_BE,0.21,61.74,5.25,1.05,55.44,0.23
XAUUSD_V3_188,XAUUSD,Cypher,LONG,2013-04-25 16:00:00,1452.34,2013-04-25 16:15:00,1452.34,TP1_BE,0.23,59.57,5.75,1.15,52.67,0.21
XAUUSD_V3_189,XAUUSD,Cypher,LONG,2013-04-25 16:45:00,1446.26,2013-04-25 17:00:00,1451.7711199999999,TP1_TP2,0.52,166.68,13.0,2.6,151.08,0.61
XAUUSD_V3_190,XAUUSD,Cypher,LONG,2013-04-30 19:30:00,1471.11,2013-04-30 20:00:00,1471.11,TP1_BE,0.19,7.05,4.75,0.95,1.35,0.01
XAUUSD_V3_191,XAUUSD,Cypher,LONG,2013-04-30 19:00:00,1468.28,2013-05-01 12:15:00,1468.28,TP1_BE,0.24,42.87,6.0,1.2,35.67,0.14
XAUUSD_V3_192,XAUUSD,Cypher,SHORT,2013-05-13 16:15:00,1434.04,2013-05-13 17:15:00,1434.04,TP1_BE,0.33,53.6,8.25,1.65,43.7,0.17
XAUUSD_V3_193,XAUUSD,Cypher,SHORT,2013-05-13 16:45:00,1432.84,2013-05-13 17:15:00,1432.84,TP1_BE,0.29,29.7,7.25,1.45,21.0,0.08
XAUUSD_V3_194,XAUUSD,Cypher,SHORT,2013-05-13 17:30:00,1435.34,2013-05-14 02:45:00,1435.34,TP1_BE,0.4,90.97,10.0,2.0,78.97,0.31
XAUUSD_V3_195,XAUUSD,Cypher,SHORT,2013-05-14 18:45:00,1429.02,2013-05-14 19:00:00,1429.02,TP1_BE,0.14,6.56,3.5,0.7,2.36,0.01
XAUUSD_V3_196,XAUUSD,Cypher,SHORT,2013-05-14 19:30:00,1426.71,2013-05-14 19:45:00,1426.71,TP1_BE,0.12,8.24,3.0,0.6,4.64,0.02
XAUUSD_V3_197,XAUUSD,Cypher,SHORT,2013-05-14 18:15:00,1435.44,2013-05-15 17:15:00,1406.1628000000003,TP1_TP2,0.21,384.66,5.25,1.05,378.36,1.49
XAUUSD_V3_198,XAUUSD,Cypher,SHORT,2013-05-17 17:15:00,1369.94,2013-05-17 17:30:00,1369.94,TP1_BE,0.13,20.98,3.25,0.65,17.08,0.07
XAUUSD_V3_199,XAUUSD,Cypher,SHORT,2013-05-17 18:00:00,1360.62,2013-05-17 18:15:00,1360.62,TP1_BE,0.09,56.47,2.25,0.45,53.77,0.21
XAUUSD_V3_200,XAUUSD,Cypher,SHORT,2013-05-17 16:45:00,1375.39,2013-05-17 22:30:00,1357.5657199999998,TP1_TP2,0.18,180.42,4.5,0.9,175.02,0.67
XAUUSD_V3_201,XAUUSD,Cypher,LONG,2013-05-23 19:30:00,1389.02,2013-05-24 02:30:00,1389.02,TP1_BE,0.13,9.26,3.25,0.65,5.36,0.02
XAUUSD_V3_202,XAUUSD,Cypher,LONG,2013-05-23 18:00:00,1385.79,2013-05-24 12:30:00,1385.79,TP1_BE,0.19,52.25,4.75,0.95,46.55,0.17
XAUUSD_V3_203,XAUUSD,Cypher,SHORT,2013-05-24 13:15:00,1387.25,2013-05-24 13:30:00,1387.25,TP1_BE,0.34,44.6,8.5,1.7,34.4,0.13
XAUUSD_V3_204,XAUUSD,Cypher,SHORT,2013-05-24 16:15:00,1389.51,2013-05-24 16:30:00,1389.51,TP1_BE,0.28,9.36,7.0,1.4,0.96,0.0
XAUUSD_V3_205,XAUUSD,Cypher,SHORT,2013-05-24 16:45:00,1387.25,2013-05-24 17:00:00,1387.25,TP1_BE,0.23,18.3,5.75,1.15,11.4,0.04
XAUUSD_V3_206,XAUUSD,Cypher,SHORT,2013-05-24 17:30:00,1388.5,2013-05-24 17:45:00,1388.5,TP1_BE,0.25,4.27,6.25,1.25,-3.23,-0.01
XAUUSD_V3_207,XAUUSD,Cypher,LONG,2013-05-29 14:30:00,1390.99,2013-05-29 14:45:00,1390.99,TP1_BE,0.24,62.5,6.0,1.2,55.3,0.21
XAUUSD_V3_208,XAUUSD,Cypher,LONG,2013-05-29 15:00:00,1391.69,2013-05-29 15:15:00,1391.69,TP1_BE,0.23,67.95,5.75,1.15,61.05,0.23
XAUUSD_V3_209,XAUUSD,Cypher,LONG,2013-05-29 15:45:00,1386.88,2013-05-29 16:00:00,1386.88,TP1_BE,0.38,20.87,9.5,1.9,9.47,0.04
XAUUSD_V3_210,XAUUSD,Gartley,LONG,2013-06-03 14:30:00,1395.57,2013-06-03 17:15:00,1403.93512,TP1_TP2,0.5,288.11,12.5,2.5,273.11,1.01
XAUUSD_V3_211,XAUUSD,Cypher,LONG,2013-06-06 16:45:00,1400.31,2013-06-06 17:15:00,1400.31,TP1_BE,0.26,29.36,6.5,1.3,21.56,0.08
XAUUSD_V3_212,XAUUSD,Cypher,LONG,2013-06-06 17:15:00,1403.01,2013-06-06 17:30:00,1403.01,TP1_BE,0.21,4.64,5.25,1.05,-1.66,-0.01
XAUUSD_V3_213,XAUUSD,Cypher,SHORT,2013-06-11 18:15:00,1375.94,2013-06-12 17:00:00,1385.5155699999998,SL,0.29,-277.69,7.25,1.45,-289.29,-1.05
XAUUSD_V3_214,XAUUSD,Cypher,SHORT,2013-06-11 18:45:00,1377.75,2013-06-12 17:00:00,1385.5155699999998,SL,0.36,-279.56,9.0,1.8,-293.96,-1.09
XAUUSD_V3_215,XAUUSD,Cypher,SHORT,2013-06-21 15:45:00,1289.12,2013-06-21 16:00:00,1289.12,TP1_BE,0.2,39.6,5.0,1.0,33.6,0.13
XAUUSD_V3_216,XAUUSD,Cypher,SHORT,2013-06-21 16:15:00,1292.26,2013-06-21 16:30:00,1292.26,TP1_BE,0.27,11.07,6.75,1.35,2.97,0.01
XAUUSD_V3_217,XAUUSD,Cypher,SHORT,2013-06-21 17:00:00,1297.12,2013-06-21 20:00:00,1297.12,TP1_BE,0.52,105.03,13.0,2.6,89.43,0.34
XAUUSD_V3_218,XAUUSD,Cypher,LONG,2013-07-16 19:45:00,1292.22,2013-07-16 20:00:00,1292.22,TP1_BE,0.28,0.7,7.0,1.4,-7.7,-0.03
XAUUSD_V3_219,XAUUSD,Cypher,SHORT,2013-08-09 14:30:00,1309.99,2013-08-09 14:45:00,1309.99,TP1_BE,0.32,26.11,8.0,1.6,16.51,0.06
XAUUSD_V3_220,XAUUSD,Cypher,SHORT,2013-08-09 14:00:00,1311.85,2013-08-09 15:30:00,1311.85,TP1_BE,0.41,71.58,10.25,2.05,59.28,0.22
XAUUSD_V3_221,XAUUSD,Cypher,SHORT,2013-08-09 15:15:00,1310.68,2013-08-09 17:00:00,1310.68,TP1_BE,0.35,40.63,8.75,1.75,30.13,0.11
XAUUSD_V3_222,XAUUSD,Cypher,SHORT,2013-09-18 16:15:00,1301.49,2013-09-18 16:45:00,1301.49,TP1_BE,0.29,3.16,7.25,1.45,-5.54,-0.02
XAUUSD_V3_223,XAUUSD,Cypher,SHORT,2013-09-18 16:45:00,1297.16,2013-09-18 17:00:00,1297.16,TP1_BE,0.2,41.12,5.0,1.0,35.12,0.13
XAUUSD_V3_224,XAUUSD,Cypher,SHORT,2013-09-18 17:30:00,1301.02,2013-09-18 19:15:00,1301.02,TP1_BE,0.28,3.53,7.0,1.4,-4.87,-0.02
XAUUSD_V3_225,XAUUSD,Cypher,LONG,2013-10-28 16:30:00,1354.22,2013-10-28 17:00:00,1360.96782,TP1_TP2,0.29,129.74,7.25,1.45,121.04,0.45
XAUUSD_V3_226,XAUUSD,Cypher,LONG,2013-10-28 17:00:00,1358.97,2013-10-28 17:15:00,1360.96782,TP1_TP2,0.19,85.01,4.75,0.95,79.31,0.29
XAUUSD_V3_227,XAUUSD,Cypher,LONG,2013-10-28 17:45:00,1355.13,2013-10-28 18:00:00,1355.13,TP1_BE,0.27,41.99,6.75,1.35,33.89,0.12
XAUUSD_V3_228,XAUUSD,Cypher,LONG,2013-10-29 19:30:00,1345.53,2013-10-30 03:15:00,1339.151305,SL,0.43,-274.28,10.75,2.15,-291.48,-1.06
XAUUSD_V3_229,XAUUSD,Cypher,LONG,2013-10-29 20:00:00,1345.95,2013-10-30 03:15:00,1339.151305,SL,0.4,-271.95,10.0,2.0,-287.95,-1.07
XAUUSD_V3_230,XAUUSD,Cypher,SHORT,2013-10-31 13:45:00,1333.32,2013-10-31 14:15:00,1325.7078199999999,TP1_TP2,0.38,153.02,9.5,1.9,141.62,0.54
XAUUSD_V3_231,XAUUSD,Cypher,SHORT,2013-11-20 18:15:00,1263.51,2013-11-20 20:45:00,1263.51,TP1_BE,0.24,30.67,6.0,1.2,23.47,0.09
XAUUSD_V3_232,XAUUSD,Cypher,SHORT,2013-11-20 18:45:00,1262.64,2013-11-20 20:45:00,1262.64,TP1_BE,0.23,19.38,5.75,1.15,12.48,0.05
XAUUSD_V3_233,XAUUSD,Cypher,LONG,2013-12-26 15:30:00,1208.85,2013-12-26 15:45:00,1208.5166800000002,TP1_TP2,0.53,78.7,13.25,2.65,62.8,0.24
XAUUSD_V3_234,XAUUSD,Cypher,LONG,2013-12-26 16:00:00,1212.37,2013-12-26 16:15:00,1208.5166800000002,TP1_TP2,0.31,155.15,7.75,1.55,145.85,0.54
XAUUSD_V3_235,XAUUSD,Cypher,LONG,2013-12-26 16:00:00,1212.37,2013-12-26 16:15:00,1208.5166800000002,TP1_TP2,0.31,155.15,7.75,1.55,145.85,0.54
XAUUSD_V3_236,XAUUSD,Cypher,LONG,2013-12-26 16:30:00,1215.26,2013-12-26 16:45:00,1215.26,TP1_BE,0.24,108.56,6.0,1.2,101.36,0.37
XAUUSD_V3_237,XAUUSD,Cypher,LONG,2013-12-26 16:45:00,1214.32,2013-12-26 17:00:00,1208.5166800000002,TP1_TP2,0.26,180.83,6.5,1.3,173.03,0.63
XAUUSD_V3_238,XAUUSD,Gartley,SHORT,2013-12-30 17:00:00,1204.75,2013-12-30 17:15:00,1204.75,TP1_BE,0.38,20.16,9.5,1.9,8.76,0.03
XAUUSD_V3_239,XAUUSD,Gartley,SHORT,2013-12-30 17:30:00,1205.99,2013-12-30 22:15:00,1198.64016,TP1_TP2,0.46,221.97,11.5,2.3,208.17,0.75
XAUUSD_V3_240,XAUUSD,Gartley,SHORT,2013-12-30 18:15:00,1205.56,2013-12-30 22:15:00,1198.64016,TP1_TP2,0.43,189.0,10.75,2.15,176.1,0.62
XAUUSD_V3_241,XAUUSD,Cypher,LONG,2014-01-09 13:30:00,1227.98,2014-01-09 13:45:00,1227.98,TP1_BE,0.86,32.28,21.5,4.3,6.48,0.02
XAUUSD_V3_242,XAUUSD,Cypher,LONG,2014-01-09 14:00:00,1228.17,2014-01-09 14:15:00,1229.6232000000002,TP1_TP2,0.81,96.95,20.25,4.05,72.65,0.25
XAUUSD_V3_243,XAUUSD,Cypher,LONG,2014-01-13 13:45:00,1246.16,2014-01-14 18:15:00,1246.16,TP1_BE,0.67,110.78,16.75,3.35,90.68,0.31
XAUUSD_V3_244,XAUUSD,Cypher,SHORT,2014-01-22 14:45:00,1241.4,2014-01-22 15:15:00,1241.4,TP1_BE,1.4,105.82,35.0,7.0,63.82,0.22
XAUUSD_V3_245,XAUUSD,Cypher,LONG,2014-01-22 16:00:00,1240.63,2014-01-22 17:00:00,1240.63,TP1_BE,1.28,79.66,32.0,6.4,41.26,0.14
XAUUSD_V3_246,XAUUSD,Cypher,LONG,2014-01-22 17:15:00,1240.55,2014-01-22 22:30:00,1237.96848,SL,1.13,-291.71,28.25,5.65,-336.91,-1.15
XAUUSD_V3_247,XAUUSD,Cypher,SHORT,2014-03-04 19:30:00,1335.56,2014-03-04 23:00:00,1335.56,TP1_BE,0.45,35.63,11.25,2.25,22.13,0.08
XAUUSD_V3_248,XAUUSD,Cypher,SHORT,2014-03-04 20:00:00,1337.12,2014-03-05 04:00:00,1337.12,TP1_BE,0.6,94.31,15.0,3.0,76.31,0.27
XAUUSD_V3_249,XAUUSD,Cypher,SHORT,2014-04-07 14:30:00,1299.28,2014-04-07 14:45:00,1299.28,TP1_BE,0.75,3.53,18.75,3.75,-18.97,-0.07
XAUUSD_V3_250,XAUUSD,Cypher,SHORT,2014-04-07 15:00:00,1299.35,2014-04-07 15:30:00,1299.35,TP1_BE,0.77,0.93,19.25,3.85,-22.17,-0.08
XAUUSD_V3_251,XAUUSD,Cypher,SHORT,2014-04-07 15:45:00,1299.09,2014-04-07 16:00:00,1299.09,TP1_BE,0.72,10.23,18.0,3.6,-11.37,-0.04
XAUUSD_V3_252,XAUUSD,Cypher,LONG,2014-04-10 16:45:00,1319.57,2014-04-10 17:00:00,1319.57,TP1_BE,0.39,32.08,9.75,1.95,20.38,0.07
XAUUSD_V3_253,XAUUSD,Cypher,LONG,2014-04-10 17:15:00,1320.13,2014-04-10 18:30:00,1320.13,TP1_BE,0.36,19.53,9.0,1.8,8.73,0.03
XAUUSD_V3_254,XAUUSD,Cypher,LONG,2014-04-10 18:00:00,1320.09,2014-04-10 18:30:00,1320.09,TP1_BE,0.36,20.25,9.0,1.8,9.45,0.03
XAUUSD_V3_255,XAUUSD,Cypher,SHORT,2014-05-01 16:30:00,1278.79,2014-05-01 16:45:00,1278.79,TP1_BE,0.18,29.63,4.5,0.9,24.23,0.08
XAUUSD_V3_256,XAUUSD,Cypher,SHORT,2014-05-01 17:00:00,1279.52,2014-05-01 17:15:00,1279.52,TP1_BE,0.19,24.34,4.75,0.95,18.64,0.06
XAUUSD_V3_257,XAUUSD,Cypher,SHORT,2014-05-01 17:45:00,1280.05,2014-05-01 18:00:00,1280.05,TP1_BE,0.2,20.32,5.0,1.0,14.32,0.05
XAUUSD_V3_258,XAUUSD,Cypher,LONG,2014-05-05 19:45:00,1309.13,2014-05-06 12:30:00,1309.13,TP1_BE,0.66,118.95,16.5,3.3,99.15,0.34
XAUUSD_V3_259,XAUUSD,Cypher,SHORT,2014-05-20 14:30:00,1290.7,2014-05-20 14:45:00,1290.7,TP1_BE,0.61,7.62,15.25,3.05,-10.68,-0.04
XAUUSD_V3_260,XAUUSD,Cypher,SHORT,2014-05-20 15:00:00,1290.59,2014-05-20 15:15:00,1290.59,TP1_BE,0.59,4.13,14.75,2.95,-13.57,-0.05
XAUUSD_V3_261,XAUUSD,Cypher,SHORT,2014-05-20 15:45:00,1287.65,2014-05-20 16:00:00,1287.65,TP1_BE,0.37,51.8,9.25,1.85,40.7,0.14
XAUUSD_V3_262,XAUUSD,Cypher,LONG,2014-07-04 18:00:00,1320.08,2014-07-07 01:15:00,1318.1670900000001,SL,1.52,-290.76,38.0,7.6,-351.56,-1.21
XAUUSD_V3_263,XAUUSD,Cypher,LONG,2014-07-04 18:30:00,1320.13,2014-07-07 01:15:00,1318.1670900000001,SL,1.48,-290.51,37.0,7.4,-349.71,-1.23
XAUUSD_V3_264,XAUUSD,Cypher,LONG,2014-07-25 19:30:00,1297.61,2014-07-25 20:00:00,1299.73998,TP1_TP2,0.46,107.04,11.5,2.3,93.24,0.34
XAUUSD_V3_265,XAUUSD,Cypher,SHORT,2014-07-29 16:45:00,1303.51,2014-07-29 17:00:00,1302.79068,TP1_TP2,0.32,85.33,8.0,1.6,75.73,0.27
XAUUSD_V3_266,XAUUSD,Cypher,SHORT,2014-07-29 17:15:00,1299.71,2014-07-29 17:30:00,1299.71,TP1_BE,0.22,92.55,5.5,1.1,85.95,0.31
XAUUSD_V3_267,XAUUSD,Cypher,SHORT,2014-07-29 18:00:00,1298.19,2014-07-29 18:15:00,1298.19,TP1_BE,0.2,99.34,5.0,1.0,93.34,0.33
XAUUSD_V3_268,XAUUSD,Cypher,LONG,2014-08-13 19:45:00,1310.76,2014-08-13 23:15:00,1310.76,TP1_BE,0.52,41.52,13.0,2.6,25.92,0.09
XAUUSD_V3_269,XAUUSD,Gartley,SHORT,2014-09-22 13:45:00,1213.63,2014-09-22 19:00:00,1219.7475250000002,SL,0.46,-281.41,11.5,2.3,-299.81,-1.05
XAUUSD_V3_270,XAUUSD,Cypher,SHORT,2014-09-24 18:30:00,1216.09,2014-09-24 18:45:00,1216.09,TP1_BE,0.25,38.36,6.25,1.25,30.86,0.11
XAUUSD_V3_271,XAUUSD,Cypher,SHORT,2014-09-24 19:00:00,1217.33,2014-09-24 19:15:00,1217.33,TP1_BE,0.28,25.61,7.0,1.4,17.21,0.06
XAUUSD_V3_272,XAUUSD,Cypher,SHORT,2014-09-24 19:45:00,1217.34,2014-09-24 20:00:00,1217.34,TP1_BE,0.29,26.38,7.25,1.45,17.68,0.06
XAUUSD_V3_273,XAUUSD,Cypher,LONG,2014-10-10 17:45:00,1221.35,2014-10-10 19:30:00,1221.35,TP1_BE,0.53,29.68,13.25,2.65,13.78,0.05
XAUUSD_V3_274,XAUUSD,Cypher,LONG,2014-10-10 18:15:00,1220.54,2014-10-13 01:15:00,1228.7968799999996,TP1_TP2,0.63,320.89,15.75,3.15,301.99,1.08
XAUUSD_V3_275,XAUUSD,Cypher,SHORT,2014-10-31 20:00:00,1171.91,2014-11-03 09:15:00,1171.91,TP1_BE,0.33,90.89,8.25,1.65,80.99,0.28
XAUUSD_V3_276,XAUUSD,Cypher,SHORT,2014-11-06 14:30:00,1145.05,2014-11-06 15:00:00,1145.05,TP1_BE,1.05,55.61,26.25,5.25,24.11,0.08
XAUUSD_V3_277,XAUUSD,Cypher,SHORT,2014-11-06 15:00:00,1144.46,2014-11-06 15:15:00,1147.7868850000002,SL,0.86,-286.11,21.5,4.3,-320.51,-1.11
XAUUSD_V3_278,XAUUSD,Cypher,LONG,2014-11-12 13:15:00,1163.92,2014-11-12 16:15:00,1163.92,TP1_BE,0.66,74.18,16.5,3.3,54.38,0.19
XAUUSD_V3_279,XAUUSD,Cypher,LONG,2014-11-12 14:00:00,1163.21,2014-11-12 18:30:00,1163.21,TP1_BE,0.8,118.32,20.0,4.0,94.32,0.33
XAUUSD_V3_280,XAUUSD,Cypher,LONG,2014-11-13 18:30:00,1163.33,2014-11-13 19:45:00,1163.33,TP1_BE,0.51,22.62,12.75,2.55,7.32,0.03
XAUUSD_V3_281,XAUUSD,Cypher,LONG,2014-11-13 18:00:00,1161.86,2014-11-13 20:15:00,1161.86,TP1_BE,0.7,82.5,17.5,3.5,61.5,0.22
XAUUSD_V3_282,XAUUSD,Cypher,LONG,2014-11-19 15:15:00,1196.53,2014-11-19 15:45:00,1196.53,TP1_BE,0.39,42.82,9.75,1.95,31.12,0.11
XAUUSD_V3_283,XAUUSD,Cypher,LONG,2014-11-19 15:45:00,1197.61,2014-11-19 17:30:00,1189.23047,SL,0.34,-284.9,8.5,1.7,-298.5,-1.04
XAUUSD_V3_284,XAUUSD,Cypher,LONG,2014-11-19 16:30:00,1195.67,2014-11-19 17:30:00,1189.23047,SL,0.45,-289.78,11.25,2.25,-307.78,-1.1
XAUUSD_V3_285,XAUUSD,Gartley,SHORT,2014-11-27 13:30:00,1195.92,2014-11-27 15:30:00,1195.92,TP1_BE,0.81,77.69,20.25,4.05,53.39,0.19
XAUUSD_V3_286,XAUUSD,Cypher,LONG,2014-11-27 16:15:00,1196.07,2014-11-27 16:30:00,1196.07,TP1_BE,0.74,9.71,18.5,3.7,-12.49,-0.05
XAUUSD_V3_287,XAUUSD,Cypher,LONG,2014-11-27 16:45:00,1195.79,2014-11-27 17:00:00,1195.79,TP1_BE,0.8,0.7,20.0,4.0,-23.3,-0.08
XAUUSD_V3_288,XAUUSD,Cypher,SHORT,2014-12-19 16:45:00,1197.46,2014-12-19 17:00:00,1197.46,TP1_BE,0.48,17.93,12.0,2.4,3.53,0.01
XAUUSD_V3_289,XAUUSD,Cypher,SHORT,2014-12-19 17:15:00,1195.77,2014-12-19 17:30:00,1195.77,TP1_BE,0.37,17.44,9.25,1.85,6.34,0.02
XAUUSD_V3_290,XAUUSD,Cypher,SHORT,2014-12-19 18:00:00,1198.26,2014-12-22 04:30:00,1198.26,TP1_BE,0.56,43.32,14.0,2.8,26.52,0.1
XAUUSD_V3_291,XAUUSD,Cypher,LONG,2014-12-19 18:30:00,1197.2,2014-12-22 06:00:00,1197.2,TP1_BE,0.59,33.82,14.75,2.95,16.12,0.06
XAUUSD_V3_292,XAUUSD,Cypher,SHORT,2014-12-23 16:15:00,1176.24,2014-12-23 16:30:00,1176.24,TP1_BE,0.38,38.92,9.5,1.9,27.52,0.1
XAUUSD_V3_293,XAUUSD,Cypher,SHORT,2014-12-23 16:45:00,1176.5,2014-12-23 17:00:00,1176.5,TP1_BE,0.4,35.77,10.0,2.0,23.77,0.09
XAUUSD_V3_294,XAUUSD,Cypher,SHORT,2014-12-23 17:30:00,1179.07,2014-12-23 17:45:00,1179.07,TP1_BE,0.63,24.62,15.75,3.15,5.72,0.02
XAUUSD_V3_295,XAUUSD,Cypher,SHORT,2014-12-29 16:30:00,1193.15,2014-12-29 16:45:00,1189.8904799999998,TP1_TP2,0.64,116.88,16.0,3.2,97.68,0.35
XAUUSD_V3_296,XAUUSD,Cypher,SHORT,2014-12-29 17:00:00,1187.64,2014-12-29 17:15:00,1189.8904799999998,TP1_TP2,0.28,114.15,7.0,1.4,105.75,0.38
XAUUSD_V3_297,XAUUSD,Cypher,SHORT,2014-12-29 17:45:00,1182.7,2014-12-29 18:00:00,1189.8904799999998,TP1_TP2,0.19,171.32,4.75,0.95,165.62,0.59
XAUUSD_V3_298,XAUUSD,Cypher,SHORT,2015-02-05 19:45:00,1262.04,2015-02-05 22:45:00,1266.907455,SL,0.58,-282.31,14.5,2.9,-305.51,-1.07
XAUUSD_V3_299,XAUUSD,Cypher,SHORT,2015-02-27 16:00:00,1208.6,2015-02-27 16:15:00,1213.58932,SL,0.56,-279.4,14.0,2.8,-301.8,-1.08
XAUUSD_V3_300,XAUUSD,Cypher,SHORT,2015-03-27 17:30:00,1197.94,2015-03-27 22:00:00,1197.94,TP1_BE,0.33,31.15,8.25,1.65,21.25,0.08
XAUUSD_V3_301,XAUUSD,Cypher,SHORT,2015-03-27 18:00:00,1199.37,2015-03-30 14:00:00,1185.1822400000003,TP1_TP2,0.4,350.11,10.0,2.0,338.11,1.24
XAUUSD_V3_302,XAUUSD,Gartley,SHORT,2015-04-07 17:00:00,1210.79,2015-04-08 04:15:00,1210.79,TP1_BE,0.57,26.53,14.25,2.85,9.43,0.03
XAUUSD_V3_303,XAUUSD,Cypher,LONG,2015-04-08 13:15:00,1210.77,2015-04-08 13:30:00,1210.77,TP1_BE,0.73,2.23,18.25,3.65,-19.67,-0.07
XAUUSD_V3_304,XAUUSD,Cypher,LONG,2015-04-08 13:45:00,1210.75,2015-04-08 14:00:00,1210.75,TP1_BE,0.73,2.96,18.25,3.65,-18.94,-0.07
XAUUSD_V3_305,XAUUSD,Cypher,LONG,2015-04-08 14:30:00,1209.26,2015-04-08 14:30:00,1206.926765,SL,1.2,-279.99,30.0,6.0,-327.99,-1.18
XAUUSD_V3_306,XAUUSD,Cypher,LONG,2015-05-05 13:15:00,1187.41,2015-05-05 14:15:00,1192.9102,TP1_TP2,1.1,380.66,27.5,5.5,347.66,1.28
XAUUSD_V3_307,XAUUSD,Cypher,LONG,2015-05-05 13:30:00,1186.67,2015-05-05 14:15:00,1192.9102,TP1_TP2,1.56,655.29,39.0,7.8,608.49,2.18
XAUUSD_V3_308,XAUUSD,Cypher,LONG,2015-05-20 19:45:00,1208.76,2015-05-21 03:30:00,1208.76,TP1_BE,0.97,106.04,24.25,4.85,76.94,0.26
XAUUSD_V3_309,XAUUSD,Cypher,SHORT,2015-05-27 18:30:00,1186.79,2015-05-28 11:00:00,1190.9792149999998,SL,0.7,-293.25,17.5,3.5,-321.25,-1.1
XAUUSD_V3_310,XAUUSD,Cypher,SHORT,2015-05-27 19:00:00,1187.03,2015-05-28 11:00:00,1190.9792149999998,SL,0.74,-292.24,18.5,3.7,-321.84,-1.12
XAUUSD_V3_311,XAUUSD,Cypher,SHORT,2015-06-17 16:45:00,1179.21,2015-06-17 17:30:00,1176.5845600000002,TP1_TP2,1.61,258.74,40.25,8.05,210.44,0.75
XAUUSD_V3_312,XAUUSD,Cypher,SHORT,2015-06-17 17:15:00,1178.54,2015-06-17 17:30:00,1178.54,TP1_BE,1.16,4.72,29.0,5.8,-30.08,-0.11
XAUUSD_V3_313,XAUUSD,Cypher,SHORT,2015-06-17 18:00:00,1175.52,2015-06-17 18:15:00,1175.52,TP1_BE,0.52,80.63,13.0,2.6,65.03,0.23
XAUUSD_V3_314,XAUUSD,Cypher,SHORT,2015-07-01 13:15:00,1172.12,2015-07-01 13:30:00,1172.12,TP1_BE,0.86,65.64,21.5,4.3,39.84,0.14
XAUUSD_V3_315,XAUUSD,Cypher,SHORT,2015-07-03 17:30:00,1167.27,2015-07-03 17:45:00,1167.27,TP1_BE,0.82,48.53,20.5,4.1,23.93,0.08
XAUUSD_V3_316,XAUUSD,Cypher,SHORT,2015-07-03 17:00:00,1168.29,2015-07-03 18:15:00,1168.29,TP1_BE,1.16,9.49,29.0,5.8,-25.31,-0.09
XAUUSD_V3_317,XAUUSD,Cypher,SHORT,2015-07-03 18:15:00,1167.06,2015-07-03 18:30:00,1167.06,TP1_BE,0.77,53.66,19.25,3.85,30.56,0.11
XAUUSD_V3_318,XAUUSD,Cypher,SHORT,2015-07-07 14:00:00,1165.55,2015-07-07 14:15:00,1165.55,TP1_BE,0.78,45.58,19.5,3.9,22.18,0.08
XAUUSD_V3_319,XAUUSD,Cypher,SHORT,2015-07-07 14:30:00,1165.96,2015-07-07 15:00:00,1165.96,TP1_BE,0.88,33.38,22.0,4.4,6.98,0.02
XAUUSD_V3_320,XAUUSD,Cypher,SHORT,2015-07-07 15:15:00,1165.5,2015-07-07 15:30:00,1165.5,TP1_BE,0.77,46.92,19.25,3.85,23.82,0.08
XAUUSD_V3_321,XAUUSD,Cypher,LONG,2015-08-25 15:45:00,1151.51,2015-08-25 16:00:00,1151.51,TP1_BE,0.48,54.34,12.0,2.4,39.94,0.14
XAUUSD_V3_322,XAUUSD,Cypher,SHORT,2015-08-27 19:15:00,1123.14,2015-08-27 21:00:00,1123.14,TP1_BE,0.33,21.7,8.25,1.65,11.8,0.04
XAUUSD_V3_323,XAUUSD,Cypher,SHORT,2015-08-27 19:45:00,1124.49,2015-08-27 22:45:00,1124.49,TP1_BE,0.38,50.64,9.5,1.9,39.24,0.14
XAUUSD_V3_324,XAUUSD,Cypher,LONG,2015-09-01 13:45:00,1142.94,2015-09-01 14:00:00,1142.94,TP1_BE,0.75,4.05,18.75,3.75,-18.45,-0.06
XAUUSD_V3_325,XAUUSD,Cypher,SHORT,2015-09-02 18:15:00,1134.28,2015-09-02 18:30:00,1133.2323600000002,TP1_TP2,0.3,71.27,7.5,1.5,62.27,0.22
XAUUSD_V3_326,XAUUSD,Cypher,SHORT,2015-09-02 19:00:00,1134.55,2015-09-02 19:15:00,1134.55,TP1_BE,0.31,53.22,7.75,1.55,43.92,0.15
XAUUSD_V3_327,XAUUSD,Cypher,SHORT,2015-09-14 13:30:00,1106.56,2015-09-14 13:45:00,1106.56,TP1_BE,0.88,43.89,22.0,4.4,17.49,0.06
XAUUSD_V3_328,XAUUSD,Cypher,SHORT,2015-09-14 14:00:00,1106.57,2015-09-14 14:30:00,1104.4305000000002,TP1_TP2,0.88,137.59,22.0,4.4,111.19,0.38
XAUUSD_V3_329,XAUUSD,Cypher,SHORT,2015-09-14 14:45:00,1103.89,2015-09-14 15:00:00,1103.89,TP1_BE,0.49,89.85,12.25,2.45,75.15,0.26
XAUUSD_V3_330,XAUUSD,Cypher,SHORT,2015-09-17 17:45:00,1118.16,2015-09-17 19:30:00,1118.16,TP1_BE,0.92,56.86,23.0,4.6,29.26,0.1
XAUUSD_V3_331,XAUUSD,Cypher,SHORT,2015-09-17 18:15:00,1118.21,2015-09-17 20:15:00,1118.21,TP1_BE,0.93,59.81,23.25,4.65,31.91,0.11
XAUUSD_V3_332,XAUUSD,Cypher,SHORT,2015-09-28 18:45:00,1134.25,2015-09-29 11:15:00,1127.13,TIMEOUT,0.44,313.28,11.0,2.2,300.08,1.01
XAUUSD_V3_333,XAUUSD,Cypher,SHORT,2015-09-28 19:15:00,1134.32,2015-09-29 11:15:00,1127.13,TIMEOUT,0.45,323.55,11.25,2.25,310.05,1.03
XAUUSD_V3_334,XAUUSD,Cypher,SHORT,2015-11-04 16:00:00,1119.28,2015-11-04 17:45:00,1112.1321199999998,TP1_TP2,0.65,284.28,16.25,3.25,264.78,0.86
XAUUSD_V3_335,XAUUSD,Cypher,SHORT,2015-11-04 16:30:00,1117.91,2015-11-04 17:45:00,1112.1321199999998,TP1_TP2,0.51,153.18,12.75,2.55,137.88,0.44
XAUUSD_V3_336,XAUUSD,Cypher,LONG,2015-11-24 15:30:00,1078.28,2015-11-24 15:45:00,1078.28,TP1_BE,0.47,80.17,11.75,2.35,66.07,0.21
XAUUSD_V3_337,XAUUSD,Cypher,LONG,2015-11-24 16:00:00,1077.21,2015-11-24 16:15:00,1077.21,TP1_BE,0.56,65.56,14.0,2.8,48.76,0.15
XAUUSD_V3_338,XAUUSD,Cypher,SHORT,2015-12-11 16:30:00,1064.83,2015-12-11 16:45:00,1064.83,TP1_BE,0.4,5.38,10.0,2.0,-6.62,-0.02
XAUUSD_V3_339,XAUUSD,Cypher,LONG,2016-01-04 14:45:00,1072.01,2016-01-04 15:45:00,1079.26372,TP1_TP2,0.86,353.18,21.5,4.3,327.38,1.03
XAUUSD_V3_340,XAUUSD,Cypher,LONG,2016-01-04 15:15:00,1071.17,2016-01-04 15:45:00,1079.26372,TP1_TP2,1.11,549.09,27.75,5.55,515.79,1.59
XAUUSD_V3_341,XAUUSD,Cypher,LONG,2016-01-04 16:00:00,1078.48,2016-01-04 16:15:00,1078.48,TP1_BE,0.33,90.48,8.25,1.65,80.58,0.24
XAUUSD_V3_342,XAUUSD,Cypher,LONG,2016-01-04 16:00:00,1078.48,2016-01-04 16:15:00,1078.48,TP1_BE,0.33,90.92,8.25,1.65,81.02,0.24
XAUUSD_V3_343,XAUUSD,Cypher,LONG,2016-01-06 16:45:00,1090.38,2016-01-06 17:00:00,1090.38,TP1_BE,0.28,54.88,7.0,1.4,46.48,0.14
XAUUSD_V3_344,XAUUSD,Cypher,LONG,2016-01-06 16:15:00,1086.99,2016-01-06 17:30:00,1086.99,TP1_BE,0.39,10.33,9.75,1.95,-1.37,-0.0
XAUUSD_V3_345,XAUUSD,Cypher,LONG,2016-01-06 17:30:00,1088.01,2016-01-06 17:45:00,1088.01,TP1_BE,0.35,27.12,8.75,1.75,16.62,0.05
XAUUSD_V3_346,XAUUSD,Cypher,LONG,2016-01-07 18:30:00,1106.09,2016-01-07 18:45:00,1106.09,TP1_BE,0.32,28.63,8.0,1.6,19.03,0.06
XAUUSD_V3_347,XAUUSD,Cypher,LONG,2016-01-07 19:45:00,1107.9,2016-01-07 20:00:00,1107.9,TP1_BE,0.27,48.59,6.75,1.35,40.49,0.12
XAUUSD_V3_348,XAUUSD,Cypher,LONG,2016-01-07 19:00:00,1105.69,2016-01-08 02:00:00,1110.72544,TP1_TP2,0.33,106.01,8.25,1.65,96.11,0.28
XAUUSD_V3_349,XAUUSD,Cypher,SHORT,2016-01-12 19:00:00,1086.16,2016-01-12 19:15:00,1086.16,TP1_BE,0.56,11.75,14.0,2.8,-5.05,-0.01
XAUUSD_V3_350,XAUUSD,Cypher,SHORT,2016-01-12 19:30:00,1086.4,2016-01-12 20:00:00,1086.4,TP1_BE,0.58,19.13,14.5,2.9,1.73,0.01
XAUUSD_V3_351,XAUUSD,Crab,LONG,2016-01-14 15:45:00,1085.74,2016-01-14 19:00:00,1081.1163800000002,SL,0.74,-342.15,18.5,3.7,-371.75,-1.08
XAUUSD_V3_352,XAUUSD,Cypher,LONG,2016-02-15 15:30:00,1211.77,2016-02-15 15:45:00,1211.77,TP1_BE,0.66,64.89,16.5,3.3,45.09,0.13
XAUUSD_V3_353,XAUUSD,Cypher,LONG,2016-02-15 16:00:00,1211.11,2016-02-15 16:15:00,1211.11,TP1_BE,0.76,49.64,19.0,3.8,26.84,0.08
XAUUSD_V3_354,XAUUSD,Cypher,LONG,2016-02-15 16:45:00,1209.95,2016-02-15 17:00:00,1209.95,TP1_BE,1.04,7.61,26.0,5.2,-23.59,-0.07
XAUUSD_V3_355,XAUUSD,Cypher,LONG,2016-02-17 13:45:00,1202.54,2016-02-17 21:15:00,1202.54,TP1_BE,0.45,112.61,11.25,2.25,99.11,0.29
XAUUSD_V3_356,XAUUSD,Cypher,LONG,2016-03-03 16:45:00,1246.2,2016-03-03 17:00:00,1246.2,TP1_BE,0.38,50.09,9.5,1.9,38.69,0.11
XAUUSD_V3_357,XAUUSD,Cypher,LONG,2016-03-03 17:15:00,1251.73,2016-03-03 17:30:00,1249.5409200000001,TP1_TP2,0.23,119.09,5.75,1.15,112.19,0.33
XAUUSD_V3_358,XAUUSD,Cypher,LONG,2016-03-03 18:00:00,1253.83,2016-03-03 18:15:00,1249.5409200000001,TP1_TP2,0.21,152.83,5.25,1.05,146.53,0.43
XAUUSD_V3_359,XAUUSD,Cypher,SHORT,2016-03-11 18:30:00,1258.76,2016-03-11 18:45:00,1258.76,TP1_BE,0.24,75.14,6.0,1.2,67.94,0.2
XAUUSD_V3_360,XAUUSD,Gartley,SHORT,2016-03-16 15:15:00,1229.64,2016-03-16 15:30:00,1228.33784,TP1_TP2,0.53,78.51,13.25,2.65,62.61,0.18
XAUUSD_V3_361,XAUUSD,Gartley,SHORT,2016-03-16 15:45:00,1228.92,2016-03-16 16:00:00,1228.92,TP1_BE,0.48,57.13,12.0,2.4,42.73,0.12
XAUUSD_V3_362,XAUUSD,Gartley,SHORT,2016-03-16 16:30:00,1232.41,2016-03-16 17:00:00,1228.33784,TP1_TP2,0.92,238.36,23.0,4.6,210.76,0.61
XAUUSD_V3_363,XAUUSD,Cypher,LONG,2016-03-22 18:15:00,1251.7,2016-03-22 18:30:00,1246.3320700000002,SL,0.66,-354.28,16.5,3.3,-380.68,-1.08
XAUUSD_V3_364,XAUUSD,Cypher,SHORT,2016-03-30 18:00:00,1233.44,2016-03-30 18:30:00,1225.95772,TP1_TP2,0.62,247.17,15.5,3.1,228.57,0.66
XAUUSD_V3_365,XAUUSD,Cypher,SHORT,2016-03-30 18:30:00,1227.17,2016-03-30 18:45:00,1225.95772,TP1_TP2,0.29,101.38,7.25,1.45,92.68,0.27
XAUUSD_V3_366,XAUUSD,Cypher,SHORT,2016-03-30 19:15:00,1227.38,2016-03-30 19:30:00,1227.38,TP1_BE,0.3,83.54,7.5,1.5,74.54,0.21
XAUUSD_V3_367,XAUUSD,Cypher,LONG,2016-04-18 18:30:00,1234.76,2016-04-19 02:30:00,1228.246785,SL,0.54,-351.71,13.5,2.7,-373.31,-1.06
XAUUSD_V3_368,XAUUSD,Cypher,LONG,2016-04-22 15:30:00,1246.66,2016-04-22 15:30:00,1243.9997549999998,SL,1.3,-345.83,32.5,6.5,-397.83,-1.15
XAUUSD_V3_369,XAUUSD,Cypher,LONG,2016-04-29 16:15:00,1279.58,2016-04-29 17:30:00,1287.2088400000002,TP1_TP2,0.37,173.32,9.25,1.85,162.22,0.48
XAUUSD_V3_370,XAUUSD,Cypher,LONG,2016-04-29 16:45:00,1282.98,2016-04-29 17:30:00,1287.2088400000002,TP1_TP2,0.27,126.48,6.75,1.35,118.38,0.35
XAUUSD_V3_371,XAUUSD,Cypher,LONG,2016-05-06 16:15:00,1289.89,2016-05-06 16:30:00,1289.89,TP1_BE,0.22,109.99,5.5,1.1,103.39,0.3
XAUUSD_V3_372,XAUUSD,Cypher,LONG,2016-05-06 16:45:00,1286.15,2016-05-06 17:00:00,1286.15,TP1_BE,0.3,93.89,7.5,1.5,84.89,0.25
XAUUSD_V3_373,XAUUSD,Cypher,LONG,2016-05-06 17:30:00,1288.75,2016-05-06 17:45:00,1284.4546,TP1_TP2,0.24,157.86,6.0,1.2,150.66,0.43
XAUUSD_V3_374,XAUUSD,Gartley,LONG,2016-05-11 19:15:00,1273.14,2016-05-12 05:30:00,1273.14,TP1_BE,0.81,130.31,20.25,4.05,106.01,0.3
XAUUSD_V3_375,XAUUSD,Cypher,LONG,2016-06-27 13:30:00,1325.84,2016-06-27 14:45:00,1332.54438,TP1_TP2,1.1,445.0,27.5,5.5,412.0,1.17
XAUUSD_V3_376,XAUUSD,Cypher,LONG,2016-06-30 18:15:00,1320.85,2016-06-30 18:30:00,1320.85,TP1_BE,0.42,26.09,10.5,2.1,13.49,0.04
XAUUSD_V3_377,XAUUSD,Cypher,LONG,2016-06-30 18:45:00,1319.66,2016-06-30 19:00:00,1319.66,TP1_BE,0.49,1.28,12.25,2.45,-13.42,-0.04
XAUUSD_V3_378,XAUUSD,Cypher,LONG,2016-06-30 19:30:00,1317.73,2016-07-01 04:15:00,1327.565,TP1_TP2,0.66,386.52,16.5,3.3,366.72,1.02
XAUUSD_V3_379,XAUUSD,Cypher,LONG,2016-07-04 17:15:00,1351.16,2016-07-04 17:30:00,1351.16,TP1_BE,1.01,12.36,25.25,5.05,-17.94,-0.05
XAUUSD_V3_380,XAUUSD,Cypher,LONG,2016-07-04 18:30:00,1351.19,2016-07-05 04:00:00,1351.19,TP1_BE,0.78,26.43,19.5,3.9,3.03,0.01
XAUUSD_V3_381,XAUUSD,Cypher,LONG,2016-07-04 19:00:00,1350.77,2016-07-05 04:00:00,1350.77,TP1_BE,0.86,47.2,21.5,4.3,21.4,0.06
XAUUSD_V3_382,XAUUSD,Cypher,SHORT,2016-07-14 19:30:00,1330.29,2016-07-15 01:15:00,1335.77252,SL,0.67,-367.33,16.75,3.35,-394.13,-1.07
XAUUSD_V3_383,XAUUSD,Cypher,SHORT,2016-07-19 18:15:00,1330.54,2016-07-19 18:30:00,1330.54,TP1_BE,0.78,56.13,19.5,3.9,32.73,0.09
XAUUSD_V3_384,XAUUSD,Cypher,SHORT,2016-07-19 18:45:00,1331.42,2016-07-19 19:00:00,1331.42,TP1_BE,0.97,27.12,24.25,4.85,-1.98,-0.01
XAUUSD_V3_385,XAUUSD,Cypher,SHORT,2016-07-19 19:30:00,1332.37,2016-07-19 20:30:00,1332.37,TP1_BE,1.3,25.4,32.5,6.5,-13.6,-0.04
XAUUSD_V3_386,XAUUSD,Cypher,SHORT,2016-07-22 15:30:00,1322.66,2016-07-22 15:45:00,1322.66,TP1_BE,0.56,22.26,14.0,2.8,5.46,0.02
XAUUSD_V3_387,XAUUSD,Cypher,SHORT,2016-07-22 16:00:00,1324.3,2016-07-22 16:30:00,1324.3,TP1_BE,0.76,32.11,19.0,3.8,9.31,0.03
XAUUSD_V3_388,XAUUSD,Cypher,SHORT,2016-07-22 16:45:00,1323.61,2016-07-22 17:00:00,1323.61,TP1_BE,0.66,5.12,16.5,3.3,-14.68,-0.04
XAUUSD_V3_389,XAUUSD,Cypher,SHORT,2016-07-25 16:45:00,1313.19,2016-07-25 17:00:00,1313.19,TP1_BE,0.56,67.66,14.0,2.8,50.86,0.14
XAUUSD_V3_390,XAUUSD,Cypher,SHORT,2016-07-25 16:15:00,1315.43,2016-07-25 18:00:00,1315.43,TP1_BE,0.85,7.49,21.25,4.25,-18.01,-0.05
XAUUSD_V3_391,XAUUSD,Cypher,LONG,2016-08-03 13:30:00,1363.58,2016-08-03 14:00:00,1363.58,TP1_BE,1.63,75.16,40.75,8.15,26.26,0.07
XAUUSD_V3_392,XAUUSD,Cypher,LONG,2016-08-03 14:00:00,1364.0,2016-08-03 14:45:00,1364.0,TP1_BE,1.37,34.4,34.25,6.85,-6.7,-0.02
XAUUSD_V3_393,XAUUSD,Cypher,LONG,2016-08-03 14:45:00,1364.07,2016-08-03 15:15:00,1364.07,TP1_BE,1.34,28.96,33.5,6.7,-11.24,-0.03
XAUUSD_V3_394,XAUUSD,Cypher,LONG,2016-08-18 18:30:00,1350.15,2016-08-18 18:45:00,1350.15,TP1_BE,0.68,20.0,17.0,3.4,-0.4,-0.0
XAUUSD_V3_395,XAUUSD,Cypher,LONG,2016-08-18 19:00:00,1350.5,2016-08-18 19:15:00,1350.5,TP1_BE,0.64,7.62,16.0,3.2,-11.58,-0.03
XAUUSD_V3_396,XAUUSD,Cypher,LONG,2016-08-18 19:45:00,1349.65,2016-08-19 02:45:00,1349.65,TP1_BE,0.75,40.8,18.75,3.75,18.3,0.05
XAUUSD_V3_397,XAUUSD,Cypher,SHORT,2016-08-24 16:30:00,1329.61,2016-08-24 16:45:00,1333.43644,TP1_TP2,0.34,198.85,8.5,1.7,188.65,0.52
XAUUSD_V3_398,XAUUSD,Cypher,SHORT,2016-08-24 17:00:00,1328.79,2016-08-24 17:15:00,1333.43644,TP1_TP2,0.32,213.39,8.0,1.6,203.79,0.56
XAUUSD_V3_399,XAUUSD,Cypher,SHORT,2016-08-24 17:45:00,1326.55,2016-08-24 18:00:00,1326.55,TP1_BE,0.27,147.56,6.75,1.35,139.46,0.38
XAUUSD_V3_400,XAUUSD,Cypher,SHORT,2016-09-01 17:00:00,1308.35,2016-09-01 17:00:00,1312.025195,SL,1.01,-371.19,25.25,5.05,-411.59,-1.11
XAUUSD_V3_401,XAUUSD,Cypher,SHORT,2016-09-19 17:15:00,1314.53,2016-09-19 20:00:00,1314.53,TP1_BE,0.85,31.77,21.25,4.25,6.27,0.02
XAUUSD_V3_402,XAUUSD,Cypher,SHORT,2016-09-19 17:45:00,1314.46,2016-09-19 20:00:00,1314.46,TP1_BE,0.84,28.46,21.0,4.2,3.26,0.01
XAUUSD_V3_403,XAUUSD,Cypher,SHORT,2016-10-06 15:00:00,1264.03,2016-10-06 15:15:00,1264.03,TP1_BE,0.62,48.83,15.5,3.1,30.23,0.08
XAUUSD_V3_404,XAUUSD,Cypher,SHORT,2016-10-06 15:30:00,1263.44,2016-10-06 15:45:00,1260.24124,TP1_TP2,0.57,152.87,14.25,2.85,135.77,0.37
XAUUSD_V3_405,XAUUSD,Cypher,SHORT,2016-10-06 16:15:00,1256.26,2016-10-06 16:30:00,1260.24124,TP1_TP2,0.27,179.91,6.75,1.35,171.81,0.47
XAUUSD_V3_406,XAUUSD,Cypher,SHORT,2016-10-13 15:00:00,1258.35,2016-10-13 15:15:00,1258.35,TP1_BE,1.03,15.38,25.75,5.15,-15.52,-0.04
XAUUSD_V3_407,XAUUSD,Cypher,SHORT,2016-10-13 15:30:00,1256.62,2016-10-13 15:45:00,1256.62,TP1_BE,0.7,50.1,17.5,3.5,29.1,0.08
XAUUSD_V3_408,XAUUSD,Cypher,SHORT,2016-10-13 16:15:00,1257.97,2016-10-13 16:30:00,1257.97,TP1_BE,0.93,3.78,23.25,4.65,-24.12,-0.07
XAUUSD_V3_409,XAUUSD,Cypher,SHORT,2016-10-21 13:15:00,1263.98,2016-10-21 16:00:00,1267.3669549999997,SL,1.09,-369.18,27.25,5.45,-412.78,-1.12
XAUUSD_V3_410,XAUUSD,Cypher,LONG,2016-10-21 18:30:00,1266.24,2016-10-21 20:45:00,1266.24,TP1_BE,1.23,29.46,30.75,6.15,-7.44,-0.02
XAUUSD_V3_411,XAUUSD,Cypher,SHORT,2016-11-11 16:30:00,1254.8,2016-11-11 16:45:00,1243.0406400000002,TP1_TP2,0.34,229.35,8.5,1.7,219.15,0.61
XAUUSD_V3_412,XAUUSD,Cypher,SHORT,2016-11-11 17:00:00,1235.71,2016-11-11 17:15:00,1235.71,TP1_BE,0.12,124.93,3.0,0.6,121.33,0.33
XAUUSD_V3_413,XAUUSD,Cypher,SHORT,2016-11-11 17:45:00,1234.3,2016-11-11 18:00:00,1234.3,TP1_BE,0.12,133.39,3.0,0.6,129.79,0.35
XAUUSD_V3_414,XAUUSD,Cypher,SHORT,2016-12-20 19:45:00,1131.54,2016-12-21 03:45:00,1134.805125,SL,1.14,-372.22,28.5,5.7,-417.82,-1.13
XAUUSD_V3_415,XAUUSD,Cypher,LONG,2017-01-04 17:30:00,1165.1,2017-01-04 17:45:00,1165.1,TP1_BE,0.64,16.43,16.0,3.2,-2.77,-0.01
XAUUSD_V3_416,XAUUSD,Cypher,LONG,2017-01-04 18:00:00,1165.36,2017-01-04 19:45:00,1165.36,TP1_BE,0.61,7.73,15.25,3.05,-10.57,-0.03
XAUUSD_V3_417,XAUUSD,Cypher,LONG,2017-01-04 18:45:00,1163.57,2017-01-04 21:00:00,1163.57,TP1_BE,0.87,88.89,21.75,4.35,62.79,0.17
XAUUSD_V3_418,XAUUSD,Cypher,LONG,2017-01-09 18:45:00,1183.33,2017-01-09 19:00:00,1183.33,TP1_BE,0.45,71.89,11.25,2.25,58.39,0.16
XAUUSD_V3_419,XAUUSD,Cypher,LONG,2017-01-09 19:30:00,1182.51,2017-01-09 19:45:00,1182.51,TP1_BE,0.5,59.38,12.5,2.5,44.38,0.12
XAUUSD_V3_420,XAUUSD,Cypher,LONG,2017-01-09 18:15:00,1179.61,2017-01-10 05:30:00,1186.2751799999999,TP1_TP2,0.84,301.98,21.0,4.2,276.78,0.76
XAUUSD_V3_421,XAUUSD,Cypher,LONG,2017-01-18 19:45:00,1213.24,2017-01-18 20:30:00,1210.8547950000002,SL,1.56,-372.09,39.0,7.8,-434.49,-1.17
XAUUSD_V3_422,XAUUSD,Cypher,SHORT,2017-01-25 15:45:00,1203.05,2017-01-25 16:00:00,1203.05,TP1_BE,0.46,10.91,11.5,2.3,-2.89,-0.01
XAUUSD_V3_423,XAUUSD,Cypher,SHORT,2017-01-25 15:15:00,1203.95,2017-01-25 16:30:00,1196.10422,TP1_TP2,0.52,215.06,13.0,2.6,199.46,0.55
XAUUSD_V3_424,XAUUSD,Cypher,SHORT,2017-01-25 16:30:00,1197.94,2017-01-25 16:45:00,1196.10422,TP1_TP2,0.28,103.88,7.0,1.4,95.48,0.26
XAUUSD_V3_425,XAUUSD,Cypher,SHORT,2017-01-26 13:30:00,1192.73,2017-01-26 13:45:00,1192.73,TP1_BE,0.56,108.3,14.0,2.8,91.5,0.25
XAUUSD_V3_426,XAUUSD,Cypher,LONG,2017-02-02 19:15:00,1216.44,2017-02-03 15:00:00,1210.6042699999998,SL,0.63,-367.65,15.75,3.15,-392.85,-1.06
XAUUSD_V3_427,XAUUSD,Cypher,SHORT,2017-03-03 16:45:00,1227.02,2017-03-03 17:00:00,1227.02,TP1_BE,0.5,30.79,12.5,2.5,15.79,0.04
XAUUSD_V3_428,XAUUSD,Cypher,SHORT,2017-03-03 17:30:00,1225.76,2017-03-03 17:45:00,1225.76,TP1_BE,0.43,53.57,10.75,2.15,40.67,0.11
XAUUSD_V3_429,XAUUSD,Cypher,SHORT,2017-03-03 16:15:00,1228.5,2017-03-03 20:00:00,1228.5,TP1_BE,0.63,7.83,15.75,3.15,-11.07,-0.03
XAUUSD_V3_430,XAUUSD,Cypher,SHORT,2017-03-06 16:15:00,1231.91,2017-03-06 16:30:00,1231.91,TP1_BE,0.81,3.97,20.25,4.05,-20.33,-0.06
XAUUSD_V3_431,XAUUSD,Cypher,SHORT,2017-03-06 16:45:00,1230.85,2017-03-06 17:00:00,1230.85,TP1_BE,0.66,31.75,16.5,3.3,11.95,0.03
XAUUSD_V3_432,XAUUSD,Cypher,SHORT,2017-03-06 17:30:00,1229.78,2017-03-06 17:45:00,1229.78,TP1_BE,0.55,55.88,13.75,2.75,39.38,0.11
XAUUSD_V3_433,XAUUSD,Cypher,LONG,2017-03-23 13:30:00,1247.9,2017-03-23 13:45:00,1247.9,TP1_BE,0.96,28.06,24.0,4.8,-0.74,-0.0
XAUUSD_V3_434,XAUUSD,Cypher,LONG,2017-03-23 14:15:00,1247.83,2017-03-23 14:45:00,1251.90346,TP1_TP2,0.98,224.81,24.5,4.9,195.41,0.54
XAUUSD_V3_435,XAUUSD,Cypher,LONG,2017-03-29 16:15:00,1253.2,2017-03-29 16:30:00,1253.2,TP1_BE,0.88,16.86,22.0,4.4,-9.54,-0.03
XAUUSD_V3_436,XAUUSD,Cypher,LONG,2017-03-29 16:45:00,1252.94,2017-03-29 17:00:00,1252.94,TP1_BE,0.94,5.79,23.5,4.7,-22.41,-0.06
XAUUSD_V3_437,XAUUSD,Cypher,LONG,2017-03-29 18:00:00,1252.03,2017-03-29 18:30:00,1252.03,TP1_BE,1.06,38.45,26.5,5.3,6.65,0.02
XAUUSD_V3_438,XAUUSD,Cypher,SHORT,2017-04-03 16:15:00,1246.46,2017-04-03 17:00:00,1249.70787,SL,1.13,-367.01,28.25,5.65,-412.21,-1.12
XAUUSD_V3_439,XAUUSD,Cypher,SHORT,2017-04-03 16:45:00,1247.43,2017-04-03 17:00:00,1249.70787,SL,1.61,-366.74,40.25,8.05,-431.14,-1.2
XAUUSD_V3_440,XAUUSD,Cypher,SHORT,2017-04-21 13:15:00,1281.05,2017-04-21 14:00:00,1283.351995,SL,1.52,-349.9,38.0,7.6,-410.7,-1.17
XAUUSD_V3_441,XAUUSD,Cypher,SHORT,2017-04-27 16:45:00,1263.41,2017-04-27 17:15:00,1263.41,TP1_BE,0.6,13.21,15.0,3.0,-4.79,-0.01
XAUUSD_V3_442,XAUUSD,Cypher,SHORT,2017-04-27 17:15:00,1262.31,2017-04-27 17:30:00,1262.31,TP1_BE,0.5,38.51,12.5,2.5,23.51,0.07
XAUUSD_V3_443,XAUUSD,Cypher,SHORT,2017-05-03 16:15:00,1252.46,2017-05-03 16:30:00,1252.46,TP1_BE,0.91,73.16,22.75,4.55,45.86,0.13
XAUUSD_V3_444,XAUUSD,Cypher,SHORT,2017-05-03 16:45:00,1251.76,2017-05-03 17:00:00,1251.24882,TP1_TP2,0.77,108.53,19.25,3.85,85.43,0.25
XAUUSD_V3_445,XAUUSD,Cypher,SHORT,2017-05-03 17:30:00,1247.02,2017-05-03 17:45:00,1247.02,TP1_BE,0.37,130.38,9.25,1.85,119.28,0.35
XAUUSD_V3_446,XAUUSD,Cypher,LONG,2017-05-12 16:15:00,1230.68,2017-05-12 16:30:00,1230.68,TP1_BE,0.71,66.45,17.75,3.55,45.15,0.13
XAUUSD_V3_447,XAUUSD,Cypher,LONG,2017-05-12 16:45:00,1229.89,2017-05-12 17:00:00,1229.89,TP1_BE,0.85,45.98,21.25,4.25,20.48,0.06
XAUUSD_V3_448,XAUUSD,Cypher,LONG,2017-05-12 17:30:00,1229.71,2017-05-12 17:45:00,1229.71,TP1_BE,0.89,40.14,22.25,4.45,13.44,0.04
XAUUSD_V3_449,XAUUSD,Cypher,LONG,2017-05-19 18:00:00,1252.67,2017-05-19 18:30:00,1252.67,TP1_BE,0.55,18.83,13.75,2.75,2.33,0.01
XAUUSD_V3_450,XAUUSD,Cypher,LONG,2017-05-19 18:30:00,1253.46,2017-05-19 18:45:00,1253.46,TP1_BE,0.49,2.58,12.25,2.45,-12.12,-0.03
XAUUSD_V3_451,XAUUSD,Cypher,LONG,2017-05-19 19:15:00,1252.37,2017-05-22 05:15:00,1252.37,TP1_BE,0.58,28.55,14.5,2.9,11.15,0.03
XAUUSD_V3_452,XAUUSD,Cypher,SHORT,2017-06-01 16:30:00,1263.13,2017-06-01 16:45:00,1263.13,TP1_BE,0.6,88.15,15.0,3.0,70.15,0.2
XAUUSD_V3_453,XAUUSD,Cypher,SHORT,2017-06-01 17:15:00,1265.15,2017-06-01 18:15:00,1265.15,TP1_BE,0.93,42.71,23.25,4.65,14.81,0.04
XAUUSD_V3_454,XAUUSD,Cypher,LONG,2017-06-28 16:30:00,1251.56,2017-06-28 17:00:00,1248.247425,SL,1.06,-351.13,26.5,5.3,-393.53,-1.12
XAUUSD_V3_455,XAUUSD,Cypher,SHORT,2017-07-04 15:30:00,1224.4,2017-07-04 15:45:00,1224.4,TP1_BE,1.69,4.46,42.25,8.45,-46.24,-0.13
XAUUSD_V3_456,XAUUSD,Cypher,SHORT,2017-07-04 16:45:00,1223.32,2017-07-04 17:00:00,1223.32,TP1_BE,1.1,56.5,27.5,5.5,23.5,0.07
XAUUSD_V3_457,XAUUSD,Cypher,SHORT,2017-07-04 16:00:00,1224.89,2017-07-05 01:15:00,1224.89,TP1_BE,2.21,59.97,55.25,11.05,-6.33,-0.02
XAUUSD_V3_458,XAUUSD,Cypher,SHORT,2017-07-12 14:00:00,1217.02,2017-07-12 14:15:00,1217.02,TP1_BE,1.02,65.14,25.5,5.1,34.54,0.1
XAUUSD_V3_459,XAUUSD,Cypher,SHORT,2017-07-12 14:45:00,1216.83,2017-07-12 15:00:00,1216.83,TP1_BE,0.97,71.16,24.25,4.85,42.06,0.12
XAUUSD_V3_460,XAUUSD,Cypher,SHORT,2017-07-12 13:30:00,1217.91,2017-07-12 15:15:00,1215.10522,TP1_TP2,1.38,220.25,34.5,6.9,178.85,0.52
XAUUSD_V3_461,XAUUSD,Cypher,LONG,2017-07-24 19:00:00,1255.79,2017-07-25 10:15:00,1255.79,TP1_BE,1.08,72.25,27.0,5.4,39.85,0.11
XAUUSD_V3_462,XAUUSD,Cypher,LONG,2017-07-28 14:00:00,1258.95,2017-07-28 15:30:00,1263.09872,TP1_TP2,1.93,459.63,48.25,9.65,401.73,1.15
XAUUSD_V3_463,XAUUSD,Cypher,SHORT,2017-08-16 16:30:00,1269.27,2017-08-16 16:45:00,1269.27,TP1_BE,0.66,45.37,16.5,3.3,25.57,0.07
XAUUSD_V3_464,XAUUSD,Cypher,LONG,2017-08-24 20:00:00,1287.26,2017-08-25 02:15:00,1285.1041000000002,SL,1.66,-357.88,41.5,8.3,-424.28,-1.19
XAUUSD_V3_465,XAUUSD,Cypher,LONG,2017-09-04 18:00:00,1334.64,2017-09-04 18:45:00,1334.64,TP1_BE,0.95,0.82,23.75,4.75,-27.68,-0.08
XAUUSD_V3_466,XAUUSD,Cypher,LONG,2017-09-04 18:30:00,1335.08,2017-09-04 18:45:00,1335.08,TP1_BE,0.85,19.44,21.25,4.25,-6.06,-0.02
XAUUSD_V3_467,XAUUSD,Cypher,LONG,2017-09-04 19:15:00,1334.46,2017-09-05 04:15:00,1334.46,TP1_BE,1.0,8.13,25.0,5.0,-21.87,-0.06
XAUUSD_V3_468,XAUUSD,Cypher,SHORT,2017-09-15 17:30:00,1321.33,2017-09-15 17:45:00,1321.33,TP1_BE,0.4,46.41,10.0,2.0,34.41,0.1
XAUUSD_V3_469,XAUUSD,Cypher,SHORT,2017-09-15 18:15:00,1321.79,2017-09-15 18:30:00,1321.79,TP1_BE,0.42,39.07,10.5,2.1,26.47,0.08
XAUUSD_V3_470,XAUUSD,Cypher,SHORT,2017-09-15 17:00:00,1324.74,2017-09-18 01:00:00,1317.9394199999997,TP1_TP2,0.65,256.43,16.25,3.25,236.93,0.68
XAUUSD_V3_471,XAUUSD,Cypher,LONG,2017-09-29 16:30:00,1286.84,2017-09-29 16:45:00,1283.13717,SL,0.95,-351.77,23.75,4.75,-389.77,-1.1
XAUUSD_V3_472,XAUUSD,Gartley,SHORT,2017-10-09 15:45:00,1280.81,2017-10-09 16:00:00,1280.81,TP1_BE,0.64,15.25,16.0,3.2,-3.95,-0.01
XAUUSD_V3_473,XAUUSD,Gartley,SHORT,2017-10-09 16:30:00,1280.34,2017-10-09 16:45:00,1280.34,TP1_BE,0.59,27.93,14.75,2.95,10.23,0.03
XAUUSD_V3_474,XAUUSD,Gartley,SHORT,2017-10-09 15:15:00,1283.06,2017-10-09 20:15:00,1283.06,TP1_BE,1.11,98.42,27.75,5.55,65.12,0.19
XAUUSD_V3_475,XAUUSD,Cypher,LONG,2017-10-10 17:00:00,1292.16,2017-10-10 17:15:00,1292.16,TP1_BE,0.56,31.71,14.0,2.8,14.91,0.04
XAUUSD_V3_476,XAUUSD,Cypher,LONG,2017-10-10 17:30:00,1292.69,2017-10-10 18:00:00,1292.69,TP1_BE,0.52,43.22,13.0,2.6,27.62,0.08
XAUUSD_V3_477,XAUUSD,Cypher,LONG,2017-10-10 18:15:00,1292.81,2017-10-10 18:30:00,1292.81,TP1_BE,0.51,45.45,12.75,2.55,30.15,0.09
XAUUSD_V3_478,XAUUSD,Cypher,LONG,2017-10-16 17:30:00,1304.42,2017-10-16 17:45:00,1304.42,TP1_BE,1.03,11.03,25.75,5.15,-19.87,-0.06
XAUUSD_V3_479,XAUUSD,Cypher,LONG,2017-10-16 18:00:00,1303.63,2017-10-16 20:15:00,1301.02191,SL,1.33,-346.88,33.25,6.65,-400.08,-1.15
XAUUSD_V3_480,XAUUSD,Cypher,LONG,2017-10-16 18:45:00,1303.91,2017-10-16 20:15:00,1301.02191,SL,1.2,-346.57,30.0,6.0,-394.57,-1.16
XAUUSD_V3_481,XAUUSD,Cypher,LONG,2017-11-27 18:15:00,1296.01,2017-11-27 18:45:00,1296.01,TP1_BE,0.59,50.89,14.75,2.95,33.19,0.1
XAUUSD_V3_482,XAUUSD,Cypher,LONG,2017-11-27 18:45:00,1296.85,2017-11-27 19:00:00,1296.85,TP1_BE,0.51,65.41,12.75,2.55,50.11,0.15
XAUUSD_V3_483,XAUUSD,Cypher,LONG,2017-11-27 19:30:00,1295.53,2017-11-27 19:45:00,1295.53,TP1_BE,0.65,40.47,16.25,3.25,20.97,0.06
XAUUSD_V3_484,XAUUSD,Cypher,LONG,2017-12-27 15:45:00,1284.38,2017-12-27 17:00:00,1284.38,TP1_BE,1.09,28.64,27.25,5.45,-4.06,-0.01
XAUUSD_V3_485,XAUUSD,Cypher,LONG,2017-12-27 16:15:00,1284.12,2017-12-27 17:00:00,1284.12,TP1_BE,1.2,47.13,30.0,6.0,11.13,0.03
XAUUSD_V3_486,XAUUSD,Gartley,LONG,2018-01-19 17:30:00,1334.44,2018-01-22 08:45:00,1329.444875,SL,0.67,-334.67,16.75,3.35,-361.47,-1.08
XAUUSD_V3_487,XAUUSD,Gartley,LONG,2018-01-19 18:00:00,1333.08,2018-01-22 08:45:00,1329.444875,SL,0.92,-334.43,23.0,4.6,-371.23,-1.14
XAUUSD_V3_488,XAUUSD,Cypher,LONG,2018-01-31 16:15:00,1343.1,2018-01-31 16:30:00,1343.1,TP1_BE,1.2,6.69,30.0,6.0,-29.31,-0.09
XAUUSD_V3_489,XAUUSD,Cypher,LONG,2018-01-31 16:45:00,1343.52,2018-01-31 17:00:00,1343.52,TP1_BE,1.03,27.37,25.75,5.15,-3.53,-0.01
XAUUSD_V3_490,XAUUSD,Cypher,LONG,2018-01-31 17:30:00,1344.21,2018-01-31 17:45:00,1344.21,TP1_BE,0.85,51.91,21.25,4.25,26.41,0.08
XAUUSD_V3_491,XAUUSD,Cypher,SHORT,2018-02-05 20:00:00,1334.89,2018-02-05 20:30:00,1334.89,TP1_BE,0.88,22.01,22.0,4.4,-4.39,-0.01
XAUUSD_V3_492,XAUUSD,Cypher,SHORT,2018-02-20 15:00:00,1339.31,2018-02-20 16:00:00,1339.31,TP1_BE,1.06,61.77,26.5,5.3,29.97,0.09
XAUUSD_V3_493,XAUUSD,Cypher,SHORT,2018-02-20 16:15:00,1339.31,2018-02-20 16:15:00,1343.1240349999998,SL,0.84,-320.38,21.0,4.2,-353.98,-1.11
XAUUSD_V3_494,XAUUSD,Cypher,SHORT,2018-02-21 13:15:00,1328.82,2018-02-21 16:00:00,1332.179435,SL,0.93,-312.43,23.25,4.65,-349.63,-1.12
XAUUSD_V3_495,XAUUSD,Cypher,SHORT,2018-02-21 14:00:00,1328.13,2018-02-21 16:00:00,1332.179435,SL,0.77,-311.81,19.25,3.85,-342.61,-1.12
XAUUSD_V3_496,XAUUSD,Cypher,LONG,2018-03-02 19:45:00,1319.66,2018-03-05 19:00:00,1319.66,TP1_BE,0.52,71.6,13.0,2.6,56.0,0.19
XAUUSD_V3_497,XAUUSD,Cypher,LONG,2018-03-08 13:15:00,1325.58,2018-03-08 16:30:00,1322.458155,SL,0.96,-299.7,24.0,4.8,-338.1,-1.13
XAUUSD_V3_498,XAUUSD,Cypher,SHORT,2018-04-03 17:30:00,1333.22,2018-04-03 17:45:00,1332.26718,TP1_TP2,0.29,83.46,7.25,1.45,74.76,0.25
XAUUSD_V3_499,XAUUSD,Cypher,LONG,2018-04-17 15:15:00,1342.18,2018-04-17 15:30:00,1342.18,TP1_BE,1.16,36.36,29.0,5.8,1.56,0.01
XAUUSD_V3_500,XAUUSD,Cypher,SHORT,2018-05-01 16:30:00,1307.0,2018-05-01 17:00:00,1307.0,TP1_BE,0.6,32.58,15.0,3.0,14.58,0.05
XAUUSD_V3_501,XAUUSD,Cypher,SHORT,2018-05-01 17:00:00,1306.93,2018-05-01 17:15:00,1304.0506999999998,TP1_TP2,0.59,119.04,14.75,2.95,101.34,0.34
XAUUSD_V3_502,XAUUSD,Cypher,SHORT,2018-05-01 17:45:00,1302.42,2018-05-01 18:00:00,1302.42,TP1_BE,0.31,87.82,7.75,1.55,78.52,0.26
XAUUSD_V3_503,XAUUSD,Cypher,SHORT,2018-05-17 17:00:00,1288.91,2018-05-17 17:15:00,1288.91,TP1_BE,0.64,1.7,16.0,3.2,-17.5,-0.06
XAUUSD_V3_504,XAUUSD,Cypher,SHORT,2018-05-18 17:30:00,1289.82,2018-05-18 17:45:00,1292.52867,SL,1.1,-297.95,27.5,5.5,-341.95,-1.15
XAUUSD_V3_505,XAUUSD,Cypher,LONG,2018-05-25 16:30:00,1304.8,2018-05-25 16:45:00,1304.8,TP1_BE,0.9,24.89,22.5,4.5,-2.11,-0.01
XAUUSD_V3_506,XAUUSD,Cypher,LONG,2018-05-25 17:45:00,1302.91,2018-05-25 23:00:00,1299.861735,SL,0.96,-292.63,24.0,4.8,-331.03,-1.14
XAUUSD_V3_507,XAUUSD,Cypher,LONG,2018-05-25 18:15:00,1303.64,2018-05-25 23:00:00,1299.861735,SL,0.77,-290.93,19.25,3.85,-321.73,-1.13
XAUUSD_V3_508,XAUUSD,Cypher,LONG,2018-05-31 14:15:00,1305.14,2018-05-31 14:30:00,1305.14,TP1_BE,0.73,1.44,18.25,3.65,-20.46,-0.07
XAUUSD_V3_509,XAUUSD,Cypher,LONG,2018-05-31 13:30:00,1303.91,2018-05-31 15:00:00,1303.91,TP1_BE,1.08,64.29,27.0,5.4,31.89,0.11
XAUUSD_V3_510,XAUUSD,Cypher,SHORT,2018-06-05 16:00:00,1293.21,2018-06-05 17:15:00,1293.21,TP1_BE,1.45,123.72,36.25,7.25,80.22,0.29
XAUUSD_V3_511,XAUUSD,Cypher,SHORT,2018-06-20 15:45:00,1273.54,2018-06-20 16:15:00,1276.3325399999999,SL,1.0,-279.25,25.0,5.0,-319.25,-1.14
XAUUSD_V3_512,XAUUSD,Cypher,SHORT,2018-06-28 14:30:00,1252.3,2018-06-29 09:15:00,1252.3,TP1_BE,0.86,93.11,21.5,4.3,67.31,0.25
XAUUSD_V3_513,XAUUSD,Cypher,SHORT,2018-06-28 15:00:00,1252.28,2018-06-29 09:15:00,1252.28,TP1_BE,0.85,91.17,21.25,4.25,65.67,0.24
XAUUSD_V3_514,XAUUSD,Cypher,SHORT,2018-07-02 16:45:00,1247.04,2018-07-02 17:00:00,1247.04,TP1_BE,0.55,54.78,13.75,2.75,38.28,0.14
XAUUSD_V3_515,XAUUSD,Cypher,SHORT,2018-07-02 17:15:00,1247.51,2018-07-02 18:15:00,1245.2326199999998,TP1_TP2,0.61,115.88,15.25,3.05,97.58,0.35
XAUUSD_V3_516,XAUUSD,Cypher,SHORT,2018-07-02 18:00:00,1246.86,2018-07-02 18:15:00,1245.2326199999998,TP1_TP2,0.54,102.58,13.5,2.7,86.38,0.31
XAUUSD_V3_517,XAUUSD,Cypher,SHORT,2018-07-11 16:45:00,1250.46,2018-07-11 18:15:00,1245.9647400000001,TP1_TP2,0.69,174.66,17.25,3.45,153.96,0.55
XAUUSD_V3_518,XAUUSD,Cypher,SHORT,2018-07-11 17:15:00,1250.87,2018-07-11 18:15:00,1245.9647400000001,TP1_TP2,0.77,226.48,19.25,3.85,203.38,0.72
XAUUSD_V3_519,XAUUSD,Cypher,SHORT,2018-09-12 14:00:00,1195.48,2018-09-12 15:30:00,1195.48,TP1_BE,0.64,29.71,16.0,3.2,10.51,0.04
XAUUSD_V3_520,XAUUSD,Cypher,SHORT,2018-09-12 13:30:00,1196.4,2018-09-12 16:45:00,1196.4,TP1_BE,0.8,73.94,20.0,4.0,49.94,0.17
XAUUSD_V3_521,XAUUSD,Cypher,LONG,2018-09-18 18:00:00,1199.99,2018-09-19 15:00:00,1202.64,TIMEOUT,0.57,151.05,14.25,2.85,133.95,0.46
XAUUSD_V3_522,XAUUSD,Cypher,LONG,2018-09-18 18:30:00,1198.91,2018-09-19 15:00:00,1202.64,TIMEOUT,0.72,268.56,18.0,3.6,246.96,0.85
XAUUSD_V3_523,XAUUSD,Cypher,LONG,2018-09-20 19:45:00,1205.48,2018-09-20 20:45:00,1205.48,TP1_BE,0.6,25.83,15.0,3.0,7.83,0.03
XAUUSD_V3_524,XAUUSD,Cypher,LONG,2018-09-25 19:45:00,1201.34,2018-09-26 09:00:00,1201.34,TP1_BE,1.42,66.06,35.5,7.1,23.46,0.08
XAUUSD_V3_525,XAUUSD,Cypher,SHORT,2018-10-09 18:15:00,1188.06,2018-10-10 11:30:00,1187.06,TIMEOUT,0.82,82.0,20.5,4.1,57.4,0.19
XAUUSD_V3_526,XAUUSD,Cypher,LONG,2018-11-27 16:45:00,1221.71,2018-11-27 17:00:00,1218.53644,SL,0.94,-298.31,23.5,4.7,-335.91,-1.12
XAUUSD_V3_527,XAUUSD,Cypher,LONG,2018-12-11 14:00:00,1247.26,2018-12-11 14:30:00,1247.26,TP1_BE,1.18,57.9,29.5,5.9,22.5,0.08
XAUUSD_V3_528,XAUUSD,Cypher,LONG,2018-12-11 14:30:00,1247.69,2018-12-11 16:15:00,1244.7914349999999,SL,1.01,-292.76,25.25,5.05,-333.16,-1.14
XAUUSD_V3_529,XAUUSD,Cypher,LONG,2018-12-18 16:00:00,1247.76,2018-12-18 18:45:00,1247.76,TP1_BE,1.05,38.2,26.25,5.25,6.7,0.02
XAUUSD_V3_530,XAUUSD,Cypher,SHORT,2019-01-22 17:15:00,1281.99,2019-01-22 17:30:00,1279.9599400000002,TP1_TP2,0.8,105.07,20.0,4.0,81.07,0.28
XAUUSD_V3_531,XAUUSD,Cypher,SHORT,2019-01-22 17:45:00,1280.23,2019-01-22 18:00:00,1280.23,TP1_BE,0.54,63.63,13.5,2.7,47.43,0.16
XAUUSD_V3_532,XAUUSD,Cypher,SHORT,2019-01-22 18:30:00,1281.17,2019-01-22 18:45:00,1281.17,TP1_BE,0.66,46.75,16.5,3.3,26.95,0.09
XAUUSD_V3_533,XAUUSD,Cypher,LONG,2019-01-22 19:45:00,1283.17,2019-01-23 03:00:00,1283.17,TP1_BE,0.45,19.12,11.25,2.25,5.62,0.02
XAUUSD_V3_534,XAUUSD,Cypher,LONG,2019-02-01 16:30:00,1321.61,2019-02-01 16:45:00,1321.61,TP1_BE,0.52,73.63,13.0,2.6,58.03,0.2
XAUUSD_V3_535,XAUUSD,Cypher,LONG,2019-02-01 17:00:00,1320.17,2019-02-01 17:15:00,1320.17,TP1_BE,0.7,48.71,17.5,3.5,27.71,0.1
XAUUSD_V3_536,XAUUSD,Cypher,LONG,2019-02-15 18:45:00,1315.98,2019-02-18 01:00:00,1315.98,TP1_BE,0.64,54.79,16.0,3.2,35.59,0.12
XAUUSD_V3_537,XAUUSD,Cypher,LONG,2019-02-15 19:15:00,1316.96,2019-02-18 01:00:00,1316.96,TP1_BE,0.53,19.4,13.25,2.65,3.5,0.01
XAUUSD_V3_538,XAUUSD,Cypher,SHORT,2019-02-26 16:45:00,1325.87,2019-02-26 17:30:00,1325.87,TP1_BE,0.75,29.76,18.75,3.75,7.26,0.02
XAUUSD_V3_539,XAUUSD,Cypher,SHORT,2019-02-26 17:15:00,1324.49,2019-02-26 17:30:00,1324.49,TP1_BE,0.56,16.42,14.0,2.8,-0.38,-0.0
XAUUSD_V3_540,XAUUSD,Cypher,SHORT,2019-02-26 18:00:00,1327.17,2019-02-26 21:00:00,1327.17,TP1_BE,1.14,119.33,28.5,5.7,85.13,0.29
XAUUSD_V3_541,XAUUSD,Cypher,SHORT,2019-03-01 18:00:00,1305.49,2019-03-01 19:00:00,1299.8431999999998,TP1_TP2,0.28,103.2,7.0,1.4,94.8,0.32
XAUUSD_V3_542,XAUUSD,Cypher,SHORT,2019-03-01 18:30:00,1303.57,2019-03-01 19:00:00,1299.8431999999998,TP1_TP2,0.24,88.46,6.0,1.2,81.26,0.27
XAUUSD_V3_543,XAUUSD,Cypher,SHORT,2019-03-01 19:15:00,1299.31,2019-03-01 19:30:00,1299.31,TP1_BE,0.18,71.14,4.5,0.9,65.74,0.22
XAUUSD_V3_544,XAUUSD,Cypher,SHORT,2019-04-15 16:00:00,1285.0,2019-04-15 16:15:00,1282.8904799999998,TP1_TP2,0.56,107.98,14.0,2.8,91.18,0.31
XAUUSD_V3_545,XAUUSD,Cypher,SHORT,2019-04-15 16:30:00,1283.41,2019-04-15 16:45:00,1283.41,TP1_BE,0.44,73.41,11.0,2.2,60.21,0.2
XAUUSD_V3_546,XAUUSD,Cypher,SHORT,2019-04-15 17:15:00,1285.31,2019-04-15 17:30:00,1285.31,TP1_BE,0.6,43.1,15.0,3.0,25.1,0.08
XAUUSD_V3_547,XAUUSD,Cypher,LONG,2019-04-24 18:15:00,1274.81,2019-04-24 18:30:00,1277.3895400000004,TP1_TP2,0.46,111.01,11.5,2.3,97.21,0.32
XAUUSD_V3_548,XAUUSD,Cypher,SHORT,2019-04-29 17:00:00,1278.68,2019-04-29 17:15:00,1278.68,TP1_BE,0.39,56.62,9.75,1.95,44.92,0.15
XAUUSD_V3_549,XAUUSD,Cypher,SHORT,2019-04-29 17:45:00,1278.62,2019-04-29 18:00:00,1278.62,TP1_BE,0.38,56.3,9.5,1.9,44.9,0.15
XAUUSD_V3_550,XAUUSD,Cypher,SHORT,2019-04-29 16:30:00,1280.3,2019-04-29 22:15:00,1280.3,TP1_BE,0.49,31.44,12.25,2.45,16.74,0.05
XAUUSD_V3_551,XAUUSD,Cypher,SHORT,2019-05-21 19:15:00,1273.46,2019-05-22 10:15:00,1272.87,TIMEOUT,0.78,46.02,19.5,3.9,22.62,0.07
XAUUSD_V3_552,XAUUSD,Cypher,SHORT,2019-05-21 19:45:00,1274.16,2019-05-22 10:15:00,1272.87,TIMEOUT,0.94,121.26,23.5,4.7,93.06,0.3
XAUUSD_V3_553,XAUUSD,Cypher,LONG,2019-05-29 18:15:00,1281.9,2019-05-29 19:15:00,1281.9,TP1_BE,0.75,60.03,18.75,3.75,37.53,0.12
XAUUSD_V3_554,XAUUSD,Cypher,LONG,2019-05-31 16:30:00,1298.19,2019-05-31 16:45:00,1298.19,TP1_BE,0.67,15.59,16.75,3.35,-4.51,-0.01
XAUUSD_V3_555,XAUUSD,Cypher,LONG,2019-05-31 17:00:00,1296.53,2019-05-31 17:30:00,1303.9777599999998,TP1_TP2,1.06,458.04,26.5,5.3,426.24,1.38
XAUUSD_V3_556,XAUUSD,Cypher,LONG,2019-05-31 17:45:00,1304.07,2019-05-31 18:00:00,1304.07,TP1_BE,0.3,95.18,7.5,1.5,86.18,0.27
XAUUSD_V3_557,XAUUSD,Cypher,LONG,2019-05-31 18:00:00,1302.45,2019-05-31 18:15:00,1302.45,TP1_BE,0.37,85.65,9.25,1.85,74.55,0.23
XAUUSD_V3_558,XAUUSD,Cypher,LONG,2019-05-31 18:30:00,1300.53,2019-05-31 19:30:00,1304.2277599999998,TP1_TP2,0.49,156.99,12.25,2.45,142.29,0.44
XAUUSD_V3_559,XAUUSD,Cypher,LONG,2019-06-06 17:30:00,1337.68,2019-06-06 17:45:00,1337.68,TP1_BE,0.45,31.72,11.25,2.25,18.22,0.06
XAUUSD_V3_560,XAUUSD,Cypher,LONG,2019-06-06 18:00:00,1335.7,2019-06-06 18:15:00,1335.7,TP1_BE,0.62,17.67,15.5,3.1,-0.93,-0.0
XAUUSD_V3_561,XAUUSD,Cypher,LONG,2019-06-06 18:45:00,1337.65,2019-06-06 19:00:00,1337.65,TP1_BE,0.45,31.05,11.25,2.25,17.55,0.05
XAUUSD_V3_562,XAUUSD,Cypher,SHORT,2019-06-10 14:30:00,1326.46,2019-06-10 15:00:00,1326.46,TP1_BE,0.71,4.84,17.75,3.55,-16.46,-0.05
XAUUSD_V3_563,XAUUSD,Cypher,SHORT,2019-06-10 14:00:00,1328.09,2019-06-10 15:30:00,1328.09,TP1_BE,1.1,82.16,27.5,5.5,49.16,0.15
XAUUSD_V3_564,XAUUSD,Cypher,SHORT,2019-06-10 15:15:00,1326.18,2019-06-10 15:30:00,1326.18,TP1_BE,0.67,13.94,16.75,3.35,-6.16,-0.02
XAUUSD_V3_565,XAUUSD,Cypher,LONG,2019-06-13 13:15:00,1336.89,2019-06-13 14:45:00,1336.89,TP1_BE,0.83,22.57,20.75,4.15,-2.33,-0.01
XAUUSD_V3_566,XAUUSD,Cypher,LONG,2019-06-13 13:45:00,1335.98,2019-06-13 15:00:00,1335.98,TP1_BE,1.09,79.23,27.25,5.45,46.53,0.14
XAUUSD_V3_567,XAUUSD,Cypher,SHORT,2019-06-19 16:30:00,1343.34,2019-06-19 16:45:00,1343.34,TP1_BE,0.8,17.64,20.0,4.0,-6.36,-0.02
XAUUSD_V3_568,XAUUSD,Cypher,SHORT,2019-06-19 17:00:00,1343.71,2019-06-19 21:00:00,1347.39816,SL,0.88,-324.56,22.0,4.4,-359.76,-1.1
XAUUSD_V3_569,XAUUSD,Cypher,LONG,2019-06-21 18:45:00,1395.66,2019-06-21 19:15:00,1395.66,TP1_BE,0.28,2.23,7.0,1.4,-6.17,-0.02
XAUUSD_V3_570,XAUUSD,Cypher,LONG,2019-06-21 19:30:00,1395.81,2019-06-21 19:45:00,1395.81,TP1_BE,0.27,0.12,6.75,1.35,-7.98,-0.03
XAUUSD_V3_571,XAUUSD,Cypher,LONG,2019-06-21 18:15:00,1393.3,2019-06-24 08:30:00,1403.77,TIMEOUT,0.35,366.45,8.75,1.75,355.95,1.12
XAUUSD_V3_572,XAUUSD,Cypher,SHORT,2019-06-26 16:45:00,1406.38,2019-06-26 17:15:00,1406.38,TP1_BE,0.32,10.92,8.0,1.6,1.32,0.0
XAUUSD_V3_573,XAUUSD,Cypher,SHORT,2019-06-26 17:15:00,1407.21,2019-06-27 05:30:00,1407.21,TP1_BE,0.34,25.72,8.5,1.7,15.52,0.05
XAUUSD_V3_574,XAUUSD,Cypher,SHORT,2019-06-26 18:00:00,1408.78,2019-06-27 07:00:00,1405.83,TIMEOUT,0.41,120.95,10.25,2.05,108.65,0.33
XAUUSD_V3_575,XAUUSD,Cypher,SHORT,2019-06-27 14:00:00,1405.57,2019-06-27 17:00:00,1405.57,TP1_BE,1.2,140.68,30.0,6.0,104.68,0.32
XAUUSD_V3_576,XAUUSD,Cypher,SHORT,2019-06-27 15:00:00,1405.18,2019-06-27 17:00:00,1405.18,TP1_BE,0.96,90.15,24.0,4.8,61.35,0.19
XAUUSD_V3_577,XAUUSD,Cypher,SHORT,2019-06-27 17:30:00,1404.78,2019-06-27 17:45:00,1404.78,TP1_BE,0.62,33.51,15.5,3.1,14.91,0.05
XAUUSD_V3_578,XAUUSD,Cypher,LONG,2019-06-27 19:00:00,1405.83,2019-06-28 02:45:00,1411.1981999999998,TP1_TP2,0.77,216.49,19.25,3.85,193.39,0.58
XAUUSD_V3_579,XAUUSD,Cypher,LONG,2019-07-02 16:30:00,1391.51,2019-07-02 17:00:00,1391.51,TP1_BE,0.86,54.25,21.5,4.3,28.45,0.08
XAUUSD_V3_580,XAUUSD,Cypher,LONG,2019-07-02 17:00:00,1392.67,2019-07-02 17:15:00,1392.67,TP1_BE,0.66,3.36,16.5,3.3,-16.44,-0.05
XAUUSD_V3_581,XAUUSD,Cypher,LONG,2019-07-02 17:45:00,1393.63,2019-07-02 18:00:00,1397.6772999999998,TP1_TP2,0.56,137.36,14.0,2.8,120.56,0.36
XAUUSD_V3_582,XAUUSD,Cypher,SHORT,2019-07-08 16:00:00,1403.66,2019-07-08 16:15:00,1401.79768,TP1_TP2,0.68,106.59,17.0,3.4,86.19,0.26
XAUUSD_V3_583,XAUUSD,Cypher,SHORT,2019-07-08 16:30:00,1401.13,2019-07-08 16:45:00,1401.13,TP1_BE,0.45,85.56,11.25,2.25,72.06,0.21
XAUUSD_V3_584,XAUUSD,Cypher,SHORT,2019-07-08 17:15:00,1400.43,2019-07-08 17:30:00,1401.79768,TP1_TP2,0.42,123.28,10.5,2.1,110.68,0.32
XAUUSD_V3_585,XAUUSD,Cypher,LONG,2019-07-24 20:00:00,1422.43,2019-07-25 04:15:00,1422.43,TP1_BE,0.62,117.64,15.5,3.1,99.04,0.29
XAUUSD_V3_586,XAUUSD,Cypher,LONG,2019-07-30 18:00:00,1428.45,2019-07-30 18:15:00,1428.45,TP1_BE,0.57,12.75,14.25,2.85,-4.35,-0.01
XAUUSD_V3_587,XAUUSD,Cypher,LONG,2019-07-30 18:30:00,1428.19,2019-07-30 18:45:00,1428.19,TP1_BE,0.6,5.62,15.0,3.0,-12.38,-0.04
XAUUSD_V3_588,XAUUSD,Cypher,LONG,2019-07-30 19:15:00,1428.09,2019-07-30 19:30:00,1428.09,TP1_BE,0.61,2.66,15.25,3.05,-15.64,-0.05
XAUUSD_V3_589,XAUUSD,Gartley,LONG,2019-07-31 16:15:00,1431.48,2019-07-31 16:30:00,1431.48,TP1_BE,0.73,8.45,18.25,3.65,-13.45,-0.04
XAUUSD_V3_590,XAUUSD,Gartley,LONG,2019-07-31 16:45:00,1431.83,2019-07-31 17:00:00,1431.83,TP1_BE,0.68,19.77,17.0,3.4,-0.63,-0.0
XAUUSD_V3_591,XAUUSD,Cypher,LONG,2019-08-26 17:15:00,1536.13,2019-08-26 17:30:00,1536.13,TP1_BE,0.27,84.94,6.75,1.35,76.84,0.22
XAUUSD_V3_592,XAUUSD,Cypher,LONG,2019-08-26 16:45:00,1531.94,2019-08-26 17:45:00,1531.94,TP1_BE,0.39,40.98,9.75,1.95,29.28,0.08
XAUUSD_V3_593,XAUUSD,Cypher,LONG,2019-08-26 18:00:00,1534.23,2019-08-26 18:15:00,1534.23,TP1_BE,0.31,68.07,7.75,1.55,58.77,0.17
XAUUSD_V3_594,XAUUSD,Cypher,SHORT,2019-09-18 13:30:00,1501.31,2019-09-18 13:45:00,1501.31,TP1_BE,1.25,15.24,31.25,6.25,-22.26,-0.06
XAUUSD_V3_595,XAUUSD,Cypher,SHORT,2019-09-18 14:00:00,1501.11,2019-09-18 14:15:00,1501.11,TP1_BE,1.17,25.97,29.25,5.85,-9.13,-0.03
XAUUSD_V3_596,XAUUSD,Cypher,SHORT,2019-09-18 14:45:00,1501.21,2019-09-18 15:00:00,1501.21,TP1_BE,1.21,20.8,30.25,6.05,-15.5,-0.04
XAUUSD_V3_597,XAUUSD,Cypher,LONG,2019-10-03 17:15:00,1515.15,2019-10-03 17:30:00,1515.15,TP1_BE,0.17,107.36,4.25,0.85,102.26,0.29
XAUUSD_V3_598,XAUUSD,Cypher,LONG,2019-10-03 17:45:00,1513.02,2019-10-03 18:00:00,1513.02,TP1_BE,0.19,99.76,4.75,0.95,94.06,0.27
XAUUSD_V3_599,XAUUSD,Cypher,LONG,2019-10-03 18:30:00,1509.84,2019-10-03 18:45:00,1509.84,TP1_BE,0.23,84.19,5.75,1.15,77.29,0.22
XAUUSD_V3_600,XAUUSD,Cypher,LONG,2019-10-04 15:00:00,1508.17,2019-10-04 15:15:00,1506.34928,SL,1.93,-351.4,48.25,9.65,-428.6,-1.22
XAUUSD_V3_601,XAUUSD,Cypher,LONG,2019-10-25 13:15:00,1504.66,2019-10-25 15:00:00,1510.5246999999997,TP1_TP2,1.5,519.79,37.5,7.5,474.79,1.38
XAUUSD_V3_602,XAUUSD,Cypher,LONG,2019-10-25 14:00:00,1505.73,2019-10-25 15:00:00,1510.5246999999997,TP1_TP2,1.02,244.74,25.5,5.1,214.14,0.61
XAUUSD_V3_603,XAUUSD,Cypher,SHORT,2019-10-29 18:45:00,1489.44,2019-10-30 13:45:00,1493.49,TIMEOUT,0.5,-202.5,12.5,2.5,-217.5,-0.61
XAUUSD_V3_604,XAUUSD,Cypher,SHORT,2019-10-29 19:15:00,1488.76,2019-10-30 13:45:00,1493.49,TIMEOUT,0.45,-212.85,11.25,2.25,-226.35,-0.64
XAUUSD_V3_605,XAUUSD,Cypher,SHORT,2019-11-12 17:15:00,1453.16,2019-11-12 17:30:00,1447.1372999999999,TP1_TP2,0.72,254.91,18.0,3.6,233.31,0.67
XAUUSD_V3_606,XAUUSD,Cypher,SHORT,2019-11-12 17:45:00,1446.23,2019-11-12 18:00:00,1446.23,TP1_BE,0.3,88.08,7.5,1.5,79.08,0.22
XAUUSD_V3_607,XAUUSD,Cypher,SHORT,2019-11-12 18:30:00,1451.87,2019-11-12 18:45:00,1451.87,TP1_BE,0.58,6.73,14.5,2.9,-10.67,-0.03
XAUUSD_V3_608,XAUUSD,Cypher,LONG,2019-11-13 17:30:00,1463.87,2019-11-13 18:15:00,1463.87,TP1_BE,0.55,10.63,13.75,2.75,-5.87,-0.02
XAUUSD_V3_609,XAUUSD,Cypher,LONG,2019-11-13 17:00:00,1462.7,2019-11-13 18:30:00,1462.7,TP1_BE,0.66,51.37,16.5,3.3,31.57,0.09
XAUUSD_V3_610,XAUUSD,Cypher,LONG,2019-12-24 14:00:00,1490.13,2019-12-24 14:30:00,1490.13,TP1_BE,1.74,64.23,43.5,8.7,12.03,0.03
XAUUSD_V3_611,XAUUSD,Cypher,LONG,2019-12-24 14:30:00,1490.21,2019-12-24 16:30:00,1493.9236599999997,TP1_TP2,1.67,365.06,41.75,8.35,314.96,0.89
XAUUSD_V3_612,XAUUSD,Cypher,LONG,2020-01-03 16:15:00,1546.91,2020-01-03 16:30:00,1546.91,TP1_BE,0.33,8.26,8.25,1.65,-1.64,-0.0
XAUUSD_V3_613,XAUUSD,Cypher,LONG,2020-01-03 17:30:00,1549.67,2020-01-03 17:45:00,1549.67,TP1_BE,0.26,29.37,6.5,1.3,21.57,0.06
XAUUSD_V3_614,XAUUSD,Cypher,LONG,2020-01-03 16:45:00,1544.93,2020-01-06 01:00:00,1561.7483799999998,TP1_TP2,0.4,385.98,10.0,2.0,373.98,1.03
XAUUSD_V3_615,XAUUSD,Cypher,LONG,2020-01-06 16:45:00,1574.39,2020-01-06 17:15:00,1567.6898099999999,SL,0.55,-368.51,13.75,2.75,-390.51,-1.06
XAUUSD_V3_616,XAUUSD,Cypher,LONG,2020-01-06 17:15:00,1573.29,2020-01-06 17:15:00,1567.6898099999999,SL,0.66,-369.61,16.5,3.3,-396.01,-1.1
XAUUSD_V3_617,XAUUSD,Gartley,LONG,2020-01-27 17:45:00,1581.57,2020-01-27 18:30:00,1581.57,TP1_BE,0.48,37.31,12.0,2.4,22.91,0.06
XAUUSD_V3_618,XAUUSD,Gartley,LONG,2020-01-27 18:15:00,1582.75,2020-01-27 18:30:00,1582.75,TP1_BE,0.41,7.68,10.25,2.05,-4.62,-0.01
XAUUSD_V3_619,XAUUSD,Gartley,LONG,2020-01-27 19:00:00,1582.56,2020-01-27 23:00:00,1582.56,TP1_BE,0.42,11.86,10.5,2.1,-0.74,-0.0
XAUUSD_V3_620,XAUUSD,Cypher,LONG,2020-01-29 17:30:00,1571.57,2020-01-29 17:45:00,1571.57,TP1_BE,0.61,31.03,15.25,3.05,12.73,0.04
XAUUSD_V3_621,XAUUSD,Cypher,LONG,2020-01-29 18:45:00,1571.16,2020-01-29 19:00:00,1571.16,TP1_BE,0.65,19.75,16.25,3.25,0.25,0.0
XAUUSD_V3_622,XAUUSD,Cypher,LONG,2020-01-29 18:00:00,1569.74,2020-01-29 19:15:00,1569.74,TP1_BE,0.88,35.75,22.0,4.4,9.35,0.03
XAUUSD_V3_623,XAUUSD,Cypher,SHORT,2020-02-05 18:15:00,1558.06,2020-02-06 08:45:00,1558.06,TP1_BE,0.64,168.52,16.0,3.2,149.32,0.42
XAUUSD_V3_624,XAUUSD,Cypher,SHORT,2020-02-12 13:30:00,1566.05,2020-02-12 15:15:00,1566.05,TP1_BE,1.02,40.15,25.5,5.1,9.55,0.03
XAUUSD_V3_625,XAUUSD,Cypher,SHORT,2020-02-12 14:00:00,1567.15,2020-02-12 16:00:00,1567.15,TP1_BE,1.49,140.6,37.25,7.45,95.9,0.27
XAUUSD_V3_626,XAUUSD,Cypher,LONG,2020-02-12 19:15:00,1568.29,2020-02-12 19:30:00,1568.29,TP1_BE,0.55,68.06,13.75,2.75,51.56,0.14
XAUUSD_V3_627,XAUUSD,Cypher,LONG,2020-02-18 13:45:00,1587.52,2020-02-18 15:15:00,1587.52,TP1_BE,1.7,66.51,42.5,8.5,15.51,0.04
XAUUSD_V3_628,XAUUSD,Cypher,LONG,2020-02-18 14:15:00,1587.15,2020-02-18 15:15:00,1587.15,TP1_BE,2.05,118.12,51.25,10.25,56.62,0.16
XAUUSD_V3_629,XAUUSD,Cypher,LONG,2020-02-18 16:00:00,1591.35,2020-02-18 16:15:00,1592.91908,TP1_TP2,0.57,134.73,14.25,2.85,117.63,0.32
XAUUSD_V3_630,XAUUSD,Cypher,LONG,2020-02-18 16:30:00,1592.38,2020-02-18 16:45:00,1592.38,TP1_BE,0.49,102.61,12.25,2.45,87.91,0.24
XAUUSD_V3_631,XAUUSD,Cypher,LONG,2020-02-18 17:15:00,1592.17,2020-02-18 17:30:00,1592.91908,TP1_TP2,0.51,120.55,12.75,2.55,105.25,0.29
XAUUSD_V3_632,XAUUSD,Cypher,LONG,2020-02-21 19:45:00,1644.08,2020-02-21 20:00:00,1644.08,TP1_BE,0.34,16.18,8.5,1.7,5.98,0.02
XAUUSD_V3_633,XAUUSD,Cypher,SHORT,2020-03-10 15:30:00,1660.15,2020-03-10 16:45:00,1660.15,TP1_BE,0.29,1.81,7.25,1.45,-6.89,-0.02
XAUUSD_V3_634,XAUUSD,Cypher,SHORT,2020-03-10 15:00:00,1662.87,2020-03-10 21:45:00,1645.9782400000001,TP1_TP2,0.36,350.77,9.0,1.8,339.97,0.92
XAUUSD_V3_635,XAUUSD,Cypher,SHORT,2020-03-23 13:45:00,1492.86,2020-03-23 14:00:00,1498.384685,SL,0.68,-375.68,17.0,3.4,-402.88,-1.07
XAUUSD_V3_636,XAUUSD,Cypher,LONG,2020-03-30 16:45:00,1621.39,2020-03-30 17:00:00,1621.39,TP1_BE,0.32,21.9,8.0,1.6,12.3,0.03
XAUUSD_V3_637,XAUUSD,Cypher,LONG,2020-03-30 17:30:00,1622.82,2020-03-30 17:45:00,1622.82,TP1_BE,0.28,0.86,7.0,1.4,-7.54,-0.02
XAUUSD_V3_638,XAUUSD,Cypher,LONG,2020-03-30 16:15:00,1618.34,2020-03-30 18:15:00,1618.34,TP1_BE,0.43,95.01,10.75,2.15,82.11,0.22
XAUUSD_V3_639,XAUUSD,Cypher,LONG,2020-04-03 19:45:00,1619.16,2020-04-03 20:00:00,1619.16,TP1_BE,0.28,27.72,7.0,1.4,19.32,0.05
XAUUSD_V3_640,XAUUSD,Cypher,SHORT,2020-05-01 15:15:00,1677.23,2020-05-01 15:30:00,1677.23,TP1_BE,0.24,6.98,6.0,1.2,-0.22,-0.0
XAUUSD_V3_641,XAUUSD,Cypher,SHORT,2020-05-01 15:45:00,1678.12,2020-05-01 16:00:00,1678.12,TP1_BE,0.25,18.4,6.25,1.25,10.9,0.03
XAUUSD_V3_642,XAUUSD,Cypher,SHORT,2020-05-01 16:30:00,1678.51,2020-05-01 18:00:00,1692.61126,SL,0.26,-366.63,6.5,1.3,-377.03,-1.02
XAUUSD_V3_643,XAUUSD,Cypher,SHORT,2020-05-05 17:30:00,1698.38,2020-05-05 18:00:00,1698.38,TP1_BE,0.29,7.32,7.25,1.45,-1.38,-0.0
XAUUSD_V3_644,XAUUSD,Cypher,SHORT,2020-05-05 18:00:00,1697.02,2020-05-05 18:15:00,1697.02,TP1_BE,0.26,11.12,6.5,1.3,3.32,0.01
XAUUSD_V3_645,XAUUSD,Cypher,SHORT,2020-05-05 18:45:00,1700.46,2020-05-05 19:45:00,1700.46,TP1_BE,0.35,45.23,8.75,1.75,34.73,0.1
XAUUSD_V3_646,XAUUSD,Cypher,LONG,2020-05-12 14:45:00,1704.11,2020-05-12 15:00:00,1704.11,TP1_BE,0.73,27.17,18.25,3.65,5.27,0.01
XAUUSD_V3_647,XAUUSD,Cypher,LONG,2020-05-12 15:15:00,1703.29,2020-05-12 15:30:00,1699.1766249999998,SL,0.88,-361.98,22.0,4.4,-397.18,-1.1
XAUUSD_V3_648,XAUUSD,Cypher,LONG,2020-05-15 13:15:00,1735.32,2020-05-15 13:15:00,1730.7541800000001,SL,0.78,-356.13,19.5,3.9,-387.33,-1.09
XAUUSD_V3_649,XAUUSD,Cypher,LONG,2020-06-04 19:15:00,1715.18,2020-06-04 22:15:00,1715.18,TP1_BE,0.15,29.05,3.75,0.75,24.55,0.07
XAUUSD_V3_650,XAUUSD,Cypher,SHORT,2020-06-16 19:30:00,1726.97,2020-06-17 05:30:00,1724.1,TIMEOUT,0.37,106.19,9.25,1.85,95.09,0.27
XAUUSD_V3_651,XAUUSD,Cypher,LONG,2020-07-06 14:15:00,1776.8,2020-07-06 14:30:00,1776.8,TP1_BE,0.72,9.78,18.0,3.6,-11.82,-0.03
XAUUSD_V3_652,XAUUSD,Cypher,LONG,2020-07-06 14:45:00,1777.14,2020-07-06 15:30:00,1783.6438400000002,TP1_TP2,0.67,220.17,16.75,3.35,200.07,0.57
XAUUSD_V3_653,XAUUSD,Cypher,LONG,2020-07-06 15:30:00,1782.82,2020-07-06 15:45:00,1782.82,TP1_BE,0.32,91.97,8.0,1.6,82.37,0.23
XAUUSD_V3_654,XAUUSD,Cypher,SHORT,2020-07-16 16:30:00,1806.46,2020-07-16 17:15:00,1806.46,TP1_BE,0.73,34.26,18.25,3.65,12.36,0.03
XAUUSD_V3_655,XAUUSD,Cypher,SHORT,2020-07-16 17:00:00,1806.57,2020-07-16 17:15:00,1806.57,TP1_BE,0.75,39.32,18.75,3.75,16.82,0.05
XAUUSD_V3_656,XAUUSD,Cypher,SHORT,2020-07-16 17:45:00,1807.99,2020-07-16 20:00:00,1797.86996,TP1_TP2,1.06,667.2,26.5,5.3,635.4,1.79
XAUUSD_V3_657,XAUUSD,Cypher,LONG,2020-08-06 20:00:00,2060.6,2020-08-06 22:15:00,2060.6,TP1_BE,0.18,12.02,4.5,0.9,6.62,0.02
XAUUSD_V3_658,XAUUSD,Cypher,LONG,2020-08-06 19:30:00,2057.38,2020-08-07 06:45:00,2057.38,TP1_BE,0.21,47.84,5.25,1.05,41.54,0.11
XAUUSD_V3_659,XAUUSD,Shark,SHORT,2020-08-20 16:30:00,1929.02,2020-08-20 16:45:00,1929.02,TP1_BE,0.15,80.03,3.75,0.75,75.53,0.2
XAUUSD_V3_660,XAUUSD,Shark,SHORT,2020-08-20 17:00:00,1931.84,2020-08-20 17:15:00,1931.84,TP1_BE,0.17,66.73,4.25,0.85,61.63,0.17
XAUUSD_V3_661,XAUUSD,Shark,SHORT,2020-08-20 17:45:00,1935.99,2020-08-20 18:00:00,1935.99,TP1_BE,0.21,38.85,5.25,1.05,32.55,0.09
XAUUSD_V3_662,XAUUSD,Cypher,SHORT,2020-08-25 17:00:00,1923.4,2020-08-25 17:30:00,1923.4,TP1_BE,0.29,9.52,7.25,1.45,0.82,0.0
XAUUSD_V3_663,XAUUSD,Cypher,SHORT,2020-08-25 17:30:00,1921.08,2020-08-25 17:45:00,1921.08,TP1_BE,0.25,37.2,6.25,1.25,29.7,0.08
XAUUSD_V3_664,XAUUSD,Cypher,SHORT,2020-09-03 18:15:00,1935.09,2020-09-03 21:30:00,1935.09,TP1_BE,0.19,6.72,4.75,0.95,1.02,0.0
XAUUSD_V3_665,XAUUSD,Cypher,SHORT,2020-09-03 17:45:00,1939.21,2020-09-04 04:30:00,1939.21,TP1_BE,0.24,57.93,6.0,1.2,50.73,0.14
XAUUSD_V3_666,XAUUSD,Cypher,SHORT,2020-09-07 17:00:00,1929.23,2020-09-07 17:30:00,1929.23,TP1_BE,0.52,43.0,13.0,2.6,27.4,0.07
XAUUSD_V3_667,XAUUSD,Cypher,SHORT,2020-09-07 17:30:00,1928.91,2020-09-07 18:15:00,1928.91,TP1_BE,0.5,33.34,12.5,2.5,18.34,0.05
XAUUSD_V3_668,XAUUSD,Cypher,SHORT,2020-09-07 18:15:00,1929.3,2020-09-08 04:00:00,1929.3,TP1_BE,0.52,44.82,13.0,2.6,29.22,0.08
XAUUSD_V3_669,XAUUSD,Cypher,SHORT,2020-09-07 18:45:00,1929.92,2020-09-08 08:45:00,1929.92,TP1_BE,0.9,133.04,22.5,4.5,106.04,0.28
XAUUSD_V3_670,XAUUSD,Cypher,LONG,2020-09-11 16:30:00,1950.12,2020-09-11 16:45:00,1952.8112800000001,TP1_TP2,0.32,114.43,8.0,1.6,104.83,0.28
XAUUSD_V3_671,XAUUSD,Cypher,LONG,2020-09-11 17:00:00,1951.53,2020-09-11 17:15:00,1951.53,TP1_BE,0.29,85.12,7.25,1.45,76.42,0.2
XAUUSD_V3_672,XAUUSD,Cypher,LONG,2020-09-11 17:45:00,1948.74,2020-09-11 18:00:00,1948.74,TP1_BE,0.37,56.99,9.25,1.85,45.89,0.12
XAUUSD_V3_673,XAUUSD,Cypher,SHORT,2020-10-08 14:45:00,1891.59,2020-10-08 15:00:00,1891.59,TP1_BE,0.76,11.29,19.0,3.8,-11.51,-0.03
XAUUSD_V3_674,XAUUSD,Cypher,SHORT,2020-10-08 15:15:00,1893.38,2020-10-08 15:15:00,1896.6347649999998,SL,1.17,-380.81,29.25,5.85,-427.61,-1.12
XAUUSD_V3_675,XAUUSD,Cypher,SHORT,2020-10-15 17:45:00,1896.82,2020-10-15 22:30:00,1907.9200999999998,SL,0.34,-377.4,8.5,1.7,-391.0,-1.05
XAUUSD_V3_676,XAUUSD,Cypher,SHORT,2020-10-15 18:15:00,1900.04,2020-10-15 22:30:00,1907.9200999999998,SL,0.47,-370.36,11.75,2.35,-389.16,-1.06
XAUUSD_V3_677,XAUUSD,Cypher,LONG,2020-10-26 18:30:00,1904.89,2020-10-26 18:45:00,1904.89,TP1_BE,0.34,0.89,8.5,1.7,-9.31,-0.03
XAUUSD_V3_678,XAUUSD,Cypher,LONG,2020-11-13 14:30:00,1885.98,2020-11-13 14:45:00,1885.98,TP1_BE,0.34,107.62,8.5,1.7,97.42,0.27
XAUUSD_V3_679,XAUUSD,Cypher,LONG,2020-11-13 15:00:00,1885.83,2020-11-13 15:15:00,1883.9038000000003,TP1_TP2,0.35,141.87,8.75,1.75,131.37,0.37
XAUUSD_V3_680,XAUUSD,Cypher,SHORT,2020-11-19 13:15:00,1859.95,2020-11-19 15:45:00,1859.95,TP1_BE,0.34,13.44,8.5,1.7,3.24,0.01
XAUUSD_V3_681,XAUUSD,Cypher,SHORT,2020-11-19 14:00:00,1862.61,2020-11-19 17:00:00,1862.61,TP1_BE,0.46,79.36,11.5,2.3,65.56,0.18
XAUUSD_V3_682,XAUUSD,Gartley,LONG,2020-12-02 16:45:00,1816.49,2020-12-03 09:30:00,1837.9464799999998,TP1_TP2,0.28,419.13,7.0,1.4,410.73,1.13
XAUUSD_V3_683,XAUUSD,Gartley,LONG,2020-12-02 17:15:00,1821.73,2020-12-03 09:30:00,1837.9464799999998,TP1_TP2,0.2,194.58,5.0,1.0,188.58,0.51
XAUUSD_V3_684,XAUUSD,Cypher,LONG,2020-12-04 14:00:00,1841.45,2020-12-04 14:15:00,1841.45,TP1_BE,0.67,21.25,16.75,3.35,1.15,0.0
XAUUSD_V3_685,XAUUSD,Cypher,LONG,2020-12-04 14:30:00,1841.15,2020-12-04 15:00:00,1841.15,TP1_BE,0.7,32.7,17.5,3.5,11.7,0.03
XAUUSD_V3_686,XAUUSD,Cypher,LONG,2020-12-04 15:15:00,1840.63,2020-12-04 15:30:00,1840.63,TP1_BE,0.78,56.72,19.5,3.9,33.32,0.09
XAUUSD_V3_687,XAUUSD,Cypher,LONG,2020-12-16 15:15:00,1859.15,2020-12-16 15:15:00,1850.81303,SL,0.45,-375.16,11.25,2.25,-393.16,-1.04
XAUUSD_V3_688,XAUUSD,Shark,LONG,2021-01-05 18:00:00,1943.45,2021-01-05 21:15:00,1952.53,TP1_TP2,0.48,218.42,12.0,2.4,204.02,0.55
XAUUSD_V3_689,XAUUSD,Shark,LONG,2021-01-05 18:30:00,1947.33,2021-01-05 21:15:00,1952.53,TP1_TP2,0.32,145.61,8.0,1.6,136.01,0.36
XAUUSD_V3_690,XAUUSD,Cypher,SHORT,2021-01-13 17:00:00,1858.49,2021-01-13 20:00:00,1858.49,TP1_BE,0.47,104.73,11.75,2.35,90.63,0.24
XAUUSD_V3_691,XAUUSD,Cypher,SHORT,2021-01-13 17:30:00,1858.34,2021-01-13 20:00:00,1858.34,TP1_BE,0.46,99.05,11.5,2.3,85.25,0.23
XAUUSD_V3_692,XAUUSD,Cypher,SHORT,2021-02-15 15:45:00,1820.5,2021-02-15 16:30:00,1820.5,TP1_BE,0.5,31.56,12.5,2.5,16.56,0.04
XAUUSD_V3_693,XAUUSD,Cypher,SHORT,2021-02-15 15:15:00,1821.15,2021-02-16 02:15:00,1821.15,TP1_BE,0.54,51.63,13.5,2.7,35.43,0.09
XAUUSD_V3_694,XAUUSD,Cypher,SHORT,2021-02-16 13:45:00,1819.85,2021-02-16 14:30:00,1815.2848,TP1_TP2,0.43,132.68,10.75,2.15,119.78,0.32
XAUUSD_V3_695,XAUUSD,Cypher,SHORT,2021-02-16 14:15:00,1817.59,2021-02-16 14:30:00,1815.2848,TP1_TP2,0.34,104.91,8.5,1.7,94.71,0.25
XAUUSD_V3_696,XAUUSD,Cypher,SHORT,2021-02-16 15:00:00,1807.35,2021-02-16 15:15:00,1807.35,TP1_BE,0.18,126.96,4.5,0.9,121.56,0.32
XAUUSD_V3_697,XAUUSD,Cypher,LONG,2021-02-22 16:30:00,1798.08,2021-02-22 16:45:00,1808.33964,TP1_TP2,0.46,262.56,11.5,2.3,248.76,0.64
XAUUSD_V3_698,XAUUSD,Cypher,SHORT,2021-03-11 16:00:00,1730.0,2021-03-11 16:15:00,1730.0,TP1_BE,0.38,56.4,9.5,1.9,45.0,0.11
XAUUSD_V3_699,XAUUSD,Cypher,SHORT,2021-03-11 16:30:00,1723.28,2021-03-11 16:45:00,1723.28,TP1_BE,0.23,111.41,5.75,1.15,104.51,0.27
XAUUSD_V3_700,XAUUSD,Cypher,SHORT,2021-03-11 17:15:00,1723.39,2021-03-11 17:30:00,1723.39,TP1_BE,0.23,110.15,5.75,1.15,103.25,0.26
XAUUSD_V3_701,XAUUSD,Cypher,SHORT,2021-04-14 17:15:00,1736.13,2021-04-14 17:30:00,1736.13,TP1_BE,0.29,110.39,7.25,1.45,101.69,0.26
XAUUSD_V3_702,XAUUSD,Cypher,SHORT,2021-04-14 18:00:00,1737.17,2021-04-14 18:15:00,1737.25874,TP1_TP2,0.32,106.58,8.0,1.6,96.98,0.24
XAUUSD_V3_703,XAUUSD,Cypher,SHORT,2021-04-22 18:30:00,1780.37,2021-04-22 18:45:00,1780.37,TP1_BE,0.34,39.52,8.5,1.7,29.32,0.07
XAUUSD_V3_704,XAUUSD,Cypher,SHORT,2021-04-22 19:15:00,1778.95,2021-04-22 19:30:00,1778.95,TP1_BE,0.3,56.17,7.5,1.5,47.17,0.12
XAUUSD_V3_705,XAUUSD,Cypher,LONG,2021-04-27 19:45:00,1779.5,2021-04-28 03:00:00,1774.4464850000002,SL,0.8,-404.28,20.0,4.0,-436.28,-1.08
XAUUSD_V3_706,XAUUSD,Gartley,SHORT,2021-04-28 15:30:00,1764.48,2021-04-28 15:45:00,1764.48,TP1_BE,0.55,30.91,13.75,2.75,14.41,0.04
XAUUSD_V3_707,XAUUSD,Shark,LONG,2021-05-20 14:30:00,1872.1,2021-05-20 14:45:00,1872.1,TP1_BE,0.4,53.98,10.0,2.0,41.98,0.11
XAUUSD_V3_708,XAUUSD,Shark,LONG,2021-05-20 14:00:00,1868.88,2021-05-20 15:15:00,1868.88,TP1_BE,0.59,15.37,14.75,2.95,-2.33,-0.01
XAUUSD_V3_709,XAUUSD,Shark,LONG,2021-05-20 15:15:00,1870.78,2021-05-20 15:30:00,1870.78,TP1_BE,0.46,31.72,11.5,2.3,17.92,0.05
XAUUSD_V3_710,XAUUSD,Cypher,SHORT,2021-06-15 17:45:00,1859.18,2021-06-15 18:00:00,1859.18,TP1_BE,0.33,76.99,8.25,1.65,67.09,0.17
XAUUSD_V3_711,XAUUSD,Cypher,SHORT,2021-06-15 18:15:00,1860.72,2021-06-15 18:30:00,1860.72,TP1_BE,0.37,57.83,9.25,1.85,46.73,0.12
XAUUSD_V3_712,XAUUSD,Cypher,SHORT,2021-06-15 19:00:00,1855.87,2021-06-15 19:15:00,1855.87,TP1_BE,0.26,103.69,6.5,1.3,95.89,0.24
XAUUSD_V3_713,XAUUSD,Cypher,SHORT,2021-06-22 15:00:00,1780.59,2021-06-22 15:15:00,1780.59,TP1_BE,0.35,14.06,8.75,1.75,3.56,0.01
XAUUSD_V3_714,XAUUSD,Cypher,SHORT,2021-06-22 15:30:00,1776.86,2021-06-22 16:00:00,1776.86,TP1_BE,0.26,58.94,6.5,1.3,51.14,0.13
XAUUSD_V3_715,XAUUSD,Cypher,SHORT,2021-06-22 16:15:00,1779.04,2021-06-22 17:15:00,1779.04,TP1_BE,0.31,36.48,7.75,1.55,27.18,0.07
XAUUSD_V3_716,XAUUSD,Cypher,LONG,2021-06-23 16:30:00,1783.7,2021-06-23 16:45:00,1790.2928399999998,TP1_TP2,0.57,206.11,14.25,2.85,189.01,0.47
XAUUSD_V3_717,XAUUSD,Cypher,LONG,2021-06-23 17:00:00,1794.33,2021-06-23 17:15:00,1794.33,TP1_BE,0.23,114.89,5.75,1.15,107.99,0.27
XAUUSD_V3_718,XAUUSD,Cypher,LONG,2021-06-23 17:45:00,1792.88,2021-06-23 18:00:00,1792.88,TP1_BE,0.25,106.76,6.25,1.25,99.26,0.24
XAUUSD_V3_719,XAUUSD,Cypher,SHORT,2021-06-28 17:30:00,1781.28,2021-06-28 18:00:00,1781.28,TP1_BE,0.68,143.3,17.0,3.4,122.9,0.3
XAUUSD_V3_720,XAUUSD,Cypher,SHORT,2021-06-28 18:00:00,1777.85,2021-06-29 02:45:00,1777.85,TP1_BE,0.43,16.87,10.75,2.15,3.97,0.01
XAUUSD_V3_721,XAUUSD,Cypher,SHORT,2021-06-28 18:45:00,1779.61,2021-06-29 11:30:00,1769.89,TIMEOUT,0.53,515.16,13.25,2.65,499.26,1.21
XAUUSD_V3_722,XAUUSD,Gartley,LONG,2021-07-09 16:15:00,1802.39,2021-07-09 16:45:00,1802.39,TP1_BE,0.54,17.23,13.5,2.7,1.03,0.0
XAUUSD_V3_723,XAUUSD,Gartley,LONG,2021-07-09 15:45:00,1799.75,2021-07-09 17:00:00,1808.11616,TP1_TP2,0.82,477.41,20.5,4.1,452.81,1.07
XAUUSD_V3_724,XAUUSD,Gartley,LONG,2021-07-09 17:00:00,1803.86,2021-07-09 17:15:00,1808.11616,TP1_TP2,0.46,117.03,11.5,2.3,103.23,0.24
XAUUSD_V3_725,XAUUSD,Cypher,SHORT,2021-07-19 15:30:00,1795.9,2021-07-19 15:45:00,1795.9,TP1_BE,0.34,131.38,8.5,1.7,121.18,0.28
XAUUSD_V3_726,XAUUSD,Cypher,SHORT,2021-07-28 19:15:00,1800.91,2021-07-28 21:30:00,1800.91,TP1_BE,0.9,156.54,22.5,4.5,129.54,0.3
XAUUSD_V3_727,XAUUSD,Cypher,SHORT,2021-07-28 19:45:00,1801.15,2021-07-28 21:30:00,1801.15,TP1_BE,0.94,174.77,23.5,4.7,146.57,0.34
XAUUSD_V3_728,XAUUSD,Cypher,SHORT,2021-08-02 15:45:00,1810.03,2021-08-02 16:15:00,1810.03,TP1_BE,1.1,93.67,27.5,5.5,60.67,0.14
XAUUSD_V3_729,XAUUSD,Cypher,SHORT,2021-08-02 16:15:00,1809.19,2021-08-02 17:00:00,1809.19,TP1_BE,0.91,39.27,22.75,4.55,11.97,0.03
XAUUSD_V3_730,XAUUSD,Cypher,SHORT,2021-08-03 13:45:00,1810.07,2021-08-03 14:00:00,1810.07,TP1_BE,1.25,3.75,31.25,6.25,-33.75,-0.08
XAUUSD_V3_731,XAUUSD,Cypher,LONG,2021-08-03 19:15:00,1810.01,2021-08-04 03:30:00,1810.44,TIMEOUT,1.03,44.29,25.75,5.15,13.39,0.03
XAUUSD_V3_732,XAUUSD,Cypher,LONG,2021-08-03 19:45:00,1810.67,2021-08-04 03:30:00,1810.44,TIMEOUT,0.89,-20.47,22.25,4.45,-47.17,-0.11
XAUUSD_V3_733,XAUUSD,Cypher,LONG,2021-08-18 13:30:00,1787.96,2021-08-18 15:45:00,1787.96,TP1_BE,0.87,128.73,21.75,4.35,102.63,0.23
XAUUSD_V3_734,XAUUSD,Cypher,SHORT,2021-09-13 16:15:00,1789.67,2021-09-13 16:45:00,1793.5764450000001,SL,1.13,-441.43,28.25,5.65,-486.63,-1.1
XAUUSD_V3_735,XAUUSD,Cypher,SHORT,2021-09-15 13:45:00,1802.05,2021-09-15 15:00:00,1804.24714,SL,1.97,-432.84,49.25,9.85,-511.64,-1.18
XAUUSD_V3_736,XAUUSD,Cypher,LONG,2021-09-27 19:30:00,1753.89,2021-09-28 05:15:00,1753.89,TP1_BE,0.45,11.49,11.25,2.25,-2.01,-0.0
XAUUSD_V3_737,XAUUSD,Cypher,LONG,2021-09-27 19:00:00,1751.15,2021-09-28 06:15:00,1751.15,TP1_BE,0.63,102.4,15.75,3.15,83.5,0.2
XAUUSD_V3_738,XAUUSD,Cypher,LONG,2021-10-22 16:00:00,1805.79,2021-10-22 16:15:00,1805.79,TP1_BE,0.26,158.22,6.5,1.3,150.42,0.35
XAUUSD_V3_739,XAUUSD,Cypher,LONG,2021-10-22 16:30:00,1804.48,2021-10-22 16:45:00,1797.37222,TP1_TP2,0.28,251.56,7.0,1.4,243.16,0.57
XAUUSD_V3_740,XAUUSD,Cypher,LONG,2021-10-22 17:15:00,1811.79,2021-10-22 17:30:00,1811.79,TP1_BE,0.19,172.62,4.75,0.95,166.92,0.39
XAUUSD_V3_741,XAUUSD,Cypher,LONG,2021-10-28 13:45:00,1798.49,2021-10-28 14:15:00,1798.49,TP1_BE,0.69,70.28,17.25,3.45,49.58,0.11
XAUUSD_V3_742,XAUUSD,Cypher,LONG,2021-10-28 14:15:00,1799.83,2021-10-28 15:30:00,1799.83,TP1_BE,0.57,19.87,14.25,2.85,2.77,0.01
XAUUSD_V3_743,XAUUSD,Cypher,LONG,2021-10-28 15:00:00,1801.92,2021-10-28 15:30:00,1801.92,TP1_BE,0.45,31.34,11.25,2.25,17.84,0.04
XAUUSD_V3_744,XAUUSD,Cypher,SHORT,2021-11-02 18:15:00,1789.02,2021-11-02 19:00:00,1789.02,TP1_BE,0.59,0.25,14.75,2.95,-17.45,-0.04
XAUUSD_V3_745,XAUUSD,Cypher,SHORT,2021-11-02 18:45:00,1787.79,2021-11-02 19:00:00,1787.79,TP1_BE,0.51,31.15,12.75,2.55,15.85,0.04
XAUUSD_V3_746,XAUUSD,Cypher,LONG,2021-11-09 18:30:00,1826.21,2021-11-10 05:45:00,1826.21,TP1_BE,0.42,6.85,10.5,2.1,-5.75,-0.01
XAUUSD_V3_747,XAUUSD,Cypher,LONG,2021-11-09 18:00:00,1825.87,2021-11-10 07:30:00,1825.87,TP1_BE,0.43,14.32,10.75,2.15,1.42,0.0
XAUUSD_V3_748,XAUUSD,Cypher,LONG,2021-11-11 15:30:00,1860.76,2021-11-11 16:00:00,1860.76,TP1_BE,0.4,14.76,10.0,2.0,2.76,0.01
XAUUSD_V3_749,XAUUSD,Cypher,LONG,2021-11-11 16:00:00,1863.4,2021-11-11 16:15:00,1863.4,TP1_BE,0.33,31.38,8.25,1.65,21.48,0.05
XAUUSD_V3_750,XAUUSD,Cypher,LONG,2021-11-11 16:45:00,1862.61,2021-11-11 17:00:00,1862.61,TP1_BE,0.35,19.46,8.75,1.75,8.96,0.02
XAUUSD_V3_751,XAUUSD,Cypher,LONG,2021-11-30 15:45:00,1795.9,2021-11-30 16:00:00,1795.9,TP1_BE,0.39,19.4,9.75,1.95,7.7,0.02
XAUUSD_V3_752,XAUUSD,Cypher,LONG,2021-11-30 15:15:00,1793.38,2021-11-30 16:45:00,1801.8560199999997,TP1_TP2,0.51,255.04,12.75,2.55,239.74,0.55
XAUUSD_V3_753,XAUUSD,Cypher,LONG,2021-11-30 16:30:00,1795.32,2021-11-30 16:45:00,1801.8560199999997,TP1_TP2,0.41,142.49,10.25,2.05,130.19,0.29
XAUUSD_V3_754,XAUUSD,Cypher,LONG,2021-12-16 15:15:00,1788.97,2021-12-16 15:30:00,1788.97,TP1_BE,0.46,67.64,11.5,2.3,53.84,0.12
XAUUSD_V3_755,XAUUSD,Cypher,LONG,2021-12-16 15:45:00,1786.46,2021-12-16 16:30:00,1792.01508,TP1_TP2,0.63,188.55,15.75,3.15,169.65,0.38
XAUUSD_V3_756,XAUUSD,Cypher,LONG,2021-12-16 16:30:00,1787.56,2021-12-16 16:45:00,1792.01508,TP1_TP2,0.54,161.62,13.5,2.7,145.42,0.32
XAUUSD_V3_757,XAUUSD,Cypher,LONG,2022-01-17 16:00:00,1821.02,2022-01-17 16:15:00,1821.02,TP1_BE,1.5,11.42,37.5,7.5,-33.58,-0.07
XAUUSD_V3_758,XAUUSD,Cypher,LONG,2022-01-17 16:30:00,1820.51,2022-01-17 16:45:00,1820.51,TP1_BE,1.8,32.19,45.0,9.0,-21.81,-0.05
XAUUSD_V3_759,XAUUSD,Cypher,SHORT,2022-01-24 16:30:00,1839.38,2022-01-24 17:00:00,1831.4342199999999,TP1_TP2,0.66,274.87,16.5,3.3,255.07,0.57
XAUUSD_V3_760,XAUUSD,Cypher,SHORT,2022-01-24 17:00:00,1834.19,2022-01-24 17:15:00,1831.4342199999999,TP1_TP2,0.38,143.68,9.5,1.9,132.28,0.29
XAUUSD_V3_761,XAUUSD,Cypher,SHORT,2022-01-24 17:45:00,1832.69,2022-01-24 18:00:00,1832.69,TP1_BE,0.34,107.21,8.5,1.7,97.01,0.21
XAUUSD_V3_762,XAUUSD,Cypher,LONG,2022-02-08 15:00:00,1817.73,2022-02-08 17:15:00,1825.46326,TP1_TP2,2.06,990.64,51.5,10.3,928.84,2.02
XAUUSD_V3_763,XAUUSD,Cypher,LONG,2022-02-08 15:30:00,1819.74,2022-02-08 17:15:00,1825.46326,TP1_TP2,1.09,318.75,27.25,5.45,286.05,0.6
XAUUSD_V3_764,XAUUSD,Cypher,LONG,2022-02-16 13:45:00,1855.33,2022-02-16 14:00:00,1855.33,TP1_BE,1.59,71.7,39.75,7.95,24.0,0.05
XAUUSD_V3_765,XAUUSD,Cypher,LONG,2022-03-02 19:00:00,1918.82,2022-03-03 12:15:00,1933.46,TIMEOUT,0.42,614.88,10.5,2.1,602.28,1.24
XAUUSD_V3_766,XAUUSD,Cypher,LONG,2022-03-16 15:30:00,1918.84,2022-03-16 16:00:00,1910.0441300000002,SL,0.57,-501.36,14.25,2.85,-524.16,-1.05
XAUUSD_V3_767,XAUUSD,Cypher,LONG,2022-03-17 15:15:00,1940.33,2022-03-17 15:30:00,1940.33,TP1_BE,0.48,53.68,12.0,2.4,39.28,0.08
XAUUSD_V3_768,XAUUSD,Cypher,LONG,2022-03-17 15:45:00,1942.83,2022-03-17 16:00:00,1942.83,TP1_BE,0.39,5.14,9.75,1.95,-6.56,-0.01
XAUUSD_V3_769,XAUUSD,Cypher,LONG,2022-03-17 16:30:00,1946.75,2022-03-17 16:45:00,1946.75,TP1_BE,0.3,62.75,7.5,1.5,53.75,0.11
XAUUSD_V3_770,XAUUSD,Cypher,LONG,2022-04-07 15:00:00,1930.65,2022-04-07 15:15:00,1930.65,TP1_BE,0.52,100.39,13.0,2.6,84.79,0.17
XAUUSD_V3_771,XAUUSD,Cypher,LONG,2022-04-07 15:30:00,1928.79,2022-04-07 15:45:00,1928.79,TP1_BE,0.65,65.04,16.25,3.25,45.54,0.09
XAUUSD_V3_772,XAUUSD,Cypher,LONG,2022-04-07 16:15:00,1929.02,2022-04-07 16:30:00,1929.02,TP1_BE,0.63,70.28,15.75,3.15,51.38,0.1
XAUUSD_V3_773,XAUUSD,Cypher,LONG,2022-04-08 15:00:00,1933.79,2022-04-08 15:30:00,1933.79,TP1_BE,0.89,37.29,22.25,4.45,10.59,0.02
XAUUSD_V3_774,XAUUSD,Cypher,LONG,2022-04-08 15:30:00,1935.43,2022-04-08 15:45:00,1935.43,TP1_BE,0.69,85.49,17.25,3.45,64.79,0.13
XAUUSD_V3_775,XAUUSD,Cypher,LONG,2022-04-08 16:45:00,1939.09,2022-04-08 17:00:00,1937.5912399999997,TP1_TP2,0.4,160.83,10.0,2.0,148.83,0.3
XAUUSD_V3_776,XAUUSD,Cypher,LONG,2022-04-08 17:15:00,1945.48,2022-04-08 17:30:00,1945.48,TP1_BE,0.26,168.13,6.5,1.3,160.33,0.32
XAUUSD_V3_777,XAUUSD,Cypher,LONG,2022-04-08 18:00:00,1943.09,2022-04-08 18:15:00,1937.5912399999997,TP1_TP2,0.31,248.64,7.75,1.55,239.34,0.48
XAUUSD_V3_778,XAUUSD,Cypher,SHORT,2022-04-22 16:30:00,1936.94,2022-04-22 16:30:00,1944.318175,SL,0.68,-501.72,17.0,3.4,-528.92,-1.05
XAUUSD_V3_779,XAUUSD,Cypher,SHORT,2022-05-03 14:00:00,1858.55,2022-05-03 16:00:00,1865.86383,SL,0.68,-497.34,17.0,3.4,-524.54,-1.06
XAUUSD_V3_780,XAUUSD,Cypher,SHORT,2022-05-03 14:30:00,1860.4,2022-05-03 16:00:00,1865.86383,SL,0.9,-491.74,22.5,4.5,-527.74,-1.09
XAUUSD_V3_781,XAUUSD,Cypher,SHORT,2022-05-04 17:15:00,1863.51,2022-05-04 17:30:00,1863.51,TP1_BE,0.44,65.2,11.0,2.2,52.0,0.11
XAUUSD_V3_782,XAUUSD,Cypher,SHORT,2022-05-04 17:45:00,1864.25,2022-05-04 18:00:00,1864.25,TP1_BE,0.48,53.37,12.0,2.4,38.97,0.08
XAUUSD_V3_783,XAUUSD,Cypher,SHORT,2022-05-04 18:30:00,1866.94,2022-05-04 18:45:00,1866.94,TP1_BE,0.66,15.39,16.5,3.3,-4.41,-0.01
XAUUSD_V3_784,XAUUSD,Cypher,SHORT,2022-06-01 13:30:00,1830.0,2022-06-01 13:45:00,1830.0,TP1_BE,0.48,88.52,12.0,2.4,74.12,0.16
XAUUSD_V3_785,XAUUSD,Cypher,SHORT,2022-06-03 16:45:00,1860.83,2022-06-03 17:00:00,1860.83,TP1_BE,0.55,134.5,13.75,2.75,118.0,0.25
XAUUSD_V3_786,XAUUSD,Cypher,SHORT,2022-07-07 13:30:00,1742.02,2022-07-07 13:45:00,1742.02,TP1_BE,0.84,1.95,21.0,4.2,-23.25,-0.05
XAUUSD_V3_787,XAUUSD,Cypher,SHORT,2022-07-07 14:00:00,1742.65,2022-07-07 16:15:00,1742.65,TP1_BE,0.95,27.72,23.75,4.75,-0.78,-0.0
XAUUSD_V3_788,XAUUSD,Cypher,SHORT,2022-07-07 15:00:00,1743.75,2022-07-07 16:15:00,1743.75,TP1_BE,1.26,108.47,31.5,6.3,70.67,0.15
XAUUSD_V3_789,XAUUSD,Cypher,SHORT,2022-07-15 15:00:00,1704.52,2022-07-15 15:30:00,1704.52,TP1_BE,0.73,25.74,18.25,3.65,3.84,0.01
XAUUSD_V3_790,XAUUSD,Cypher,SHORT,2022-07-15 15:30:00,1704.47,2022-07-15 15:45:00,1704.47,TP1_BE,0.72,23.59,18.0,3.6,1.99,0.0
XAUUSD_V3_791,XAUUSD,Cypher,LONG,2022-08-11 19:15:00,1791.06,2022-08-12 17:30:00,1791.06,TP1_BE,0.45,73.33,11.25,2.25,59.83,0.12
XAUUSD_V3_792,XAUUSD,Cypher,LONG,2022-08-11 19:45:00,1789.46,2022-08-12 21:30:00,1801.74,TIMEOUT,0.53,650.84,13.25,2.65,634.94,1.32
XAUUSD_V3_793,XAUUSD,Cypher,SHORT,2022-08-16 18:45:00,1774.76,2022-08-16 19:15:00,1774.76,TP1_BE,0.69,19.01,17.25,3.45,-1.69,-0.0
XAUUSD_V3_794,XAUUSD,Cypher,SHORT,2022-08-16 19:15:00,1773.54,2022-08-16 19:30:00,1773.54,TP1_BE,0.59,19.73,14.75,2.95,2.03,0.0
XAUUSD_V3_795,XAUUSD,Cypher,SHORT,2022-08-16 20:00:00,1776.3,2022-08-16 20:45:00,1776.3,TP1_BE,0.87,90.96,21.75,4.35,64.86,0.13
XAUUSD_V3_796,XAUUSD,Cypher,LONG,2022-08-25 16:30:00,1759.83,2022-08-25 17:00:00,1753.06025,SL,0.73,-494.19,18.25,3.65,-523.39,-1.06
XAUUSD_V3_797,XAUUSD,Cypher,SHORT,2022-08-31 18:30:00,1720.28,2022-09-01 15:30:00,1696.2019800000003,TP1_TP2,0.5,733.14,12.5,2.5,718.14,1.48
XAUUSD_V3_798,XAUUSD,Cypher,SHORT,2022-08-31 19:00:00,1718.74,2022-09-01 15:30:00,1696.2019800000003,TP1_TP2,0.43,564.28,10.75,2.15,551.38,1.1
XAUUSD_V3_799,XAUUSD,Cypher,LONG,2022-09-05 18:00:00,1711.82,2022-09-06 03:30:00,1719.84294,TP1_TP2,1.31,649.31,32.75,6.55,610.01,1.2
XAUUSD_V3_800,XAUUSD,Cypher,SHORT,2022-09-19 16:15:00,1665.0,2022-09-19 16:30:00,1665.0,TP1_BE,0.91,73.93,22.75,4.55,46.63,0.09
XAUUSD_V3_801,XAUUSD,Cypher,SHORT,2022-09-19 16:45:00,1666.48,2022-09-19 17:30:00,1670.75107,SL,1.23,-525.34,30.75,6.15,-574.54,-1.1
XAUUSD_V3_802,XAUUSD,Cypher,SHORT,2022-09-29 13:45:00,1648.91,2022-09-29 15:15:00,1655.607885,SL,0.76,-509.04,19.0,3.8,-539.44,-1.05
XAUUSD_V3_803,XAUUSD,Cypher,SHORT,2022-09-29 14:15:00,1650.56,2022-09-29 15:15:00,1655.607885,SL,1.01,-509.84,25.25,5.05,-550.24,-1.1
XAUUSD_V3_804,XAUUSD,Cypher,LONG,2022-09-29 18:15:00,1657.57,2022-09-29 18:30:00,1657.57,TP1_BE,0.25,57.28,6.25,1.25,49.78,0.1
XAUUSD_V3_805,XAUUSD,Cypher,LONG,2022-09-29 18:45:00,1659.31,2022-09-29 19:45:00,1659.31,TP1_BE,0.23,72.71,5.75,1.15,65.81,0.13
XAUUSD_V3_806,XAUUSD,Cypher,LONG,2022-09-29 19:30:00,1660.5,2022-09-29 19:45:00,1660.5,TP1_BE,0.22,82.64,5.5,1.1,76.04,0.15
XAUUSD_V3_807,XAUUSD,Cypher,LONG,2022-10-04 15:45:00,1709.55,2022-10-04 16:15:00,1709.55,TP1_BE,0.34,26.87,8.5,1.7,16.67,0.03
XAUUSD_V3_808,XAUUSD,Cypher,LONG,2022-10-04 16:30:00,1708.84,2022-10-04 16:45:00,1708.84,TP1_BE,0.35,15.24,8.75,1.75,4.74,0.01
XAUUSD_V3_809,XAUUSD,Cypher,LONG,2022-10-04 15:15:00,1705.93,2022-10-04 17:45:00,1721.6734400000003,TP1_TP2,0.45,400.11,11.25,2.25,386.61,0.78
XAUUSD_V3_810,XAUUSD,Cypher,SHORT,2022-10-10 18:15:00,1667.95,2022-10-10 18:30:00,1667.95,TP1_BE,0.37,123.58,9.25,1.85,112.48,0.22
XAUUSD_V3_811,XAUUSD,Cypher,LONG,2022-10-24 16:15:00,1647.98,2022-10-24 17:00:00,1647.98,TP1_BE,1.44,166.67,36.0,7.2,123.47,0.24
XAUUSD_V3_812,XAUUSD,Cypher,SHORT,2022-10-31 17:45:00,1637.53,2022-10-31 19:15:00,1637.53,TP1_BE,0.59,21.84,14.75,2.95,4.14,0.01
XAUUSD_V3_813,XAUUSD,Cypher,SHORT,2022-10-31 18:15:00,1639.71,2022-11-01 04:30:00,1639.71,TP1_BE,0.78,113.9,19.5,3.9,90.5,0.18
XAUUSD_V3_814,XAUUSD,Cypher,LONG,2022-11-11 15:15:00,1760.27,2022-11-11 15:30:00,1760.27,TP1_BE,0.63,82.37,15.75,3.15,63.47,0.12
XAUUSD_V3_815,XAUUSD,Cypher,LONG,2022-11-22 17:15:00,1744.26,2022-11-22 20:00:00,1738.017365,SL,0.82,-511.9,20.5,4.1,-544.7,-1.07
XAUUSD_V3_816,XAUUSD,Cypher,LONG,2022-11-30 16:45:00,1762.26,2022-11-30 17:00:00,1762.26,TP1_BE,0.38,29.59,9.5,1.9,18.19,0.04
XAUUSD_V3_817,XAUUSD,Cypher,LONG,2022-12-12 15:45:00,1788.68,2022-12-12 16:30:00,1786.0679,SL,1.91,-498.91,47.75,9.55,-575.31,-1.15
XAUUSD_V3_818,XAUUSD,Cypher,SHORT,2022-12-19 18:15:00,1785.93,2022-12-19 18:30:00,1785.93,TP1_BE,0.37,104.64,9.25,1.85,93.54,0.19
XAUUSD_V3_819,XAUUSD,Cypher,SHORT,2022-12-19 18:45:00,1788.28,2022-12-19 19:00:00,1788.28,TP1_BE,0.45,74.39,11.25,2.25,60.89,0.12
XAUUSD_V3_820,XAUUSD,Cypher,SHORT,2022-12-19 19:30:00,1788.6,2022-12-19 19:45:00,1788.6,TP1_BE,0.46,68.68,11.5,2.3,54.88,0.11
XAUUSD_V3_821,XAUUSD,Cypher,SHORT,2023-01-26 17:15:00,1934.0,2023-01-26 18:15:00,1923.0425400000004,TP1_TP2,0.36,224.47,9.0,1.8,213.67,0.43
XAUUSD_V3_822,XAUUSD,Cypher,SHORT,2023-01-26 17:45:00,1928.66,2023-01-26 18:15:00,1923.0425400000004,TP1_TP2,0.26,162.12,6.5,1.3,154.32,0.31
XAUUSD_V3_823,XAUUSD,Cypher,SHORT,2023-01-26 18:30:00,1925.7,2023-01-26 18:45:00,1925.7,TP1_BE,0.23,112.85,5.75,1.15,105.95,0.21
XAUUSD_V3_824,XAUUSD,Cypher,LONG,2023-02-09 16:30:00,1887.09,2023-02-09 16:45:00,1887.09,TP1_BE,0.48,80.92,12.0,2.4,66.52,0.13
XAUUSD_V3_825,XAUUSD,Cypher,SHORT,2023-02-20 16:45:00,1845.88,2023-02-21 05:00:00,1839.3462999999997,TP1_TP2,1.69,691.95,42.25,8.45,641.25,1.28
XAUUSD_V3_826,XAUUSD,Cypher,LONG,2023-03-06 19:15:00,1851.96,2023-03-06 19:30:00,1851.96,TP1_BE,1.08,14.78,27.0,5.4,-17.62,-0.03
XAUUSD_V3_827,XAUUSD,Cypher,LONG,2023-03-24 17:00:00,1994.47,2023-03-24 19:30:00,1977.978055,SL,0.31,-511.25,7.75,1.55,-523.65,-1.02
XAUUSD_V3_828,XAUUSD,Cypher,LONG,2023-03-24 17:30:00,1993.32,2023-03-24 19:30:00,1977.978055,SL,0.34,-521.63,8.5,1.7,-535.23,-1.06
XAUUSD_V3_829,XAUUSD,Cypher,LONG,2023-04-04 15:15:00,1984.24,2023-04-04 15:30:00,1984.24,TP1_BE,0.58,61.7,14.5,2.9,44.3,0.09
XAUUSD_V3_830,XAUUSD,Cypher,LONG,2023-04-04 15:45:00,1984.51,2023-04-04 16:00:00,1984.51,TP1_BE,0.56,67.13,14.0,2.8,50.33,0.1
XAUUSD_V3_831,XAUUSD,Cypher,LONG,2023-04-04 16:30:00,1987.33,2023-04-04 16:45:00,1990.23904,TP1_TP2,0.43,174.72,10.75,2.15,161.82,0.33
XAUUSD_V3_832,XAUUSD,Cypher,LONG,2023-04-12 14:15:00,2008.77,2023-04-12 16:30:00,2008.77,TP1_BE,0.64,226.95,16.0,3.2,207.75,0.42
XAUUSD_V3_833,XAUUSD,Cypher,LONG,2023-04-12 14:45:00,2008.14,2023-04-12 16:30:00,2008.14,TP1_BE,0.69,266.42,17.25,3.45,245.72,0.49
XAUUSD_V3_834,XAUUSD,Shark,SHORT,2023-05-22 13:30:00,1980.27,2023-05-22 14:30:00,1974.37,TP1_TP2,1.24,369.99,31.0,6.2,332.79,0.65
XAUUSD_V3_835,XAUUSD,Shark,SHORT,2023-05-22 14:15:00,1976.83,2023-05-22 14:30:00,1976.83,TP1_BE,0.67,112.98,16.75,3.35,92.88,0.18
XAUUSD_V3_836,XAUUSD,Gartley,LONG,2023-07-20 15:15:00,1980.74,2023-07-20 15:15:00,1977.22644,SL,1.47,-516.49,36.75,7.35,-575.29,-1.11
XAUUSD_V3_837,XAUUSD,Cypher,LONG,2023-07-27 13:45:00,1975.98,2023-07-27 15:00:00,1975.98,TP1_BE,0.79,116.66,19.75,3.95,92.96,0.18
XAUUSD_V3_838,XAUUSD,Cypher,LONG,2023-07-27 14:15:00,1976.96,2023-07-27 15:00:00,1976.96,TP1_BE,0.69,68.08,17.25,3.45,47.38,0.09
XAUUSD_V3_839,XAUUSD,Cypher,LONG,2023-08-23 14:30:00,1903.1,2023-08-23 14:45:00,1903.1,TP1_BE,1.34,54.71,33.5,6.7,14.51,0.03
XAUUSD_V3_840,XAUUSD,Cypher,LONG,2023-08-23 15:00:00,1903.31,2023-08-23 15:15:00,1903.31,TP1_BE,1.27,38.51,31.75,6.35,0.41,0.0
XAUUSD_V3_841,XAUUSD,Cypher,LONG,2023-08-23 15:45:00,1908.47,2023-08-23 16:00:00,1908.47,TP1_BE,0.56,127.5,14.0,2.8,110.7,0.22
XAUUSD_V3_842,XAUUSD,Gartley,LONG,2023-09-11 16:30:00,1929.21,2023-09-11 16:45:00,1929.21,TP1_BE,0.64,29.9,16.0,3.2,10.7,0.02
XAUUSD_V3_843,XAUUSD,Cypher,SHORT,2023-09-11 17:30:00,1924.51,2023-09-11 18:15:00,1921.4351600000002,TP1_TP2,0.61,154.29,15.25,3.05,135.99,0.27
XAUUSD_V3_844,XAUUSD,Cypher,SHORT,2023-09-11 18:45:00,1923.3,2023-09-11 19:00:00,1923.3,TP1_BE,0.54,86.23,13.5,2.7,70.03,0.14
XAUUSD_V3_845,XAUUSD,Gartley,LONG,2023-09-11 17:00:00,1925.87,2023-09-12 04:00:00,1921.213345,SL,1.1,-512.23,27.5,5.5,-556.23,-1.08
XAUUSD_V3_846,XAUUSD,Cypher,LONG,2023-09-15 16:30:00,1924.75,2023-09-15 16:45:00,1924.75,TP1_BE,0.47,138.92,11.75,2.35,124.82,0.25
XAUUSD_V3_847,XAUUSD,Cypher,LONG,2023-09-15 17:00:00,1924.93,2023-09-15 17:15:00,1922.12132,TP1_TP2,0.46,204.7,11.5,2.3,190.9,0.38
XAUUSD_V3_848,XAUUSD,Cypher,LONG,2023-09-15 17:45:00,1929.6,2023-09-15 18:00:00,1929.6,TP1_BE,0.33,177.56,8.25,1.65,167.66,0.33
XAUUSD_V3_849,XAUUSD,Cypher,SHORT,2023-11-27 13:15:00,2013.47,2023-11-27 15:45:00,2013.47,TP1_BE,0.9,132.31,22.5,4.5,105.31,0.21
XAUUSD_V3_850,XAUUSD,Cypher,SHORT,2023-12-20 18:15:00,2034.52,2023-12-20 18:30:00,2034.52,TP1_BE,0.5,26.61,12.5,2.5,11.61,0.02
XAUUSD_V3_851,XAUUSD,Cypher,LONG,2023-12-22 19:45:00,2054.67,2023-12-26 16:30:00,2054.67,TP1_BE,0.4,170.17,10.0,2.0,158.17,0.31
XAUUSD_V3_852,XAUUSD,Cypher,LONG,2024-02-02 14:00:00,2056.17,2024-02-02 14:15:00,2056.17,TP1_BE,0.92,40.52,23.0,4.6,12.92,0.02
XAUUSD_V3_853,XAUUSD,Cypher,LONG,2024-02-02 13:15:00,2054.1,2024-02-02 14:45:00,2054.1,TP1_BE,1.45,86.22,36.25,7.25,42.72,0.08
XAUUSD_V3_854,XAUUSD,Cypher,LONG,2024-02-07 17:30:00,2039.08,2024-02-07 17:45:00,2039.08,TP1_BE,0.66,146.8,16.5,3.3,127.0,0.24
XAUUSD_V3_855,XAUUSD,Gartley,LONG,2024-03-04 14:45:00,2082.86,2024-03-04 15:45:00,2090.11888,TP1_TP2,1.28,655.4,32.0,6.4,617.0,1.18
XAUUSD_V3_856,XAUUSD,Gartley,LONG,2024-03-04 15:00:00,2082.61,2024-03-04 15:45:00,2090.11888,TP1_TP2,1.36,730.36,34.0,6.8,689.56,1.29
XAUUSD_V3_857,XAUUSD,Gartley,SHORT,2024-03-19 16:00:00,2151.25,2024-03-19 16:15:00,2151.25,TP1_BE,0.43,6.33,10.75,2.15,-6.57,-0.01
XAUUSD_V3_858,XAUUSD,Cypher,LONG,2024-03-19 17:00:00,2154.9,2024-03-19 17:15:00,2154.9,TP1_BE,0.49,3.56,12.25,2.45,-11.14,-0.02
XAUUSD_V3_859,XAUUSD,Gartley,SHORT,2024-03-19 16:30:00,2152.87,2024-03-19 17:30:00,2152.87,TP1_BE,0.49,32.48,12.25,2.45,17.78,0.03
XAUUSD_V3_860,XAUUSD,Cypher,LONG,2024-03-19 17:30:00,2153.42,2024-03-19 18:00:00,2153.42,TP1_BE,0.56,37.37,14.0,2.8,20.57,0.04
XAUUSD_V3_861,XAUUSD,Cypher,LONG,2024-03-19 18:15:00,2154.07,2024-03-19 18:30:00,2154.07,TP1_BE,0.78,60.96,19.5,3.9,37.56,0.07
XAUUSD_V3_862,XAUUSD,Cypher,LONG,2024-03-19 18:15:00,2154.07,2024-03-19 18:30:00,2154.07,TP1_BE,0.53,18.14,13.25,2.65,2.24,0.0
XAUUSD_V3_863,XAUUSD,Cypher,LONG,2024-04-05 16:30:00,2295.42,2024-04-05 16:45:00,2295.42,TP1_BE,0.24,64.45,6.0,1.2,57.25,0.1
XAUUSD_V3_864,XAUUSD,Cypher,LONG,2024-04-05 17:00:00,2299.71,2024-04-05 17:15:00,2299.71,TP1_BE,0.21,101.44,5.25,1.05,95.14,0.17
XAUUSD_V3_865,XAUUSD,Cypher,LONG,2024-04-05 17:45:00,2322.62,2024-04-05 18:00:00,2322.62,TP1_BE,0.11,179.14,2.75,0.55,175.84,0.32
XAUUSD_V3_866,XAUUSD,Cypher,SHORT,2024-04-10 19:30:00,2336.67,2024-04-10 19:45:00,2336.67,TP1_BE,0.29,159.62,7.25,1.45,150.92,0.27
XAUUSD_V3_867,XAUUSD,Cypher,LONG,2024-04-29 18:45:00,2338.16,2024-04-29 19:00:00,2338.16,TP1_BE,0.28,39.98,7.0,1.4,31.58,0.06
XAUUSD_V3_868,XAUUSD,Cypher,LONG,2024-05-08 18:30:00,2317.31,2024-05-08 18:45:00,2317.31,TP1_BE,0.35,52.46,8.75,1.75,41.96,0.07
XAUUSD_V3_869,XAUUSD,Cypher,SHORT,2024-05-13 16:45:00,2342.67,2024-05-13 17:00:00,2342.67,TP1_BE,0.45,2.71,11.25,2.25,-10.79,-0.02
XAUUSD_V3_870,XAUUSD,Cypher,SHORT,2024-05-13 17:30:00,2345.2,2024-05-14 08:30:00,2345.2,TP1_BE,0.57,68.67,14.25,2.85,51.57,0.09
XAUUSD_V3_871,XAUUSD,Cypher,SHORT,2024-05-13 16:15:00,2348.12,2024-05-14 11:00:00,2339.19,TIMEOUT,0.81,723.33,20.25,4.05,699.03,1.24
XAUUSD_V3_872,XAUUSD,Cypher,SHORT,2024-05-27 13:15:00,2344.71,2024-05-27 16:15:00,2349.86873,SL,1.12,-577.78,28.0,5.6,-622.58,-1.08
XAUUSD_V3_873,XAUUSD,Cypher,SHORT,2024-05-27 14:00:00,2344.96,2024-05-27 16:15:00,2349.86873,SL,1.17,-574.32,29.25,5.85,-621.12,-1.1
XAUUSD_V3_874,XAUUSD,Cypher,LONG,2024-06-05 16:15:00,2341.55,2024-06-05 16:30:00,2341.55,TP1_BE,0.44,168.87,11.0,2.2,155.67,0.28
XAUUSD_V3_875,XAUUSD,Cypher,LONG,2024-06-17 17:45:00,2325.07,2024-06-17 18:00:00,2325.07,TP1_BE,0.51,118.61,12.75,2.55,103.31,0.19
XAUUSD_V3_876,XAUUSD,Cypher,SHORT,2024-06-25 18:15:00,2323.75,2024-06-25 18:30:00,2317.39794,TP1_TP2,0.81,305.68,20.25,4.05,281.38,0.51
XAUUSD_V3_877,XAUUSD,Cypher,LONG,2024-07-05 14:00:00,2365.04,2024-07-05 14:15:00,2365.04,TP1_BE,0.93,29.33,23.25,4.65,1.43,0.0
XAUUSD_V3_878,XAUUSD,Cypher,LONG,2024-07-05 14:30:00,2365.06,2024-07-05 15:30:00,2365.06,TP1_BE,0.93,28.4,23.25,4.65,0.5,0.0
XAUUSD_V3_879,XAUUSD,Cypher,LONG,2024-07-05 15:15:00,2367.01,2024-07-05 15:30:00,2367.01,TP1_BE,0.7,46.88,17.5,3.5,25.88,0.05
XAUUSD_V3_880,XAUUSD,Cypher,SHORT,2024-07-26 14:30:00,2373.14,2024-07-26 16:30:00,2379.886715,SL,0.83,-559.98,20.75,4.15,-593.18,-1.05
XAUUSD_V3_881,XAUUSD,Cypher,SHORT,2024-07-29 14:15:00,2391.54,2024-07-29 14:30:00,2391.54,TP1_BE,0.87,14.19,21.75,4.35,-11.91,-0.02
XAUUSD_V3_882,XAUUSD,Cypher,SHORT,2024-07-29 14:45:00,2390.55,2024-07-29 15:00:00,2385.54964,TP1_TP2,0.75,236.87,18.75,3.75,214.37,0.39
XAUUSD_V3_883,XAUUSD,Cypher,SHORT,2024-07-29 15:30:00,2390.25,2024-07-29 15:45:00,2390.25,TP1_BE,0.73,58.99,18.25,3.65,37.09,0.07
XAUUSD_V3_884,XAUUSD,Cypher,LONG,2024-07-31 14:30:00,2419.57,2024-07-31 14:45:00,2419.57,TP1_BE,1.23,73.61,30.75,6.15,36.71,0.07
XAUUSD_V3_885,XAUUSD,Cypher,LONG,2024-07-31 15:00:00,2419.42,2024-07-31 15:30:00,2419.42,TP1_BE,1.28,86.2,32.0,6.4,47.8,0.09
XAUUSD_V3_886,XAUUSD,Cypher,LONG,2024-07-31 16:00:00,2420.33,2024-07-31 16:15:00,2420.33,TP1_BE,0.95,26.35,23.75,4.75,-2.15,-0.0
XAUUSD_V3_887,XAUUSD,Cypher,LONG,2024-07-31 17:15:00,2428.36,2024-07-31 17:30:00,2428.36,TP1_BE,0.4,149.51,10.0,2.0,137.51,0.25
XAUUSD_V3_888,XAUUSD,Cypher,LONG,2024-07-31 16:30:00,2419.77,2024-07-31 17:45:00,2419.77,TP1_BE,1.05,58.52,26.25,5.25,27.02,0.05
XAUUSD_V3_889,XAUUSD,Cypher,LONG,2024-08-09 17:45:00,2430.51,2024-08-09 18:00:00,2430.51,TP1_BE,0.37,38.68,9.25,1.85,27.58,0.05
XAUUSD_V3_890,XAUUSD,Cypher,LONG,2024-08-09 18:15:00,2427.96,2024-08-09 18:30:00,2427.96,TP1_BE,0.45,10.33,11.25,2.25,-3.17,-0.01
XAUUSD_V3_891,XAUUSD,Cypher,LONG,2024-08-09 19:00:00,2431.35,2024-08-09 19:15:00,2431.35,TP1_BE,0.35,51.29,8.75,1.75,40.79,0.07
XAUUSD_V3_892,XAUUSD,Cypher,LONG,2024-08-13 14:45:00,2464.16,2024-08-13 15:30:00,2468.82384,TP1_TP2,0.7,187.2,17.5,3.5,166.2,0.3
XAUUSD_V3_893,XAUUSD,Cypher,LONG,2024-08-13 15:15:00,2465.88,2024-08-13 15:30:00,2465.88,TP1_BE,0.58,69.74,14.5,2.9,52.34,0.09
XAUUSD_V3_894,XAUUSD,Cypher,LONG,2024-08-23 17:45:00,2510.66,2024-08-23 18:00:00,2510.66,TP1_BE,0.28,159.28,7.0,1.4,150.88,0.27
XAUUSD_V3_895,XAUUSD,Cypher,LONG,2024-08-23 18:15:00,2515.89,2024-08-23 18:30:00,2515.89,TP1_BE,0.22,182.68,5.5,1.1,176.08,0.31
XAUUSD_V3_896,XAUUSD,Cypher,LONG,2024-08-23 19:00:00,2509.72,2024-08-23 19:15:00,2509.72,TP1_BE,0.3,156.56,7.5,1.5,147.56,0.26
XAUUSD_V3_897,XAUUSD,Cypher,LONG,2024-09-12 15:00:00,2519.41,2024-09-12 15:15:00,2519.41,TP1_BE,0.56,43.5,14.0,2.8,26.7,0.05
XAUUSD_V3_898,XAUUSD,Cypher,LONG,2024-09-12 15:30:00,2520.2,2024-09-12 15:45:00,2526.3941199999995,TP1_TP2,0.52,221.98,13.0,2.6,206.38,0.36
XAUUSD_V3_899,XAUUSD,Cypher,LONG,2024-09-12 16:15:00,2538.0,2024-09-12 16:30:00,2538.0,TP1_BE,0.2,201.44,5.0,1.0,195.44,0.34
XAUUSD_V3_900,XAUUSD,Cypher,SHORT,2024-09-17 19:30:00,2564.54,2024-09-17 19:45:00,2564.54,TP1_BE,0.24,108.35,6.0,1.2,101.15,0.17
XAUUSD_V3_901,XAUUSD,Cypher,LONG,2024-10-10 16:30:00,2617.71,2024-10-10 16:45:00,2617.71,TP1_BE,0.63,48.87,15.75,3.15,29.97,0.05
XAUUSD_V3_902,XAUUSD,Cypher,LONG,2024-10-10 16:45:00,2617.25,2024-10-10 17:00:00,2624.55906,TP1_TP2,0.62,265.15,15.5,3.1,246.55,0.42
XAUUSD_V3_903,XAUUSD,Gartley,LONG,2024-10-17 13:15:00,2683.17,2024-10-17 13:30:00,2688.1108799999997,TP1_TP2,0.57,163.84,14.25,2.85,146.74,0.25
XAUUSD_V3_904,XAUUSD,Gartley,LONG,2024-10-17 13:45:00,2686.93,2024-10-17 14:00:00,2686.93,TP1_BE,0.42,95.92,10.5,2.1,83.32,0.14
XAUUSD_V3_905,XAUUSD,Gartley,LONG,2024-10-17 14:30:00,2687.42,2024-10-17 14:45:00,2687.42,TP1_BE,0.41,103.68,10.25,2.05,91.38,0.15
XAUUSD_V3_906,XAUUSD,Cypher,LONG,2024-10-18 17:15:00,2715.4,2024-10-18 17:45:00,2715.4,TP1_BE,0.42,112.06,10.5,2.1,99.46,0.17
XAUUSD_V3_907,XAUUSD,Cypher,LONG,2024-10-18 17:45:00,2718.87,2024-10-18 18:00:00,2718.87,TP1_BE,0.34,149.71,8.5,1.7,139.51,0.23
XAUUSD_V3_908,XAUUSD,Cypher,LONG,2024-10-18 18:30:00,2717.45,2024-10-18 18:45:00,2717.45,TP1_BE,0.37,136.65,9.25,1.85,125.55,0.21
XAUUSD_V3_909,XAUUSD,Cypher,LONG,2024-10-24 16:30:00,2742.67,2024-10-24 16:45:00,2742.67,TP1_BE,0.58,154.99,14.5,2.9,137.59,0.23
XAUUSD_V3_910,XAUUSD,Cypher,LONG,2024-10-28 15:45:00,2742.0,2024-10-28 16:00:00,2742.0,TP1_BE,0.44,196.6,11.0,2.2,183.4,0.3
XAUUSD_V3_911,XAUUSD,Cypher,LONG,2024-11-19 19:00:00,2626.32,2024-11-19 20:15:00,2626.32,TP1_BE,0.44,133.13,11.0,2.2,119.93,0.2
XAUUSD_V3_912,XAUUSD,Cypher,LONG,2024-11-19 18:30:00,2624.32,2024-11-20 09:30:00,2624.32,TP1_BE,0.52,209.33,13.0,2.6,193.73,0.32
XAUUSD_V3_913,XAUUSD,Cypher,LONG,2024-11-21 16:00:00,2665.53,2024-11-21 16:30:00,2665.53,TP1_BE,0.56,83.17,14.0,2.8,66.37,0.11
XAUUSD_V3_914,XAUUSD,Cypher,LONG,2024-11-21 16:30:00,2667.09,2024-11-21 16:45:00,2667.09,TP1_BE,0.49,34.55,12.25,2.45,19.85,0.03
XAUUSD_V3_915,XAUUSD,Cypher,LONG,2024-11-21 17:15:00,2665.71,2024-11-21 17:30:00,2665.71,TP1_BE,0.55,76.73,13.75,2.75,60.23,0.1
XAUUSD_V3_916,XAUUSD,Cypher,LONG,2025-01-02 16:15:00,2646.9,2025-01-02 16:30:00,2646.9,TP1_BE,0.4,88.69,10.0,2.0,76.69,0.12
XAUUSD_V3_917,XAUUSD,Cypher,LONG,2025-01-02 16:45:00,2648.64,2025-01-02 17:00:00,2648.64,TP1_BE,0.36,111.14,9.0,1.8,100.34,0.16
XAUUSD_V3_918,XAUUSD,Cypher,LONG,2025-01-02 17:30:00,2648.53,2025-01-02 18:30:00,2658.0409799999993,TP1_TP2,0.36,280.35,9.0,1.8,269.55,0.43
XAUUSD_V3_919,XAUUSD,Cypher,LONG,2025-02-21 18:45:00,2936.3,2025-02-21 19:00:00,2936.3,TP1_BE,0.28,54.66,7.0,1.4,46.26,0.07
XAUUSD_V3_920,XAUUSD,Cypher,LONG,2025-02-21 19:30:00,2937.83,2025-02-21 20:15:00,2937.83,TP1_BE,0.26,70.64,6.5,1.3,62.84,0.1
XAUUSD_V3_921,XAUUSD,Cypher,LONG,2025-02-21 18:15:00,2931.37,2025-02-24 02:45:00,2931.37,TP1_BE,0.36,18.46,9.0,1.8,7.66,0.01
XAUUSD_V3_922,XAUUSD,Cypher,LONG,2025-03-13 16:00:00,2950.32,2025-03-13 16:30:00,2961.0644599999996,TP1_TP2,0.4,313.53,10.0,2.0,301.53,0.48
XAUUSD_V3_923,XAUUSD,Cypher,LONG,2025-03-13 16:30:00,2953.56,2025-03-13 16:45:00,2961.0644599999996,TP1_TP2,0.33,258.66,8.25,1.65,248.76,0.39
XAUUSD_V3_924,XAUUSD,Cypher,LONG,2025-03-13 17:15:00,2972.58,2025-03-13 17:30:00,2972.58,TP1_BE,0.17,231.13,4.25,0.85,226.03,0.35
XAUUSD_V3_925,XAUUSD,Cypher,LONG,2025-04-21 15:00:00,3404.45,2025-04-21 15:15:00,3404.45,TP1_BE,0.28,153.55,7.0,1.4,145.15,0.22
XAUUSD_V3_926,XAUUSD,Cypher,LONG,2025-04-21 15:30:00,3398.56,2025-04-21 15:45:00,3411.2036000000007,TP1_TP2,0.38,336.71,9.5,1.9,325.31,0.5
XAUUSD_V3_927,XAUUSD,Cypher,LONG,2025-04-21 16:15:00,3420.59,2025-04-21 16:30:00,3420.59,TP1_BE,0.17,230.42,4.25,0.85,225.32,0.34
XAUUSD_V3_928,XAUUSD,Cypher,LONG,2025-04-29 13:15:00,3312.02,2025-04-29 15:15:00,3301.12203,SL,0.61,-664.78,15.25,3.05,-689.18,-1.04
XAUUSD_V3_929,XAUUSD,Cypher,SHORT,2025-04-29 17:30:00,3314.99,2025-04-29 19:00:00,3314.99,TP1_BE,0.41,133.68,10.25,2.05,121.38,0.19
XAUUSD_V3_930,XAUUSD,Cypher,SHORT,2025-04-29 18:00:00,3314.48,2025-04-29 19:00:00,3314.48,TP1_BE,0.4,120.22,10.0,2.0,108.22,0.17
XAUUSD_V3_931,XAUUSD,Cypher,LONG,2025-05-06 16:15:00,3394.36,2025-05-06 16:30:00,3394.36,TP1_BE,0.25,173.09,6.25,1.25,165.59,0.25
XAUUSD_V3_932,XAUUSD,Cypher,LONG,2025-05-06 16:45:00,3392.3,2025-05-06 17:00:00,3392.3,TP1_BE,0.27,159.13,6.75,1.35,151.03,0.23
XAUUSD_V3_933,XAUUSD,Cypher,LONG,2025-05-06 17:30:00,3383.99,2025-05-06 17:45:00,3383.99,TP1_BE,0.41,71.28,10.25,2.05,58.98,0.09
XAUUSD_V3_934,XAUUSD,Cypher,LONG,2025-05-07 18:15:00,3387.21,2025-05-07 20:00:00,3387.21,TP1_BE,0.3,34.96,7.5,1.5,25.96,0.04
XAUUSD_V3_935,XAUUSD,Cypher,LONG,2025-05-07 18:45:00,3385.29,2025-05-07 20:00:00,3385.29,TP1_BE,0.33,70.14,8.25,1.65,60.24,0.09
XAUUSD_V3_936,XAUUSD,Cypher,LONG,2025-05-28 16:00:00,3312.26,2025-05-28 18:00:00,3296.08219,SL,0.41,-663.29,10.25,2.05,-679.69,-1.03
XAUUSD_V3_937,XAUUSD,Cypher,SHORT,2025-06-18 18:45:00,3387.89,2025-06-19 04:00:00,3387.89,TP1_BE,0.35,74.31,8.75,1.75,63.81,0.1
XAUUSD_V3_938,XAUUSD,Cypher,LONG,2025-07-02 18:15:00,3342.42,2025-07-03 15:30:00,3342.42,TP1_BE,0.39,41.3,9.75,1.95,29.6,0.05
XAUUSD_V3_939,XAUUSD,Cypher,LONG,2025-07-02 18:45:00,3341.37,2025-07-03 15:30:00,3341.37,TP1_BE,0.42,66.53,10.5,2.1,53.93,0.08
XAUUSD_V3_940,XAUUSD,Cypher,SHORT,2025-07-07 16:45:00,3311.38,2025-07-07 17:45:00,3320.0123500000004,SL,0.75,-647.43,18.75,3.75,-677.43,-1.04
XAUUSD_V3_941,XAUUSD,Cypher,SHORT,2025-07-25 17:30:00,3337.98,2025-07-25 17:45:00,3330.9055,TP1_TP2,0.43,207.62,10.75,2.15,194.72,0.31
XAUUSD_V3_942,XAUUSD,Cypher,SHORT,2025-07-25 18:00:00,3331.58,2025-07-25 18:15:00,3331.58,TP1_BE,0.3,134.73,7.5,1.5,125.73,0.2
XAUUSD_V3_943,XAUUSD,Cypher,SHORT,2025-07-25 18:45:00,3327.21,2025-07-25 19:00:00,3327.21,TP1_BE,0.25,166.9,6.25,1.25,159.4,0.25
XAUUSD_V3_944,XAUUSD,Cypher,SHORT,2025-08-15 17:00:00,3335.28,2025-08-15 17:15:00,3335.28,TP1_BE,0.4,60.1,10.0,2.0,48.1,0.07
XAUUSD_V3_945,XAUUSD,Cypher,SHORT,2025-08-15 17:30:00,3338.59,2025-08-15 19:30:00,3338.59,TP1_BE,0.5,7.63,12.5,2.5,-7.37,-0.01
XAUUSD_V3_946,XAUUSD,Cypher,SHORT,2025-08-15 18:15:00,3342.41,2025-08-18 02:15:00,3326.5449,TP1_TP2,0.71,709.66,17.75,3.55,688.36,1.06
XAUUSD_V3_947,XAUUSD,Cypher,LONG,2025-08-25 13:15:00,3367.67,2025-08-25 13:30:00,3367.67,TP1_BE,0.71,30.65,17.75,3.55,9.35,0.01
XAUUSD_V3_948,XAUUSD,Cypher,LONG,2025-08-25 13:45:00,3367.03,2025-08-25 14:00:00,3367.03,TP1_BE,0.76,8.49,19.0,3.8,-14.31,-0.02
XAUUSD_V3_949,XAUUSD,Cypher,LONG,2025-08-25 14:30:00,3367.85,2025-08-25 15:30:00,3367.85,TP1_BE,0.7,36.52,17.5,3.5,15.52,0.02
XAUUSD_V3_950,XAUUSD,Cypher,LONG,2025-09-05 13:15:00,3550.57,2025-09-05 14:15:00,3550.57,TP1_BE,0.5,108.0,12.5,2.5,93.0,0.14
XAUUSD_V3_951,XAUUSD,Cypher,LONG,2025-09-05 14:00:00,3551.8,2025-09-05 14:15:00,3551.8,TP1_BE,0.46,71.07,11.5,2.3,57.27,0.09
XAUUSD_V3_952,XAUUSD,Cypher,LONG,2025-10-15 19:45:00,4196.62,2025-10-15 20:00:00,4196.62,TP1_BE,0.2,29.75,5.0,1.0,23.75,0.04
XAUUSD_V3_953,XAUUSD,Cypher,LONG,2025-11-27 19:45:00,4157.37,2025-11-27 20:00:00,4157.37,TP1_BE,0.62,12.86,15.5,3.1,-5.74,-0.01
XAUUSD_V3_954,XAUUSD,Cypher,LONG,2025-11-27 19:15:00,4155.06,2025-11-28 02:15:00,4169.83138,TP1_TP2,0.78,682.35,19.5,3.9,658.95,0.99
XAUUSD_V3_955,XAUUSD,Cypher,SHORT,2025-12-04 14:30:00,4194.39,2025-12-04 15:15:00,4194.39,TP1_BE,0.3,31.03,7.5,1.5,22.03,0.03
XAUUSD_V3_956,XAUUSD,Cypher,SHORT,2025-12-04 14:00:00,4198.5,2025-12-04 16:00:00,4198.5,TP1_BE,0.37,114.31,9.25,1.85,103.21,0.15
XAUUSD_V3_957,XAUUSD,Cypher,SHORT,2025-12-08 16:15:00,4209.63,2025-12-08 16:45:00,4209.63,TP1_BE,0.51,101.17,12.75,2.55,85.87,0.13
XAUUSD_V3_958,XAUUSD,Cypher,SHORT,2025-12-08 14:30:00,4211.63,2025-12-08 17:00:00,4193.594660000001,TP1_TP2,0.75,922.59,18.75,3.75,900.09,1.32
XAUUSD_V3_959,XAUUSD,Cypher,SHORT,2025-12-08 17:00:00,4196.59,2025-12-08 17:15:00,4191.4594400000005,TP1_TP2,0.26,184.64,6.5,1.3,176.84,0.25
XAUUSD_V3_960,XAUUSD,Cypher,LONG,2025-12-17 19:45:00,4338.72,2025-12-17 20:15:00,4338.72,TP1_BE,0.22,6.7,5.5,1.1,0.1,0.0
XAUUSD_V3_961,XAUUSD,Cypher,LONG,2025-12-17 19:15:00,4332.52,2025-12-17 20:30:00,4332.52,TP1_BE,0.28,78.27,7.0,1.4,69.87,0.1
XAUUSD_V3_962,XAUUSD,Cypher,LONG,2025-12-19 13:30:00,4327.2,2025-12-19 14:00:00,4327.2,TP1_BE,0.67,66.45,16.75,3.35,46.35,0.07
XAUUSD_V3_963,XAUUSD,Cypher,LONG,2025-12-19 14:00:00,4327.19,2025-12-19 15:45:00,4327.19,TP1_BE,0.67,66.78,16.75,3.35,46.68,0.07
XAUUSD_V3_964,XAUUSD,Cypher,LONG,2025-12-26 14:45:00,4512.69,2025-12-26 16:45:00,4512.69,TP1_BE,0.36,54.9,9.0,1.8,44.1,0.06
XAUUSD_V3_965,XAUUSD,Cypher,LONG,2025-12-26 15:15:00,4514.6,2025-12-26 16:45:00,4514.6,TP1_BE,0.33,18.81,8.25,1.65,8.91,0.01
XAUUSD_V3_966,XAUUSD,Cypher,LONG,2025-12-30 19:00:00,4377.69,2025-12-30 19:15:00,4377.69,TP1_BE,0.18,2.55,4.5,0.9,-2.85,-0.0
XAUUSD_V3_967,XAUUSD,Cypher,LONG,2025-12-30 19:30:00,4374.8,2025-12-30 20:15:00,4374.8,TP1_BE,0.19,30.15,4.75,0.95,24.45,0.03
XAUUSD_V3_968,XAUUSD,Cypher,LONG,2025-12-30 17:45:00,4362.52,2025-12-30 20:30:00,4362.52,TP1_BE,0.3,235.87,7.5,1.5,226.87,0.32
XAUUSD_V3_969,XAUUSD,Cypher,LONG,2026-01-06 16:45:00,4479.44,2026-01-06 17:00:00,4479.44,TP1_BE,0.2,119.34,5.0,1.0,113.34,0.16
XAUUSD_V3_970,XAUUSD,Cypher,LONG,2026-01-06 17:15:00,4480.19,2026-01-06 17:30:00,4480.19,TP1_BE,0.19,120.5,4.75,0.95,114.8,0.16
XAUUSD_V3_971,XAUUSD,Cypher,LONG,2026-01-06 18:00:00,4478.28,2026-01-06 18:15:00,4478.28,TP1_BE,0.2,107.74,5.0,1.0,101.74,0.14
XAUUSD_V3_972,XAUUSD,Gartley,LONG,2026-01-27 14:45:00,5089.01,2026-01-27 15:00:00,5089.01,TP1_BE,0.18,13.63,4.5,0.9,8.23,0.01
XAUUSD_V3_973,XAUUSD,Gartley,LONG,2026-01-27 15:15:00,5090.09,2026-01-27 15:30:00,5090.09,TP1_BE,0.18,23.35,4.5,0.9,17.95,0.02
XAUUSD_V3_974,XAUUSD,Gartley,LONG,2026-01-27 16:00:00,5077.34,2026-01-27 16:15:00,5049.458705,SL,0.26,-724.91,6.5,1.3,-735.31,-1.02
XAUUSD_V3_975,XAUUSD,Cypher,SHORT,2026-03-10 18:15:00,51.85,2026-03-16 16:45:00,47.88,TIMEOUT,2.89,1147.33,72.25,14.45,1060.63,1.5
XAUUSD_V3_976,XAUUSD,Cypher,SHORT,2026-03-10 18:45:00,52.03,2026-03-16 16:45:00,47.88,TIMEOUT,3.12,1294.8,78.0,15.6,1201.2,1.65
XAUUSD_V3_977,XAUUSD,Cypher,SHORT,2026-06-11 18:00:00,40.8,2026-06-11 18:15:00,40.8,TP1_BE,5.5,89.85,137.5,27.5,-75.15,-0.1
XAUUSD_V3_978,XAUUSD,Cypher,SHORT,2026-06-11 18:45:00,40.98,2026-06-11 19:00:00,40.98,TP1_BE,6.33,46.44,158.25,31.65,-143.46,-0.19
XAUUSD_V3_979,XAUUSD,Cypher,SHORT,2026-07-20 17:30:00,37.85,2026-07-20 17:45:00,37.47178,TP1_TP2,6.12,260.65,153.0,30.6,77.05,0.1
XAUUSD_V3_980,XAUUSD,Cypher,SHORT,2026-07-20 18:00:00,37.27,2026-07-20 18:15:00,37.27,TP1_BE,4.16,219.14,104.0,20.8,94.34,0.13
XAUUSD_V3_981,XAUUSD,Cypher,SHORT,2026-07-20 18:45:00,37.43,2026-07-20 19:00:00,37.47178,TP1_TP2,4.57,213.73,114.25,22.85,76.63,0.1
XAUUSD_V3_982,XAUUSD,Cypher,SHORT,2026-07-29 17:30:00,39.85,2026-07-29 18:00:00,39.85,TP1_BE,4.21,83.98,105.25,21.05,-42.32,-0.06
XAUUSD_V3_983,XAUUSD,Cypher,SHORT,2026-07-29 18:00:00,39.63,2026-07-29 18:15:00,39.63,TP1_BE,3.75,116.05,93.75,18.75,3.55,0.0
XAUUSD_V3_984,XAUUSD,Cypher,SHORT,2026-07-29 18:45:00,39.57,2026-07-29 19:00:00,39.57,TP1_BE,3.64,123.57,91.0,18.2,14.37,0.02
