time,open,high,low,close
2026.01.02 01:00:00,4331.66,4333.81,4324.04,4328.21
2026.01.02 01:05:00,4328.5,4333.64,4327.49,4333.16
2026.01.02 01:10:00,4333.3,4335.25,4328.92,4330.54
2026.01.02 01:15:00,4330.41,4334.27,4327.69,4334.07
2026.01.02 01:20:00,4334.1,4340.62,4332.63,4339.6
2026.01.02 01:25:00,4339.81,4343.03,4337.58,4340.45
2026.01.02 01:30:00,4340.72,4341.99,4339.2,4340.66
2026.01.02 01:35:00,4340.65,4343.69,4339,4339.59
2026.01.02 01:40:00,4339.6,4345.22,4338.26,4345.21
2026.01.02 01:45:00,4345.37,4345.75,4341.89,4342.73
2026.01.02 01:50:00,4342.77,4347.49,4341.33,4347.29
2026.01.02 01:55:00,4347.29,4351.52,4346.23,4348.18
2026.01.02 02:00:00,4348.17,4349.06,4345.09,4346.38
2026.01.02 02:05:00,4346.44,4350.36,4344.43,4349.89
2026.01.02 02:10:00,4349.9,4353.16,4347.46,4347.9
2026.01.02 02:15:00,4347.92,4349.28,4344.53,4344.65
2026.01.02 02:20:00,4344.63,4347.56,4342.36,4343.42
2026.01.02 02:25:00,4343.39,4347.51,4341.07,4347.1
2026.01.02 02:30:00,4347.17,4349.3,4346.78,4348.32
2026.01.02 02:35:00,4348.38,4350.71,4347.47,4348.59
2026.01.02 02:40:00,4348.66,4350.85,4346.32,4349.62
2026.01.02 02:45:00,4349.45,4353.47,4349.45,4351.84
2026.01.02 02:50:00,4351.85,4353.18,4350.64,4352.37
2026.01.02 02:55:00,4352.36,4356.34,4350.98,4354.09
2026.01.02 03:00:00,4354.07,4356.03,4347.21,4347.9
2026.01.02 03:05:00,4347.89,4350.32,4345.13,4346.21
2026.01.02 03:10:00,4346.19,4351.04,4345.82,4346.46
2026.01.02 03:15:00,4346.47,4349.74,4345.15,4349.01
2026.01.02 03:20:00,4349.11,4349.69,4345.97,4346.3
2026.01.02 03:25:00,4346.29,4349.59,4344.59,4349.14
2026.01.02 03:30:00,4349.18,4351.39,4348.69,4349.69
2026.01.02 03:35:00,4349.62,4351.41,4348.08,4348.81
2026.01.02 03:40:00,4348.78,4349.75,4345.55,4346.67
2026.01.02 03:45:00,4346.64,4352.14,4345.76,4352.07
2026.01.02 03:50:00,4352.09,4354.31,4350.19,4350.26
2026.01.02 03:55:00,4350.23,4350.67,4347.6,4347.91
2026.01.02 04:00:00,4347.81,4351.97,4347.53,4349.97
2026.01.02 04:05:00,4350.01,4350.01,4346.72,4347.74
2026.01.02 04:10:00,4347.77,4347.82,4345.45,4346.87
2026.01.02 04:15:00,4346.85,4347.89,4345.01,4347.47
2026.01.02 04:20:00,4347.74,4347.74,4344.73,4346.36
2026.01.02 04:25:00,4346.32,4348.4,4344.78,4347.69
2026.01.02 04:30:00,4347.66,4350.85,4345.44,4346.81
2026.01.02 04:35:00,4346.82,4353.31,4346.82,4352.13
2026.01.02 04:40:00,4352.1,4352.43,4350.62,4351.4
2026.01.02 04:45:00,4351.15,4355.62,4351.12,4354.94
2026.01.02 04:50:00,4354.91,4360.01,4354.75,4359.3
2026.01.02 04:55:00,4359.33,4363.01,4357.95,4362.74
2026.01.02 05:00:00,4362.67,4364.62,4362.02,4363.88
2026.01.02 05:05:00,4363.89,4366.46,4363.82,4365.24
2026.01.02 05:10:00,4365.24,4371.72,4365.14,4368.82
2026.01.02 05:15:00,4368.88,4369,4365.45,4366.61
2026.01.02 05:20:00,4366.57,4370.68,4365.55,4369.55
2026.01.02 05:25:00,4369.52,4369.99,4367.41,4369.04
2026.01.02 05:30:00,4369.05,4373.13,4367.85,4371.09
2026.01.02 05:35:00,4371.04,4372.1,4368.99,4371.01
2026.01.02 05:40:00,4371.05,4374.74,4370.56,4373.72
2026.01.02 05:45:00,4373.71,4376.06,4372.55,4373.5
2026.01.02 05:50:00,4373.44,4375.53,4372.46,4373.92
2026.01.02 05:55:00,4373.91,4375.66,4371.76,4375.14
2026.01.02 06:00:00,4375.17,4377.97,4373.79,4377.41
2026.01.02 06:05:00,4377.42,4378.6,4375.59,4375.81
2026.01.02 06:10:00,4375.78,4377.45,4374.47,4374.81
2026.01.02 06:15:00,4374.76,4375.76,4373.78,4375.04
2026.01.02 06:20:00,4375.04,4375.43,4371.31,4372.8
2026.01.02 06:25:00,4372.78,4375.69,4372.35,4373.53
2026.01.02 06:30:00,4373.59,4374.71,4371.35,4373.31
2026.01.02 06:35:00,4373.26,4373.98,4371.75,4373.06
2026.01.02 06:40:00,4373.11,4375.36,4372.52,4375.31
2026.01.02 06:45:00,4375.28,4375.73,4373.73,4374.64
2026.01.02 06:50:00,4374.66,4375.51,4372.19,4372.57
2026.01.02 06:55:00,4372.63,4373.35,4371.32,4373.28
2026.01.02 07:00:00,4373.33,4373.75,4370.56,4371.68
2026.01.02 07:05:00,4371.74,4377.9,4371.39,4377.49
2026.01.02 07:10:00,4377.54,4380.12,4377.19,4377.74
2026.01.02 07:15:00,4377.62,4378.96,4376.43,4376.91
2026.01.02 07:20:00,4376.87,4380.31,4374.98,4378.3
2026.01.02 07:25:00,4378.23,4378.73,4377.33,4378.4
2026.01.02 07:30:00,4378.42,4379.53,4377.91,4379.02
2026.01.02 07:35:00,4378.97,4379.88,4377.99,4379.43
2026.01.02 07:40:00,4379.4,4379.55,4377.76,4378.68
2026.01.02 07:45:00,4378.65,4379.89,4378.3,4379.42
2026.01.02 07:50:00,4379.41,4381.69,4378.45,4381.11
2026.01.02 07:55:00,4381.12,4381.76,4379.15,4380.63
2026.01.02 08:00:00,4380.63,4381.05,4376.49,4377.31
2026.01.02 08:05:00,4377.33,4377.51,4373.83,4374.84
2026.01.02 08:10:00,4374.85,4377.74,4374.28,4374.93
2026.01.02 08:15:00,4374.94,4378.23,4373.43,4377.5
2026.01.02 08:20:00,4377.46,4379.39,4376.15,4377.99
2026.01.02 08:25:00,4377.98,4380.08,4377.18,4379.7
2026.01.02 08:30:00,4379.67,4379.79,4376.8,4378.38
2026.01.02 08:35:00,4378.37,4378.97,4376.26,4376.36
2026.01.02 08:40:00,4376.35,4377.03,4374.38,4374.4
2026.01.02 08:45:00,4374.37,4376.32,4373.44,4375.69
2026.01.02 08:50:00,4375.77,4376.3,4373.04,4374.34
2026.01.02 08:55:00,4374.36,4375.71,4373.42,4374.65
2026.01.02 09:00:00,4374.59,4376.01,4373.15,4373.95
2026.01.02 09:05:00,4373.94,4375.76,4372.88,4373
2026.01.02 09:10:00,4372.97,4378.07,4372.02,4376.98
2026.01.02 09:15:00,4376.78,4377.61,4374.21,4374.83
2026.01.02 09:20:00,4374.82,4375.66,4371.99,4372.48
2026.01.02 09:25:00,4372.46,4375.28,4372.29,4373.73
2026.01.02 09:30:00,4373.72,4380.06,4372.14,4378.85
2026.01.02 09:35:00,4378.86,4380.71,4378.55,4379.54
2026.01.02 09:40:00,4379.52,4379.69,4375.14,4375.67
2026.01.02 09:45:00,4375.59,4377.8,4375.14,4376.93
2026.01.02 09:50:00,4376.91,4381.3,4375.8,4380.41
2026.01.02 09:55:00,4380.42,4383.32,4380.27,4382.68
2026.01.02 10:00:00,4382.48,4384.74,4380.24,4382.78
2026.01.02 10:05:00,4382.79,4385.88,4381.46,4385.87
2026.01.02 10:10:00,4385.86,4386.49,4383.97,4385.02
2026.01.02 10:15:00,4385,4385.27,4382.56,4383.01
2026.01.02 10:20:00,4383,4383.9,4381.59,4383.55
2026.01.02 10:25:00,4383.29,4385.77,4383.18,4385.28
2026.01.02 10:30:00,4385.13,4389.31,4384.11,4388.67
2026.01.02 10:35:00,4388.7,4389.26,4387.31,4388.64
2026.01.02 10:40:00,4388.59,4390.43,4387.98,4390.29
2026.01.02 10:45:00,4390.3,4397.53,4390.23,4394.94
2026.01.02 10:50:00,4394.93,4395.85,4391.52,4392.5
2026.01.02 10:55:00,4392.49,4392.87,4386.81,4387.04
2026.01.02 11:00:00,4386.86,4389.58,4386.19,4388.55
2026.01.02 11:05:00,4388.57,4391.1,4387.71,4390.91
2026.01.02 11:10:00,4390.92,4391.2,4387.38,4390.08
2026.01.02 11:15:00,4390.06,4391.69,4387.73,4388.65
2026.01.02 11:20:00,4388.64,4388.78,4383.38,4386.13
2026.01.02 11:25:00,4386.19,4388.9,4385.21,4388.77
2026.01.02 11:30:00,4388.79,4389.73,4388.18,4388.2
2026.01.02 11:35:00,4388.13,4389.39,4386.73,4387.04
2026.01.02 11:40:00,4387.09,4389.39,4386.79,4388.72
2026.01.02 11:45:00,4388.71,4389.54,4386.45,4388.17
2026.01.02 11:50:00,4388.16,4389.32,4386.88,4389.21
2026.01.02 11:55:00,4389.21,4389.32,4385.02,4385.47
2026.01.02 12:00:00,4385.49,4388.01,4384.58,4387.89
2026.01.02 12:05:00,4387.91,4388.51,4386.11,4386.77
2026.01.02 12:10:00,4386.87,4388.26,4386.16,4388.15
2026.01.02 12:15:00,4388.13,4388.34,4386.17,4387.78
2026.01.02 12:20:00,4387.65,4390.47,4387.54,4388.97
2026.01.02 12:25:00,4388.96,4389.86,4385.62,4386.41
2026.01.02 12:30:00,4386.52,4388.83,4384.79,4388.64
2026.01.02 12:35:00,4388.63,4394.82,4388.46,4394.47
2026.01.02 12:40:00,4394.48,4396.46,4392.84,4393.66
2026.01.02 12:45:00,4393.62,4396.64,4393.52,4394.84
2026.01.02 12:50:00,4394.9,4398.57,4394.78,4396.8
2026.01.02 12:55:00,4396.9,4398.56,4396.11,4396.11
2026.01.02 13:00:00,4396.08,4398.04,4395.14,4396.9
2026.01.02 13:05:00,4396.9,4397.53,4395.22,4395.56
2026.01.02 13:10:00,4395.71,4395.92,4393.84,4395.09
2026.01.02 13:15:00,4395.1,4397.14,4394.82,4396.91
2026.01.02 13:20:00,4396.92,4398.13,4395.9,4398.04
2026.01.02 13:25:00,4398.06,4399.35,4393.95,4394.18
2026.01.02 13:30:00,4394.21,4395.03,4391.58,4393.9
2026.01.02 13:35:00,4393.92,4394.82,4391.62,4393.18
2026.01.02 13:40:00,4393.14,4395.81,4392.49,4394.97
2026.01.02 13:45:00,4394.99,4395.66,4393.15,4394.25
2026.01.02 13:50:00,4394.26,4394.38,4390.67,4391.7
2026.01.02 13:55:00,4391.71,4393.37,4390.7,4392.91
2026.01.02 14:00:00,4392.92,4393.12,4391.08,4391.35
2026.01.02 14:05:00,4391.34,4396.51,4391.23,4396.05
2026.01.02 14:10:00,4396.03,4397.42,4393.31,4395.25
2026.01.02 14:15:00,4395.24,4398.07,4394.04,4397.35
2026.01.02 14:20:00,4397.33,4398.29,4395.42,4395.54
2026.01.02 14:25:00,4395.52,4395.83,4392.87,4393.26
2026.01.02 14:30:00,4393.24,4394.5,4392.21,4393.87
2026.01.02 14:35:00,4393.85,4394.32,4391.23,4392.52
2026.01.02 14:40:00,4392.56,4392.71,4385.1,4387.96
2026.01.02 14:45:00,4388,4389.09,4385.27,4387.84
2026.01.02 14:50:00,4387.87,4390.17,4387.08,4389.98
2026.01.02 14:55:00,4389.97,4394.81,4389.74,4394.35
2026.01.02 15:00:00,4394.54,4397.77,4392.53,4397.43
2026.01.02 15:05:00,4397.4,4398.15,4395.35,4397.15
2026.01.02 15:10:00,4397.18,4401.1,4396.74,4399.75
2026.01.02 15:15:00,4399.76,4402.58,4397.74,4398.69
2026.01.02 15:20:00,4398.73,4399.19,4379.43,4381.35
2026.01.02 15:25:00,4381.5,4384.7,4372.7,4374.33
2026.01.02 15:30:00,4374.17,4377.01,4368.44,4372.92
2026.01.02 15:35:00,4372.93,4374.74,4365.88,4369.52
2026.01.02 15:40:00,4369.7,4372.88,4368.1,4372.49
2026.01.02 15:45:00,4372.42,4378.02,4370.24,4370.81
2026.01.02 15:50:00,4370.8,4371.64,4365.52,4366.63
2026.01.02 15:55:00,4366.6,4370.32,4361.53,4365.88
2026.01.02 16:00:00,4365.89,4372.01,4364.33,4371.25
2026.01.02 16:05:00,4371.19,4372.67,4368.61,4370.66
2026.01.02 16:10:00,4370.64,4371.97,4368.28,4370.31
2026.01.02 16:15:00,4370.34,4372.12,4367,4372.03
2026.01.02 16:20:00,4372,4373.49,4368.19,4368.78
2026.01.02 16:25:00,4368.85,4371.63,4367.6,4368.28
2026.01.02 16:30:00,4368.44,4370.22,4354.53,4355.26
2026.01.02 16:35:00,4355.27,4359.84,4349.86,4351.16
2026.01.02 16:40:00,4351.07,4356.69,4347.8,4356.21
2026.01.02 16:45:00,4356.27,4362.89,4353.72,4361.46
2026.01.02 16:50:00,4361.39,4363.03,4354.86,4358.72
2026.01.02 16:55:00,4358.57,4359.49,4352.18,4353.39
2026.01.02 17:00:00,4353.32,4356.79,4341.37,4341.86
2026.01.02 17:05:00,4341.75,4350.35,4339.35,4347.26
2026.01.02 17:10:00,4347.25,4349.03,4333.51,4340.43
2026.01.02 17:15:00,4340.48,4342.6,4334.9,4339.22
2026.01.02 17:20:00,4339.19,4341.36,4330.19,4334.12
2026.01.02 17:25:00,4334.15,4340.46,4333.72,4336.41
2026.01.02 17:30:00,4336.45,4339.81,4331.39,4339.08
2026.01.02 17:35:00,4339,4341.43,4336.89,4340.18
2026.01.02 17:40:00,4340.45,4346.62,4340.45,4345.83
2026.01.02 17:45:00,4345.84,4347.06,4340.82,4342.74
2026.01.02 17:50:00,4342.76,4344.03,4338.52,4341.28
2026.01.02 17:55:00,4341.3,4341.59,4333.48,4335.29
2026.01.02 18:00:00,4335.27,4337.27,4324.1,4327.35
2026.01.02 18:05:00,4327.24,4329.36,4322.39,4326.5
2026.01.02 18:10:00,4326.48,4326.78,4319.71,4322.47
2026.01.02 18:15:00,4322.33,4325.06,4315.3,4317.29
2026.01.02 18:20:00,4317.28,4320.97,4314.4,4318.6
2026.01.02 18:25:00,4318.52,4324.08,4318.08,4321.47
2026.01.02 18:30:00,4321.51,4322.06,4314.92,4316.21
2026.01.02 18:35:00,4316.19,4324.74,4315.26,4322.2
2026.01.02 18:40:00,4322,4328.17,4320.93,4325.71
2026.01.02 18:45:00,4325.72,4328.24,4323.04,4324.57
2026.01.02 18:50:00,4324.36,4326.81,4322.24,4323.64
2026.01.02 18:55:00,4323.76,4326.45,4321.22,4326.39
2026.01.02 19:00:00,4326.23,4332.58,4324.48,4331.99
2026.01.02 19:05:00,4331.87,4333.51,4327.33,4328.27
2026.01.02 19:10:00,4328.32,4331.53,4327.56,4330.04
2026.01.02 19:15:00,4330.02,4332.96,4328.22,4329.1
2026.01.02 19:20:00,4329.14,4330.86,4325.68,4325.92
2026.01.02 19:25:00,4325.91,4329.08,4323.9,4328.8
2026.01.02 19:30:00,4328.77,4331.35,4326.46,4328.56
2026.01.02 19:35:00,4328.3,4329.89,4324.65,4325.53
2026.01.02 19:40:00,4325.58,4327.37,4323.54,4326.28
2026.01.02 19:45:00,4326.15,4328.04,4324.73,4325.96
2026.01.02 19:50:00,4325.84,4327.82,4323.86,4325.09
2026.01.02 19:55:00,4325.14,4326.38,4322.58,4322.9
2026.01.02 20:00:00,4322.92,4323.68,4320.67,4321.91
2026.01.02 20:05:00,4321.93,4323.24,4315.84,4316.44
2026.01.02 20:10:00,4316.59,4316.7,4312.52,4314.44
2026.01.02 20:15:00,4314.62,4318.51,4310.48,4318.33
2026.01.02 20:20:00,4318.51,4320.11,4315.88,4319.22
2026.01.02 20:25:00,4319.22,4321.59,4317.67,4318.33
2026.01.02 20:30:00,4318.37,4319.71,4314.55,4316
2026.01.02 20:35:00,4315.99,4318.63,4311.85,4315.56
2026.01.02 20:40:00,4315.55,4316.25,4309.53,4312.37
2026.01.02 20:45:00,4312.45,4315.09,4312.02,4313.19
2026.01.02 20:50:00,4313.08,4315.06,4311.9,4314.89
2026.01.02 20:55:00,4314.97,4315.64,4313.62,4315.02
2026.01.02 21:00:00,4314.99,4320.36,4314.99,4319.66
2026.01.02 21:05:00,4319.62,4321.84,4317.79,4320.83
2026.01.02 21:10:00,4320.73,4322.24,4319.82,4321.38
2026.01.02 21:15:00,4321.49,4323.16,4320.97,4322
2026.01.02 21:20:00,4321.98,4321.99,4316.32,4316.59
2026.01.02 21:25:00,4316.69,4319.22,4316.39,4318.47
2026.01.02 21:30:00,4318.47,4321.49,4318.06,4320.44
2026.01.02 21:35:00,4320.73,4326.09,4320.08,4323.66
2026.01.02 21:40:00,4323.63,4326.2,4321.61,4322.7
2026.01.02 21:45:00,4322.69,4322.98,4319.47,4320.99
2026.01.02 21:50:00,4321,4321.21,4317.43,4319.88
2026.01.02 21:55:00,4319.86,4320.75,4317.7,4318.08
2026.01.02 22:00:00,4318.11,4320.38,4317.01,4318.66
2026.01.02 22:05:00,4318.69,4320.2,4317.91,4319.21
2026.01.02 22:10:00,4319.23,4321.46,4319.21,4319.89
2026.01.02 22:15:00,4319.87,4322.27,4318.53,4322.19
2026.01.02 22:20:00,4322.21,4326.23,4322,4326.07
2026.01.02 22:25:00,4326.06,4329.38,4324.65,4328.36
2026.01.02 22:30:00,4328.35,4328.52,4325.13,4327.58
2026.01.02 22:35:00,4327.6,4328.98,4326.08,4327.64
2026.01.02 22:40:00,4327.57,4329.23,4326.63,4326.73
2026.01.02 22:45:00,4326.76,4328.12,4326.18,4327.18
2026.01.02 22:50:00,4327.17,4329.7,4326.71,4328
2026.01.02 22:55:00,4328.13,4331.66,4327.87,4331.4
2026.01.02 23:00:00,4331.5,4331.91,4328.11,4330.6
2026.01.02 23:05:00,4330.61,4331.14,4327,4329.5
2026.01.02 23:10:00,4329.58,4331.29,4328.49,4328.88
2026.01.02 23:15:00,4328.79,4329.1,4327.71,4328.38
2026.01.02 23:20:00,4328.43,4329.45,4327.77,4329.07
2026.01.02 23:25:00,4329.04,4329.7,4327.92,4328.8
2026.01.02 23:30:00,4328.76,4329.72,4328.13,4329.51
2026.01.02 23:35:00,4329.54,4330.45,4328.2,4328.3
2026.01.02 23:40:00,4328.33,4328.78,4327.26,4328.55
2026.01.02 23:45:00,4328.47,4331.27,4328.38,4330.4
2026.01.02 23:50:00,4330.45,4333.25,4330.32,4332.96
2026.01.02 23:55:00,4332.9,4334.26,4331.38,4332.23
2026.01.05 01:00:00,4350.37,4357.95,4345.35,4356.58
2026.01.05 01:05:00,4356.52,4359.55,4349.66,4359.37
2026.01.05 01:10:00,4359.4,4370.74,4359.05,4370.07
2026.01.05 01:15:00,4370.1,4372.79,4361.14,4365.04
2026.01.05 01:20:00,4365.08,4369.03,4364.24,4365.01
2026.01.05 01:25:00,4365.28,4368,4363.36,4366.83
2026.01.05 01:30:00,4366.59,4366.67,4354.04,4356.64
2026.01.05 01:35:00,4356.37,4361.95,4354.44,4361.53
2026.01.05 01:40:00,4361.66,4363.34,4360.57,4362.11
2026.01.05 01:45:00,4361.94,4370.97,4361.18,4370.87
2026.01.05 01:50:00,4370.86,4375.83,4370.74,4373.35
2026.01.05 01:55:00,4373.44,4375.96,4371.77,4372.38
2026.01.05 02:00:00,4372.34,4375.19,4370.6,4370.66
2026.01.05 02:05:00,4370.67,4375.4,4370.08,4375.22
2026.01.05 02:10:00,4375.32,4379.94,4374.99,4378
2026.01.05 02:15:00,4377.89,4383.45,4377.61,4383.45
2026.01.05 02:20:00,4383.39,4385.85,4381.98,4384.68
2026.01.05 02:25:00,4384.74,4389.54,4383.38,4387.18
2026.01.05 02:30:00,4387.12,4392.21,4386.23,4388.81
2026.01.05 02:35:00,4388.79,4396.68,4387.82,4395.24
2026.01.05 02:40:00,4395.29,4395.43,4385.78,4387.85
2026.01.05 02:45:00,4387.77,4391.94,4384.94,4391.94
2026.01.05 02:50:00,4391.95,4392.75,4389.31,4392.01
2026.01.05 02:55:00,4392,4396,4389.47,4395.05
2026.01.05 03:00:00,4395.06,4417.33,4394.08,4416.99
2026.01.05 03:05:00,4416.98,4421.27,4404.85,4410.55
2026.01.05 03:10:00,4410.59,4416.6,4396.67,4402.75
2026.01.05 03:15:00,4402.75,4404.58,4395.38,4395.95
2026.01.05 03:20:00,4395.89,4402.1,4393.94,4397.94
2026.01.05 03:25:00,4397.98,4405.7,4393.92,4396.01
2026.01.05 03:30:00,4396.2,4400.82,4392.78,4395.52
2026.01.05 03:35:00,4395.54,4405.28,4394.1,4404.74
2026.01.05 03:40:00,4404.77,4405.4,4397.74,4403.87
2026.01.05 03:45:00,4403.92,4406.62,4398.96,4399.51
2026.01.05 03:50:00,4399.59,4400.61,4391.13,4398.31
2026.01.05 03:55:00,4398.24,4402.43,4396.95,4401.76
2026.01.05 04:00:00,4401.71,4405.03,4395.49,4398.74
2026.01.05 04:05:00,4398.73,4400.08,4388.55,4390.91
2026.01.05 04:10:00,4390.93,4394.75,4389.91,4393.85
2026.01.05 04:15:00,4393.83,4398.1,4392.36,4394.41
2026.01.05 04:20:00,4394.4,4397.45,4394.07,4397.06
2026.01.05 04:25:00,4397.17,4403.19,4397.08,4402.14
2026.01.05 04:30:00,4402.07,4406.97,4400.9,4402.61
2026.01.05 04:35:00,4402.58,4404.87,4401.46,4402.26
2026.01.05 04:40:00,4402.22,4404.9,4399.69,4399.78
2026.01.05 04:45:00,4399.79,4405.15,4398.59,4403.35
2026.01.05 04:50:00,4403.34,4408.64,4402.67,4407.17
2026.01.05 04:55:00,4407.13,4409.49,4403.94,4405.39
2026.01.05 05:00:00,4405.36,4412.43,4405.3,4411.56
2026.01.05 05:05:00,4411.6,4414.08,4409.27,4410.06
2026.01.05 05:10:00,4410.08,4413.43,4408.42,4410.55
2026.01.05 05:15:00,4410.53,4412.45,4407.87,4408.24
2026.01.05 05:20:00,4408.03,4410.01,4407.81,4409.81
2026.01.05 05:25:00,4409.84,4409.96,4406,4407.43
2026.01.05 05:30:00,4407.42,4407.42,4403.52,4404.07
2026.01.05 05:35:00,4404.09,4409.41,4403.57,4408.7
2026.01.05 05:40:00,4408.67,4410.69,4407.76,4409.49
2026.01.05 05:45:00,4409.48,4410.41,4406.02,4406.75
2026.01.05 05:50:00,4406.86,4409.18,4406.37,4406.49
2026.01.05 05:55:00,4406.5,4407.08,4399.52,4399.87
2026.01.05 06:00:00,4399.82,4402.99,4397.25,4402.59
2026.01.05 06:05:00,4402.5,4404.55,4400.19,4400.21
2026.01.05 06:10:00,4400.13,4401.19,4398.6,4400.06
2026.01.05 06:15:00,4400.03,4403.77,4399.92,4402.83
2026.01.05 06:20:00,4402.82,4406.32,4402.81,4404.97
2026.01.05 06:25:00,4405,4405.72,4404.05,4404.69
2026.01.05 06:30:00,4404.68,4405.9,4404.19,4404.98
2026.01.05 06:35:00,4404.99,4406.63,4404.13,4405.56
2026.01.05 06:40:00,4405.57,4407.69,4405.26,4405.64
2026.01.05 06:45:00,4405.65,4407.26,4405.32,4406.88
2026.01.05 06:50:00,4406.85,4408.3,4403.69,4403.91
2026.01.05 06:55:00,4403.88,4405.68,4403.47,4404.26
2026.01.05 07:00:00,4404.2,4406.14,4403.68,4405.66
2026.01.05 07:05:00,4405.64,4407.33,4405.07,4405.19
2026.01.05 07:10:00,4405.07,4408.88,4404.91,4408.01
2026.01.05 07:15:00,4408.02,4409.58,4407.59,4408.55
2026.01.05 07:20:00,4408.76,4408.76,4406.86,4408.07
2026.01.05 07:25:00,4408.12,4412.64,4407.27,4412.48
2026.01.05 07:30:00,4412.46,4414.35,4408.24,4409.52
2026.01.05 07:35:00,4409.58,4411.63,4408.43,4409.19
2026.01.05 07:40:00,4409.2,4411.22,4402.02,4402.16
2026.01.05 07:45:00,4402.18,4407.48,4401.39,4405.93
2026.01.05 07:50:00,4406,4410.87,4405.83,4410.03
2026.01.05 07:55:00,4410.05,4412.48,4407.67,4412.29
2026.01.05 08:00:00,4412.19,4416.4,4410.99,4413.9
2026.01.05 08:05:00,4413.6,4415.64,4412.57,4414.69
2026.01.05 08:10:00,4414.76,4420.36,4413.15,4418.18
2026.01.05 08:15:00,4418.17,4419.73,4415.52,4419.06
2026.01.05 08:20:00,4419.05,4420.66,4418.26,4419.7
2026.01.05 08:25:00,4419.8,4426.18,4419.16,4424.12
2026.01.05 08:30:00,4424.38,4426.48,4420.07,4420.49
2026.01.05 08:35:00,4420.48,4424.86,4416,4424.21
2026.01.05 08:40:00,4424.44,4425.52,4419.95,4420.08
2026.01.05 08:45:00,4420.01,4422.19,4419.65,4421.72
2026.01.05 08:50:00,4421.71,4421.91,4417.96,4419.65
2026.01.05 08:55:00,4419.64,4420.79,4419.09,4420.18
2026.01.05 09:00:00,4420.2,4423.14,4419.17,4421.78
2026.01.05 09:05:00,4421.79,4424.05,4416.83,4419.41
2026.01.05 09:10:00,4419.37,4420.03,4416.95,4419.9
2026.01.05 09:15:00,4419.86,4423.28,4419.28,4422.65
2026.01.05 09:20:00,4422.64,4422.64,4420.22,4420.8
2026.01.05 09:25:00,4420.8,4421.62,4418.15,4420.37
2026.01.05 09:30:00,4420.39,4422.36,4418.44,4421.31
2026.01.05 09:35:00,4421.06,4423.71,4420.91,4422.05
2026.01.05 09:40:00,4422.2,4425.09,4421.09,4424.55
2026.01.05 09:45:00,4424.56,4424.61,4420.2,4421.65
2026.01.05 09:50:00,4421.71,4421.93,4419.8,4421.02
2026.01.05 09:55:00,4421.1,4422.49,4420.24,4421.76
2026.01.05 10:00:00,4421.81,4423.79,4419.19,4421.06
2026.01.05 10:05:00,4421.07,4422.52,4419.61,4420.6
2026.01.05 10:10:00,4420.61,4425.32,4419.43,4424.38
2026.01.05 10:15:00,4424.39,4430.12,4424.37,4427.85
2026.01.05 10:20:00,4427.81,4428.51,4425.49,4428.19
2026.01.05 10:25:00,4428.3,4430.12,4426.58,4426.66
2026.01.05 10:30:00,4426.67,4427.2,4423.34,4424.98
2026.01.05 10:35:00,4424.98,4426.23,4424.43,4425.82
2026.01.05 10:40:00,4425.82,4430.91,4425.31,4430.02
2026.01.05 10:45:00,4430.06,4432.56,4429.86,4432.03
2026.01.05 10:50:00,4432.02,4434.13,4430.53,4431.15
2026.01.05 10:55:00,4431.09,4432.51,4429.94,4430.07
2026.01.05 11:00:00,4429.97,4432.39,4427.45,4428.23
2026.01.05 11:05:00,4428.27,4428.93,4426.44,4426.64
2026.01.05 11:10:00,4426.66,4431.24,4425.84,4430.36
2026.01.05 11:15:00,4430.34,4431.95,4429.77,4431.68
2026.01.05 11:20:00,4431.64,4434.64,4430.92,4433.65
2026.01.05 11:25:00,4433.66,4434.48,4432.32,4432.64
2026.01.05 11:30:00,4432.56,4433.45,4431.36,4432.99
2026.01.05 11:35:00,4432.98,4433.26,4430.99,4432.54
2026.01.05 11:40:00,4432.52,4438.21,4432.37,4437.48
2026.01.05 11:45:00,4437.47,4438.19,4434.18,4434.74
2026.01.05 11:50:00,4434.75,4437.41,4434.46,4435.15
2026.01.05 11:55:00,4435.12,4436.99,4433.83,4434.82
2026.01.05 12:00:00,4434.92,4435.53,4431.07,4432.03
2026.01.05 12:05:00,4432.01,4433.5,4430.71,4432.77
2026.01.05 12:10:00,4432.71,4433.62,4431.65,4433.12
2026.01.05 12:15:00,4433.08,4433.43,4431.31,4431.67
2026.01.05 12:20:00,4431.68,4434.18,4431.68,4433.8
2026.01.05 12:25:00,4433.85,4436.66,4432.46,4433.2
2026.01.05 12:30:00,4433.37,4437.2,4432.47,4436.47
2026.01.05 12:35:00,4436.48,4438.66,4435.24,4436.03
2026.01.05 12:40:00,4436,4436.35,4434.64,4434.95
2026.01.05 12:45:00,4434.97,4437.05,4434.16,4436.61
2026.01.05 12:50:00,4436.62,4439.92,4436.41,4438.34
2026.01.05 12:55:00,4438.28,4438.28,4435.16,4436.12
2026.01.05 13:00:00,4436.22,4437.51,4431.38,4431.74
2026.01.05 13:05:00,4431.77,4433.47,4430.07,4431.47
2026.01.05 13:10:00,4431.46,4433.71,4430.68,4433.23
2026.01.05 13:15:00,4433.22,4433.65,4427.02,4427.42
2026.01.05 13:20:00,4427.39,4430.71,4426.62,4427.84
2026.01.05 13:25:00,4427.89,4428.1,4409.29,4417.17
2026.01.05 13:30:00,4417.27,4421.58,4415.27,4419.88
2026.01.05 13:35:00,4419.89,4422.73,4418.3,4421.36
2026.01.05 13:40:00,4421.45,4424.48,4420.87,4423.9
2026.01.05 13:45:00,4423.92,4425.79,4422.14,4425.63
2026.01.05 13:50:00,4425.69,4426.02,4420.66,4420.74
2026.01.05 13:55:00,4420.67,4421.38,4417.9,4419.26
2026.01.05 14:00:00,4419.14,4421.39,4418.24,4419.27
2026.01.05 14:05:00,4419.28,4419.89,4416.55,4418.7
2026.01.05 14:10:00,4418.72,4420.51,4417.1,4417.81
2026.01.05 14:15:00,4417.62,4418.44,4416.38,4417.96
2026.01.05 14:20:00,4418.02,4418.36,4413.11,4414.29
2026.01.05 14:25:00,4414.27,4416.95,4413.98,4415.68
2026.01.05 14:30:00,4415.67,4417.42,4413.96,4415.42
2026.01.05 14:35:00,4415.48,4416.06,4413.35,4415.18
2026.01.05 14:40:00,4415.17,4415.47,4406.08,4409.77
2026.01.05 14:45:00,4409.84,4412.36,4406.49,4407.25
2026.01.05 14:50:00,4407.23,4411.84,4405.1,4410.53
2026.01.05 14:55:00,4410.52,4411.12,4408.09,4409.57
2026.01.05 15:00:00,4409.67,4416.14,4407.23,4415.4
2026.01.05 15:05:00,4415.3,4418.95,4406.97,4408.8
2026.01.05 15:10:00,4408.86,4412.35,4407.14,4409.23
2026.01.05 15:15:00,4409.25,4412.56,4407.52,4411.73
2026.01.05 15:20:00,4411.71,4413.22,4402.2,4405.84
2026.01.05 15:25:00,4406.1,4407.67,4396.69,4399.56
2026.01.05 15:30:00,4399.66,4408.78,4395.7,4408.7
2026.01.05 15:35:00,4408.63,4412.37,4406.73,4410.81
2026.01.05 15:40:00,4410.9,4414.62,4410.73,4411.98
2026.01.05 15:45:00,4411.93,4415.41,4411.41,4413.86
2026.01.05 15:50:00,4413.87,4415.25,4412.11,4413.02
2026.01.05 15:55:00,4413,4417.32,4411.45,4416.74
2026.01.05 16:00:00,4416.79,4423.29,4416.79,4422.17
2026.01.05 16:05:00,4422.18,4424.59,4420.46,4423.25
2026.01.05 16:10:00,4423.22,4428.38,4423.21,4426.23
2026.01.05 16:15:00,4426.28,4427.7,4423.25,4426.96
2026.01.05 16:20:00,4426.92,4429.87,4421.19,4421.98
2026.01.05 16:25:00,4421.85,4423.5,4420.13,4420.99
2026.01.05 16:30:00,4420.95,4427.36,4417.82,4425.51
2026.01.05 16:35:00,4425.6,4427.69,4417.77,4426.33
2026.01.05 16:40:00,4426.06,4430.04,4421.91,4429.52
2026.01.05 16:45:00,4429.53,4438.59,4428.1,4436.69
2026.01.05 16:50:00,4436.78,4440,4432.81,4440
2026.01.05 16:55:00,4439.99,4442.83,4434.76,4436.4
2026.01.05 17:00:00,4436.61,4453.61,4436.58,4451.83
2026.01.05 17:05:00,4451.88,4455.77,4449.72,4454.31
2026.01.05 17:10:00,4454.26,4454.7,4443.95,4449.16
2026.01.05 17:15:00,4449.07,4451.72,4446.94,4451.19
2026.01.05 17:20:00,4451.23,4452.43,4448.04,4448.61
2026.01.05 17:25:00,4448.58,4449.88,4442.44,4444.59
2026.01.05 17:30:00,4444.62,4445.52,4440.64,4442.98
2026.01.05 17:35:00,4443.09,4444.49,4435.33,4439.94
2026.01.05 17:40:00,4440.07,4447.87,4436.81,4447.29
2026.01.05 17:45:00,4447.09,4449.77,4442.31,4443.42
2026.01.05 17:50:00,4443.47,4445.3,4440.5,4444.93
2026.01.05 17:55:00,4444.93,4450,4444.27,4448.46
2026.01.05 18:00:00,4448.52,4451.3,4445.21,4448.43
2026.01.05 18:05:00,4448.41,4448.87,4438.54,4441.65
2026.01.05 18:10:00,4441.67,4446.73,4439.32,4446.36
2026.01.05 18:15:00,4446.38,4448.77,4444.72,4446.36
2026.01.05 18:20:00,4446.4,4447.11,4443.36,4443.71
2026.01.05 18:25:00,4443.68,4444.19,4440.23,4440.79
2026.01.05 18:30:00,4440.55,4446.06,4439.95,4445.27
2026.01.05 18:35:00,4445.25,4445.95,4443.26,4444.24
2026.01.05 18:40:00,4444.28,4445.84,4444.06,4445.15
2026.01.05 18:45:00,4445.15,4451.1,4444.05,4450.91
2026.01.05 18:50:00,4450.82,4454.56,4450.81,4452.32
2026.01.05 18:55:00,4452.33,4452.46,4440.79,4441.85
2026.01.05 19:00:00,4442.12,4442.49,4433.16,4433.51
2026.01.05 19:05:00,4433.46,4439.94,4432.23,4439.44
2026.01.05 19:10:00,4439.43,4442.48,4435.98,4442.39
2026.01.05 19:15:00,4442.4,4446.48,4442.22,4445.15
2026.01.05 19:20:00,4445.21,4447.4,4443.37,4446.65
2026.01.05 19:25:00,4446.66,4448.96,4444.98,4445.88
2026.01.05 19:30:00,4445.9,4446.86,4442.93,4444.01
2026.01.05 19:35:00,4444.02,4447.5,4442.32,4444.73
2026.01.05 19:40:00,4444.7,4444.92,4437.56,4439.43
2026.01.05 19:45:00,4439.42,4444.46,4439.05,4444.23
2026.01.05 19:50:00,4444.41,4445.68,4441.73,4444.66
2026.01.05 19:55:00,4444.56,4445.77,4442.8,4443.48
2026.01.05 20:00:00,4443.37,4444.55,4441.72,4443.29
2026.01.05 20:05:00,4443.28,4446.71,4442.74,4445.37
2026.01.05 20:10:00,4445.38,4448.59,4445.06,4447.16
2026.01.05 20:15:00,4447.24,4448.47,4443.87,4445.12
2026.01.05 20:20:00,4444.8,4446.78,4441.62,4446.34
2026.01.05 20:25:00,4446.34,4446.36,4439.65,4441.25
2026.01.05 20:30:00,4441,4444.3,4440.9,4442.53
2026.01.05 20:35:00,4442.49,4445.49,4441.43,4444.49
2026.01.05 20:40:00,4444.33,4445.88,4442.99,4443.58
2026.01.05 20:45:00,4443.59,4445.91,4442.67,4445.56
2026.01.05 20:50:00,4445.48,4447.37,4443.35,4446.74
2026.01.05 20:55:00,4446.68,4448.57,4445.42,4448.52
2026.01.05 21:00:00,4448.56,4449.43,4446.24,4448.15
2026.01.05 21:05:00,4448.16,4448.16,4434.81,4437.2
2026.01.05 21:10:00,4437.21,4440.56,4434.71,4439.98
2026.01.05 21:15:00,4440,4441.14,4437.44,4439.9
2026.01.05 21:20:00,4439.89,4441.85,4439.23,4441.06
2026.01.05 21:25:00,4441.07,4443.03,4439.93,4441.62
2026.01.05 21:30:00,4441.52,4445.96,4441.08,4445.09
2026.01.05 21:35:00,4444.97,4445.59,4443.86,4444.83
2026.01.05 21:40:00,4444.81,4445.47,4442.4,4442.63
2026.01.05 21:45:00,4442.61,4444.11,4441.51,4443.45
2026.01.05 21:50:00,4443.47,4443.57,4440.53,4441.87
2026.01.05 21:55:00,4441.88,4442.81,4438.53,4439.78
2026.01.05 22:00:00,4439.66,4443.83,4439.01,4442.99
2026.01.05 22:05:00,4442.86,4443.55,4439.84,4441.14
2026.01.05 22:10:00,4441.24,4445.46,4440.18,4443.88
2026.01.05 22:15:00,4443.9,4445.44,4442.68,4444.92
2026.01.05 22:20:00,4444.9,4447.01,4443.59,4444.7
2026.01.05 22:25:00,4444.76,4446.11,4443.61,4445.5
2026.01.05 22:30:00,4445.53,4445.53,4441.3,4441.61
2026.01.05 22:35:00,4441.58,4443.47,4438.72,4440.99
2026.01.05 22:40:00,4440.92,4441.58,4437.92,4437.95
2026.01.05 22:45:00,4438.06,4442.92,4437.8,4440.53
2026.01.05 22:50:00,4440.61,4442.95,4439.58,4441.97
2026.01.05 22:55:00,4441.92,4446.09,4441.22,4444.89
2026.01.05 23:00:00,4444.97,4447.7,4444.93,4446.39
2026.01.05 23:05:00,4446.44,4447.43,4444.97,4447.43
2026.01.05 23:10:00,4447.45,4448.16,4446.49,4447.04
2026.01.05 23:15:00,4447.03,4447.19,4443.27,4443.75
2026.01.05 23:20:00,4443.76,4444.79,4443.35,4444.28
2026.01.05 23:25:00,4444.27,4445.53,4443.87,4445.53
2026.01.05 23:30:00,4445.51,4448.44,4445.39,4447.83
2026.01.05 23:35:00,4447.71,4447.77,4446.11,4446.12
2026.01.05 23:40:00,4446.16,4447.1,4445.68,4446.1
2026.01.05 23:45:00,4446.15,4448.58,4445.44,4448.43
2026.01.05 23:50:00,4448.46,4448.8,4447.71,4448.51
2026.01.05 23:55:00,4448.45,4449.22,4446.27,4446.27
2026.01.06 01:00:00,4449.02,4455.2,4448.62,4454.49
2026.01.06 01:05:00,4454.48,4458.42,4452.85,4457.72
2026.01.06 01:10:00,4457.69,4460.46,4451.29,4451.54
2026.01.06 01:15:00,4451.53,4453.42,4448.67,4451.71
2026.01.06 01:20:00,4451.69,4453.11,4450.42,4450.49
2026.01.06 01:25:00,4450.46,4451.08,4448.48,4448.81
2026.01.06 01:30:00,4448.77,4450.27,4438.56,4441.15
2026.01.06 01:35:00,4441.17,4446.34,4441.17,4443.86
2026.01.06 01:40:00,4443.83,4444.69,4441.41,4442.85
2026.01.06 01:45:00,4442.87,4444.07,4439.9,4441.18
2026.01.06 01:50:00,4441.09,4441.09,4438.96,4439.47
2026.01.06 01:55:00,4439.48,4441.75,4436.21,4440.39
2026.01.06 02:00:00,4440.4,4441.1,4436.5,4440.26
2026.01.06 02:05:00,4440.28,4441.87,4436.86,4438.87
2026.01.06 02:10:00,4438.76,4441.03,4437.86,4440.51
2026.01.06 02:15:00,4440.56,4442.73,4439.52,4441.7
2026.01.06 02:20:00,4441.65,4442.15,4439.78,4441.08
2026.01.06 02:25:00,4441.1,4441.44,4439.57,4441.1
2026.01.06 02:30:00,4441.11,4444.89,4436.31,4436.61
2026.01.06 02:35:00,4436.59,4437.53,4433.38,4434.37
2026.01.06 02:40:00,4434.36,4436.8,4430.33,4436.45
2026.01.06 02:45:00,4436.47,4438.16,4436.07,4436.44
2026.01.06 02:50:00,4436.39,4437.13,4434.25,4435.53
2026.01.06 02:55:00,4435.62,4438.11,4435.19,4436.36
2026.01.06 03:00:00,4436.25,4440.16,4427.4,4433.74
2026.01.06 03:05:00,4433.93,4439.43,4431.73,4436.1
2026.01.06 03:10:00,4436.16,4442.26,4435.98,4441.7
2026.01.06 03:15:00,4441.68,4444.22,4439.33,4440.65
2026.01.06 03:20:00,4440.67,4442.64,4435.24,4435.7
2026.01.06 03:25:00,4435.67,4437.04,4433.67,4434.91
2026.01.06 03:30:00,4434.81,4436.59,4432.31,4436.11
2026.01.06 03:35:00,4436.18,4440.48,4433.77,4439.68
2026.01.06 03:40:00,4439.74,4443.23,4438.91,4439.3
2026.01.06 03:45:00,4439.39,4442.5,4438.15,4440.41
2026.01.06 03:50:00,4440.44,4448.25,4439.5,4447.67
2026.01.06 03:55:00,4447.6,4452.27,4447.24,4450.31
2026.01.06 04:00:00,4450.48,4455.27,4448.74,4452.9
2026.01.06 04:05:00,4452.84,4457.63,4451.22,4457.08
2026.01.06 04:10:00,4457.07,4460.71,4456.51,4459.45
2026.01.06 04:15:00,4459.47,4459.61,4456.42,4458.01
2026.01.06 04:20:00,4457.94,4460.09,4456.98,4459.9
2026.01.06 04:25:00,4459.76,4460.82,4457.68,4460.48
2026.01.06 04:30:00,4460.36,4461.24,4456.77,4458.69
2026.01.06 04:35:00,4458.75,4460.03,4452.39,4452.42
2026.01.06 04:40:00,4452.36,4453.76,4448.61,4453.53
2026.01.06 04:45:00,4453.54,4457.67,4453.15,4455.99
2026.01.06 04:50:00,4455.99,4456.21,4452.68,4454.54
2026.01.06 04:55:00,4454.53,4455.56,4451.76,4454.83
2026.01.06 05:00:00,4454.82,4457.14,4453.98,4456.49
2026.01.06 05:05:00,4456.52,4458.69,4454.78,4458.61
2026.01.06 05:10:00,4458.62,4465.75,4458.43,4462.54
2026.01.06 05:15:00,4462.6,4467.38,4461.94,4465.16
2026.01.06 05:20:00,4465.19,4468.09,4462.23,4467.63
2026.01.06 05:25:00,4467.61,4467.82,4463.53,4463.66
2026.01.06 05:30:00,4463.63,4465.36,4463.21,4464.67
2026.01.06 05:35:00,4464.65,4467.64,4464.48,4467.08
2026.01.06 05:40:00,4467.07,4467.51,4464.73,4466.18
2026.01.06 05:45:00,4466.2,4467.91,4465.32,4465.93
2026.01.06 05:50:00,4465.78,4467.22,4464.54,4466.68
2026.01.06 05:55:00,4466.67,4468.1,4466.32,4467.69
2026.01.06 06:00:00,4467.66,4467.71,4465.13,4466.37
2026.01.06 06:05:00,4466.4,4466.48,4464.63,4465.44
2026.01.06 06:10:00,4465.45,4468.48,4465.3,4465.73
2026.01.06 06:15:00,4465.74,4467.37,4463.18,4465.6
2026.01.06 06:20:00,4465.67,4466.77,4464.95,4465.04
2026.01.06 06:25:00,4464.98,4465.52,4463.33,4464.75
2026.01.06 06:30:00,4464.74,4466.34,4464.68,4465.79
2026.01.06 06:35:00,4465.85,4466.06,4464.85,4466.06
2026.01.06 06:40:00,4466.05,4466.42,4461.57,4462.6
2026.01.06 06:45:00,4462.61,4466.28,4462.21,4465.85
2026.01.06 06:50:00,4465.98,4467.44,4465.63,4467.12
2026.01.06 06:55:00,4467.12,4468.72,4466.39,4467.3
2026.01.06 07:00:00,4467.26,4469.28,4466.84,4468.94
2026.01.06 07:05:00,4468.95,4469.71,4467.32,4467.7
2026.01.06 07:10:00,4467.64,4469.23,4467.15,4467.38
2026.01.06 07:15:00,4467.38,4470.05,4466.71,4468.65
2026.01.06 07:20:00,4468.63,4469.6,4467.77,4468.13
2026.01.06 07:25:00,4468.11,4470.74,4467.41,4469.71
2026.01.06 07:30:00,4469.68,4474.23,4469.27,4471.39
2026.01.06 07:35:00,4471.39,4471.99,4463.27,4463.9
2026.01.06 07:40:00,4463.89,4466.03,4461.8,4463.13
2026.01.06 07:45:00,4463.15,4464.85,4457.69,4459.94
2026.01.06 07:50:00,4459.79,4460.23,4454.78,4455.9
2026.01.06 07:55:00,4455.89,4456.44,4449.3,4452.43
2026.01.06 08:00:00,4452.5,4456.78,4451.37,4455.04
2026.01.06 08:05:00,4455.07,4456.9,4451.75,4455.57
2026.01.06 08:10:00,4455.58,4458.26,4455.17,4456.71
2026.01.06 08:15:00,4456.72,4458.8,4455.21,4457.78
2026.01.06 08:20:00,4457.81,4458.97,4456.08,4458.04
2026.01.06 08:25:00,4458.05,4461.05,4457.48,4460.86
2026.01.06 08:30:00,4460.87,4464.96,4458.78,4464.39
2026.01.06 08:35:00,4464.37,4465.61,4462.51,4464.19
2026.01.06 08:40:00,4464.06,4464.96,4461.44,4463.6
2026.01.06 08:45:00,4463.59,4463.81,4460.97,4463.11
2026.01.06 08:50:00,4463.09,4464.98,4461.62,4464.5
2026.01.06 08:55:00,4464.49,4466.9,4463.97,4465.7
2026.01.06 09:00:00,4465.54,4468.37,4464.35,4465.35
2026.01.06 09:05:00,4465.36,4470.61,4464.09,4469.22
2026.01.06 09:10:00,4469.03,4470.31,4467.45,4468.32
2026.01.06 09:15:00,4468.37,4469.58,4467.22,4467.31
2026.01.06 09:20:00,4467.32,4467.8,4461.74,4463.26
2026.01.06 09:25:00,4463.28,4465.07,4461.41,4464.49
2026.01.06 09:30:00,4464.57,4467.12,4464.32,4465.41
2026.01.06 09:35:00,4465.39,4466.09,4463.32,4465.33
2026.01.06 09:40:00,4465.3,4465.95,4464.2,4464.67
2026.01.06 09:45:00,4464.66,4465.86,4463.5,4465.5
2026.01.06 09:50:00,4465.51,4466.45,4460.02,4460.87
2026.01.06 09:55:00,4460.77,4461.04,4457.24,4459.38
2026.01.06 10:00:00,4459.43,4461.07,4457.29,4461.01
2026.01.06 10:05:00,4460.91,4463.53,4460.39,4462.99
2026.01.06 10:10:00,4462.91,4463.19,4460.06,4461.84
2026.01.06 10:15:00,4461.85,4465.85,4461.47,4465.8
2026.01.06 10:20:00,4465.83,4470.16,4465.41,4469.1
2026.01.06 10:25:00,4469.07,4476.12,4469.07,4471.05
2026.01.06 10:30:00,4471.04,4472.75,4465.76,4467.27
2026.01.06 10:35:00,4467.27,4469.25,4466.6,4466.69
2026.01.06 10:40:00,4466.71,4467.73,4464.44,4465.7
2026.01.06 10:45:00,4465.69,4468.4,4464.9,4466.29
2026.01.06 10:50:00,4466.32,4468.2,4465.01,4467.11
2026.01.06 10:55:00,4467.1,4469.49,4466.23,4468.21
2026.01.06 11:00:00,4468.29,4468.55,4463.12,4463.85
2026.01.06 11:05:00,4463.89,4464.29,4460.45,4461.51
2026.01.06 11:10:00,4461.68,4462.22,4453.21,4457.93
2026.01.06 11:15:00,4457.94,4457.98,4451.96,4454.25
2026.01.06 11:20:00,4454.23,4457.14,4452.46,4457.11
2026.01.06 11:25:00,4457.06,4457.14,4454.12,4456.55
2026.01.06 11:30:00,4456.54,4457.04,4455.15,4456.76
2026.01.06 11:35:00,4456.8,4457.01,4455.05,4456.03
2026.01.06 11:40:00,4456.04,4456.26,4453.69,4455.83
2026.01.06 11:45:00,4455.84,4456.21,4445.32,4447.68
2026.01.06 11:50:00,4447.69,4450.33,4444.6,4449.39
2026.01.06 11:55:00,4449.44,4452.03,4446.08,4446.38
2026.01.06 12:00:00,4446.56,4448.78,4442.43,4445.43
2026.01.06 12:05:00,4445.45,4449.7,4445.16,4449.7
2026.01.06 12:10:00,4449.71,4452.27,4448.68,4450.13
2026.01.06 12:15:00,4450.23,4452.62,4449.7,4451.98
2026.01.06 12:20:00,4452.06,4452.24,4448.74,4450
2026.01.06 12:25:00,4450.01,4450.7,4448.57,4450.12
2026.01.06 12:30:00,4450.14,4453.61,4448.43,4451.28
2026.01.06 12:35:00,4451.31,4455.93,4451,4453.92
2026.01.06 12:40:00,4453.89,4454.69,4449.07,4451.05
2026.01.06 12:45:00,4451.06,4451.9,4449.1,4451.13
2026.01.06 12:50:00,4451.15,4451.75,4449.78,4451.28
2026.01.06 12:55:00,4451.3,4453.23,4451.01,4451.67
2026.01.06 13:00:00,4451.74,4453.09,4451,4452.21
2026.01.06 13:05:00,4452.2,4452.44,4449.87,4451.39
2026.01.06 13:10:00,4451.4,4452.32,4450.56,4450.66
2026.01.06 13:15:00,4450.65,4451.32,4448.56,4450.5
2026.01.06 13:20:00,4450.49,4453.79,4450,4453.69
2026.01.06 13:25:00,4453.68,4455.8,4452.08,4455.46
2026.01.06 13:30:00,4455.45,4460.79,4454.66,4460.53
2026.01.06 13:35:00,4460.5,4462.7,4459.13,4459.53
2026.01.06 13:40:00,4459.52,4462.19,4457.73,4462.18
2026.01.06 13:45:00,4462.19,4462.48,4459.49,4460.46
2026.01.06 13:50:00,4460.5,4463.28,4459.69,4462.7
2026.01.06 13:55:00,4462.67,4464.74,4462.29,4463.28
2026.01.06 14:00:00,4463.33,4464.77,4461.7,4461.91
2026.01.06 14:05:00,4461.93,4464.38,4461.9,4463.25
2026.01.06 14:10:00,4463.1,4463.69,4461.79,4462.07
2026.01.06 14:15:00,4462.04,4464.81,4461.53,4461.56
2026.01.06 14:20:00,4461.72,4465.82,4461.38,4465.01
2026.01.06 14:25:00,4465.01,4465.71,4463.05,4464.41
2026.01.06 14:30:00,4464.43,4466.34,4460.65,4460.95
2026.01.06 14:35:00,4460.87,4462.7,4459.61,4460.3
2026.01.06 14:40:00,4460.28,4462.2,4458.69,4461.98
2026.01.06 14:45:00,4462.06,4462.94,4460.23,4460.33
2026.01.06 14:50:00,4460.4,4462.73,4459.4,4462.46
2026.01.06 14:55:00,4462.6,4464.92,4462.01,4463.58
2026.01.06 15:00:00,4463.54,4465.75,4459.72,4464.36
2026.01.06 15:05:00,4464.38,4465.08,4460.99,4464.67
2026.01.06 15:10:00,4464.61,4468.33,4464.46,4465.52
2026.01.06 15:15:00,4465.48,4470.73,4464.94,4468.71
2026.01.06 15:20:00,4468.81,4468.81,4459.59,4459.82
2026.01.06 15:25:00,4459.68,4461.56,4457.4,4459.13
2026.01.06 15:30:00,4459.22,4461.52,4455,4458.41
2026.01.06 15:35:00,4458.53,4460.48,4455.92,4458.66
2026.01.06 15:40:00,4458.67,4462.42,4458.67,4461.15
2026.01.06 15:45:00,4461.07,4463.88,4456.82,4458.1
2026.01.06 15:50:00,4458.26,4465.2,4453.57,4465.04
2026.01.06 15:55:00,4465.06,4468.3,4464.98,4467.9
2026.01.06 16:00:00,4467.93,4471.44,4467.18,4467.52
2026.01.06 16:05:00,4467.55,4472.72,4466.2,4471.31
2026.01.06 16:10:00,4471.25,4472.48,4469.56,4471.77
2026.01.06 16:15:00,4471.82,4473.41,4466.87,4467.18
2026.01.06 16:20:00,4467.15,4468.79,4464.47,4466.43
2026.01.06 16:25:00,4466.41,4468.57,4464.96,4466.69
2026.01.06 16:30:00,4466.8,4478.91,4464.58,4478.82
2026.01.06 16:35:00,4478.96,4483.08,4476.44,4478.82
2026.01.06 16:40:00,4478.8,4483.05,4476.03,4479.35
2026.01.06 16:45:00,4479.44,4485.56,4479.35,4482.18
2026.01.06 16:50:00,4482.16,4488.26,4480.03,4487.86
2026.01.06 16:55:00,4487.82,4489.96,4485.82,4487.47
2026.01.06 17:00:00,4487.39,4490.94,4483.09,4484.8
2026.01.06 17:05:00,4484.85,4488.7,4482.16,4487.05
2026.01.06 17:10:00,4487.09,4487.58,4478.88,4480.2
2026.01.06 17:15:00,4480.19,4483.45,4474.09,4474.34
2026.01.06 17:20:00,4474.4,4479.29,4473.61,4476.48
2026.01.06 17:25:00,4476.5,4481.8,4476.2,4480.95
2026.01.06 17:30:00,4480.97,4481.94,4466.7,4469.68
2026.01.06 17:35:00,4469.65,4472.43,4462.69,4470.38
2026.01.06 17:40:00,4470.55,4476.47,4469.91,4475.32
2026.01.06 17:45:00,4475.34,4479.37,4471.3,4478.18
2026.01.06 17:50:00,4478.07,4479.13,4474.6,4477.5
2026.01.06 17:55:00,4477.48,4479.9,4472.86,4478.34
2026.01.06 18:00:00,4478.28,4483.17,4476.67,4476.73
2026.01.06 18:05:00,4476.66,4477.23,4471.4,4474.34
2026.01.06 18:10:00,4474.36,4478.84,4473.01,4478.76
2026.01.06 18:15:00,4478.77,4481.21,4477.49,4479.92
2026.01.06 18:20:00,4479.91,4483.62,4479.54,4481.95
2026.01.06 18:25:00,4481.99,4485.25,4481.95,4483.39
2026.01.06 18:30:00,4483.41,4485.9,4482.38,4485.3
2026.01.06 18:35:00,4485.31,4488.02,4483.38,4486.68
2026.01.06 18:40:00,4486.71,4489.19,4484.16,4488.16
2026.01.06 18:45:00,4488.1,4488.12,4484.29,4485.45
2026.01.06 18:50:00,4485.44,4487.78,4484.31,4486.44
2026.01.06 18:55:00,4486.34,4488.82,4484.48,4488.22
2026.01.06 19:00:00,4488.21,4489.53,4484.14,4488.7
2026.01.06 19:05:00,4488.6,4490.24,4486.24,4488.18
2026.01.06 19:10:00,4488.27,4489.32,4486.32,4488.36
2026.01.06 19:15:00,4488.52,4490.28,4487.4,4488.7
2026.01.06 19:20:00,4488.71,4489.65,4487.19,4488.94
2026.01.06 19:25:00,4488.95,4489.24,4485.89,4487.03
2026.01.06 19:30:00,4486.89,4489.53,4486.39,4488.95
2026.01.06 19:35:00,4489.05,4490.14,4485.49,4486.5
2026.01.06 19:40:00,4486.44,4487.28,4481.57,4483.92
2026.01.06 19:45:00,4483.97,4486.23,4483.27,4485.78
2026.01.06 19:50:00,4485.89,4490.41,4484.27,4490.19
2026.01.06 19:55:00,4490.2,4491.49,4488.08,4489.46
2026.01.06 20:00:00,4489.48,4489.98,4486,4488.55
2026.01.06 20:05:00,4488.5,4489.49,4487.51,4489.37
2026.01.06 20:10:00,4489.41,4491.73,4489.27,4491.02
2026.01.06 20:15:00,4490.96,4494.03,4490.07,4490.87
2026.01.06 20:20:00,4490.9,4492.98,4487.48,4488.53
2026.01.06 20:25:00,4488.27,4490.13,4484.16,4485.89
2026.01.06 20:30:00,4486.16,4487.85,4482.09,4484.13
2026.01.06 20:35:00,4484.07,4486.46,4483.57,4485.54
2026.01.06 20:40:00,4485.53,4487.27,4484.84,4486.22
2026.01.06 20:45:00,4486.25,4488.7,4486.04,4488.64
2026.01.06 20:50:00,4488.43,4490.49,4487.16,4487.78
2026.01.06 20:55:00,4487.7,4489.49,4487.27,4488.53
2026.01.06 21:00:00,4488.36,4489.47,4484.76,4485.88
2026.01.06 21:05:00,4485.69,4486.52,4482.86,4483.83
2026.01.06 21:10:00,4483.69,4484.58,4481.78,4482.01
2026.01.06 21:15:00,4482.03,4482.62,4477.32,4482.06
2026.01.06 21:20:00,4481.94,4484.77,4481.28,4482.35
2026.01.06 21:25:00,4482.45,4483.78,4480.65,4480.89
2026.01.06 21:30:00,4480.89,4481.9,4477.73,4478.62
2026.01.06 21:35:00,4478.72,4482.26,4477.85,4482.06
2026.01.06 21:40:00,4482.08,4483.66,4481.24,4481.53
2026.01.06 21:45:00,4481.52,4483.74,4481.27,4482.45
2026.01.06 21:50:00,4482.46,4482.95,4478.95,4481.18
2026.01.06 21:55:00,4481.12,4482.62,4480.11,4481.31
2026.01.06 22:00:00,4481.29,4483.98,4480.21,4483.86
2026.01.06 22:05:00,4483.97,4484.42,4481.76,4483.77
2026.01.06 22:10:00,4483.8,4486.89,4482.54,4485.34
2026.01.06 22:15:00,4485.36,4487.3,4485.07,4487.01
2026.01.06 22:20:00,4487,4487.91,4485.93,4486.33
2026.01.06 22:25:00,4486.46,4487.72,4484.48,4485.58
2026.01.06 22:30:00,4485.52,4485.76,4483.71,4485.23
2026.01.06 22:35:00,4485.22,4487.42,4483.98,4486.61
2026.01.06 22:40:00,4486.62,4490.32,4486.62,4489.81
2026.01.06 22:45:00,4489.88,4491.38,4489.1,4489.81
2026.01.06 22:50:00,4489.88,4490.39,4488.41,4490.21
2026.01.06 22:55:00,4490.22,4496.74,4489.56,4493.76
2026.01.06 23:00:00,4493.62,4494.54,4492.01,4493.06
2026.01.06 23:05:00,4493.12,4494.61,4492.18,4493.66
2026.01.06 23:10:00,4493.61,4493.94,4491.69,4492.01
2026.01.06 23:15:00,4492.02,4493.53,4491.94,4492.55
2026.01.06 23:20:00,4492.45,4493.75,4491.98,4493.06
2026.01.06 23:25:00,4493.1,4494.69,4492.49,4494.01
2026.01.06 23:30:00,4494.02,4495.64,4493.9,4495.51
2026.01.06 23:35:00,4495.68,4496.76,4494.85,4496.76
2026.01.06 23:40:00,4496.74,4497.22,4495.99,4496.23
2026.01.06 23:45:00,4496.25,4497.39,4495.8,4497.26
2026.01.06 23:50:00,4497.39,4497.39,4494,4495.12
2026.01.06 23:55:00,4495.29,4495.37,4493.97,4494.31
2026.01.07 01:00:00,4495.21,4498.89,4495.05,4498.49
2026.01.07 01:05:00,4498.5,4499.54,4497.98,4498.62
2026.01.07 01:10:00,4498.59,4498.78,4494.52,4497.63
2026.01.07 01:15:00,4497.65,4499.26,4497.04,4498.85
2026.01.07 01:20:00,4498.69,4500.16,4498.12,4499.76
2026.01.07 01:25:00,4499.59,4500.44,4498.25,4498.51
2026.01.07 01:30:00,4498.56,4499.57,4497.78,4498.89
2026.01.07 01:35:00,4498.88,4499.44,4496.17,4496.38
2026.01.07 01:40:00,4496.43,4496.48,4494.86,4495.04
2026.01.07 01:45:00,4495.03,4495.85,4493.16,4493.6
2026.01.07 01:50:00,4493.66,4496.18,4492.06,4495.89
2026.01.07 01:55:00,4495.88,4496.21,4492.19,4493.26
2026.01.07 02:00:00,4493.18,4494.09,4490.1,4492.81
2026.01.07 02:05:00,4492.73,4492.94,4490.73,4492.11
2026.01.07 02:10:00,4492.14,4494.57,4491.89,4493.07
2026.01.07 02:15:00,4493.26,4493.47,4489.4,4490.47
2026.01.07 02:20:00,4490.73,4492.99,4490.23,4491.27
2026.01.07 02:25:00,4491.26,4491.78,4490,4490.96
2026.01.07 02:30:00,4491.17,4493.81,4490.11,4493.58
2026.01.07 02:35:00,4493.53,4494.64,4487.78,4489.65
2026.01.07 02:40:00,4489.46,4492.29,4488.58,4489.74
2026.01.07 02:45:00,4489.7,4491.43,4487.72,4489.88
2026.01.07 02:50:00,4489.93,4490.16,4482.7,4485.37
2026.01.07 02:55:00,4485.31,4492.2,4484.88,4491.74
2026.01.07 03:00:00,4491.89,4496.11,4480.47,4483.3
2026.01.07 03:05:00,4483.2,4483.59,4471.96,4475.77
2026.01.07 03:10:00,4475.69,4478.78,4468.93,4470.96
2026.01.07 03:15:00,4470.92,4476.84,4470.6,4472.75
2026.01.07 03:20:00,4472.72,4478.28,4471.05,4476.13
2026.01.07 03:25:00,4476.21,4479.07,4473.51,4477.12
2026.01.07 03:30:00,4477.19,4477.87,4466.18,4466.65
2026.01.07 03:35:00,4466.73,4471.04,4464.79,4470.76
2026.01.07 03:40:00,4470.72,4473.14,4467.34,4468.81
2026.01.07 03:45:00,4468.98,4470.6,4465.04,4465.06
2026.01.07 03:50:00,4465.13,4470.49,4465.1,4470.03
2026.01.07 03:55:00,4469.92,4469.92,4460.87,4465.52
2026.01.07 04:00:00,4465.51,4467.55,4459.22,4467.38
2026.01.07 04:05:00,4467.22,4471.16,4466.07,4470.77
2026.01.07 04:10:00,4470.73,4475.66,4470.25,4472.37
2026.01.07 04:15:00,4472.4,4475.02,4470.99,4471.76
2026.01.07 04:20:00,4471.56,4471.71,4469.17,4469.98
2026.01.07 04:25:00,4469.98,4474.99,4468.37,4473.87
2026.01.07 04:30:00,4473.72,4478.07,4473.06,4475.08
2026.01.07 04:35:00,4475.01,4478.1,4474.22,4476.8
2026.01.07 04:40:00,4476.81,4478.48,4475.18,4475.53
2026.01.07 04:45:00,4475.52,4477.53,4473.58,4477.07
2026.01.07 04:50:00,4477.06,4478.68,4474.88,4478.1
2026.01.07 04:55:00,4478.12,4478.72,4474.03,4474.54
2026.01.07 05:00:00,4474.55,4476.91,4473.19,4475.1
2026.01.07 05:05:00,4475.12,4476.27,4472.91,4475.77
2026.01.07 05:10:00,4476.09,4477.17,4471.85,4474.45
2026.01.07 05:15:00,4474.4,4480.27,4472.53,4479.77
2026.01.07 05:20:00,4479.78,4480.25,4476.66,4479.16
2026.01.07 05:25:00,4479,4479.76,4476.18,4476.35
2026.01.07 05:30:00,4476.37,4477.74,4475.37,4476.28
2026.01.07 05:35:00,4476.55,4478.88,4475.99,4477.54
2026.01.07 05:40:00,4477.55,4478.95,4476.94,4478.22
2026.01.07 05:45:00,4478.2,4478.43,4476.28,4476.84
2026.01.07 05:50:00,4476.88,4477.43,4473.68,4475.93
2026.01.07 05:55:00,4475.91,4476.64,4473.43,4474.69
2026.01.07 06:00:00,4474.64,4475.98,4472.31,4473.09
2026.01.07 06:05:00,4473.15,4473.82,4470.1,4471.06
2026.01.07 06:10:00,4471.1,4472.61,4469.01,4470.38
2026.01.07 06:15:00,4470.31,4471.98,4466.78,4468.48
2026.01.07 06:20:00,4468.54,4470.74,4466.33,4468.95
2026.01.07 06:25:00,4468.99,4471.05,4465.62,4465.96
2026.01.07 06:30:00,4466.01,4467.52,4463.47,4467.31
2026.01.07 06:35:00,4467.26,4468.46,4463.38,4463.38
2026.01.07 06:40:00,4463.43,4468.45,4463.32,4465.23
2026.01.07 06:45:00,4465.05,4466.95,4463.86,4466.21
2026.01.07 06:50:00,4466.29,4467.23,4463.81,4464.47
2026.01.07 06:55:00,4464.52,4465.56,4463.68,4464.74
2026.01.07 07:00:00,4464.72,4465.28,4463.21,4463.95
2026.01.07 07:05:00,4463.91,4467.2,4462.04,4466.4
2026.01.07 07:10:00,4466.44,4467.03,4464.98,4465.85
2026.01.07 07:15:00,4465.84,4469.37,4465.07,4467.93
2026.01.07 07:20:00,4467.95,4469.76,4467.12,4469.61
2026.01.07 07:25:00,4469.62,4470.23,4467.21,4468.59
2026.01.07 07:30:00,4468.58,4469.19,4452.12,4453.78
2026.01.07 07:35:00,4453.8,4457.16,4451.08,4453.14
2026.01.07 07:40:00,4453.18,4454.13,4448.17,4452.5
2026.01.07 07:45:00,4452.45,4453.05,4442.95,4448.11
2026.01.07 07:50:00,4448.14,4449.87,4446.12,4447.49
2026.01.07 07:55:00,4447.5,4454.49,4446.17,4454.25
2026.01.07 08:00:00,4454.15,4457.15,4452.78,4456.49
2026.01.07 08:05:00,4456.48,4459.28,4456.09,4457.53
2026.01.07 08:10:00,4457.65,4459.35,4455.02,4456.18
2026.01.07 08:15:00,4456.19,4459.99,4455.97,4459.03
2026.01.07 08:20:00,4459.02,4460.45,4454.44,4454.98
2026.01.07 08:25:00,4455.01,4456.46,4452.12,4455.01
2026.01.07 08:30:00,4454.87,4455.54,4448.94,4451.16
2026.01.07 08:35:00,4451.14,4451.15,4443.54,4450.63
2026.01.07 08:40:00,4450.49,4452.16,4446.16,4446.68
2026.01.07 08:45:00,4446.56,4449.07,4441.08,4446.15
2026.01.07 08:50:00,4446.07,4451.26,4445.41,4446.21
2026.01.07 08:55:00,4446.21,4446.58,4442.69,4444.21
2026.01.07 09:00:00,4444.2,4447.88,4441.57,4447.81
2026.01.07 09:05:00,4447.8,4449.57,4447.17,4448.99
2026.01.07 09:10:00,4449.1,4450.88,4447.75,4450.24
2026.01.07 09:15:00,4450.26,4451.62,4448.41,4451.04
2026.01.07 09:20:00,4451.05,4453.2,4450.21,4451.69
2026.01.07 09:25:00,4451.67,4455.08,4451.45,4455
2026.01.07 09:30:00,4454.99,4456.14,4453.53,4455.44
2026.01.07 09:35:00,4455.45,4460.05,4454.91,4458.89
2026.01.07 09:40:00,4458.87,4460.1,4456.33,4458.92
2026.01.07 09:45:00,4458.94,4464.31,4458.4,4462
2026.01.07 09:50:00,4462.01,4465.08,4460.28,4463.33
2026.01.07 09:55:00,4463.27,4463.43,4460.78,4461.1
2026.01.07 10:00:00,4460.87,4463.5,4460.46,4463.43
2026.01.07 10:05:00,4463.45,4465.74,4459.22,4465.57
2026.01.07 10:10:00,4465.56,4466.51,4462.71,4465.79
2026.01.07 10:15:00,4465.74,4468.14,4464.69,4466.12
2026.01.07 10:20:00,4466.15,4468.54,4465.37,4466.53
2026.01.07 10:25:00,4466.52,4466.8,4463.42,4465.23
2026.01.07 10:30:00,4465.07,4467.9,4464.07,4467.26
2026.01.07 10:35:00,4467.04,4472.51,4466.23,4471.44
2026.01.07 10:40:00,4471.46,4474.81,4466.74,4466.83
2026.01.07 10:45:00,4466.78,4470.4,4465.29,4468.91
2026.01.07 10:50:00,4468.93,4470.66,4467.46,4468.45
2026.01.07 10:55:00,4468.48,4469.57,4466.46,4468.2
2026.01.07 11:00:00,4468.01,4468.91,4463.88,4465.33
2026.01.07 11:05:00,4465.3,4465.51,4459.62,4461.33
2026.01.07 11:10:00,4461.36,4466.53,4461.22,4465.85
2026.01.07 11:15:00,4465.89,4467.21,4464.06,4466.29
2026.01.07 11:20:00,4466.3,4466.3,4462.27,4464.03
2026.01.07 11:25:00,4464.02,4465.63,4461.7,4461.87
2026.01.07 11:30:00,4461.67,4464.11,4461.02,4463.03
2026.01.07 11:35:00,4462.99,4464.5,4462.37,4462.79
2026.01.07 11:40:00,4462.69,4464.01,4460.82,4461.45
2026.01.07 11:45:00,4461.41,4465.31,4459.78,4464.03
2026.01.07 11:50:00,4463.97,4465.55,4461.72,4465.31
2026.01.07 11:55:00,4465.23,4465.63,4462.71,4463.31
2026.01.07 12:00:00,4463.31,4464,4461.37,4463.54
2026.01.07 12:05:00,4463.54,4465.65,4462.71,4463.3
2026.01.07 12:10:00,4463.22,4465.11,4462.27,4464.73
2026.01.07 12:15:00,4464.74,4466.75,4464.64,4464.9
2026.01.07 12:20:00,4464.92,4465.7,4463.47,4464.36
2026.01.07 12:25:00,4464.34,4464.83,4458.52,4459.85
2026.01.07 12:30:00,4459.84,4464.55,4458.72,4463.61
2026.01.07 12:35:00,4463.74,4465.74,4463.48,4464.63
2026.01.07 12:40:00,4464.72,4467.39,4464.56,4466.04
2026.01.07 12:45:00,4465.96,4467.86,4465.46,4466.4
2026.01.07 12:50:00,4466.3,4467.27,4464.88,4465.08
2026.01.07 12:55:00,4465.05,4465.34,4463.65,4464.46
2026.01.07 13:00:00,4464.45,4464.89,4461.6,4464.17
2026.01.07 13:05:00,4464.11,4464.33,4460.91,4462.41
2026.01.07 13:10:00,4462.4,4463.28,4461.18,4461.77
2026.01.07 13:15:00,4461.75,4464.26,4460.27,4462.66
2026.01.07 13:20:00,4462.64,4462.79,4459.47,4459.55
2026.01.07 13:25:00,4459.53,4460.04,4455.33,4458.96
2026.01.07 13:30:00,4459.16,4460.18,4454.77,4454.89
2026.01.07 13:35:00,4454.88,4455.74,4450.44,4451.61
2026.01.07 13:40:00,4451.64,4454.31,4450.44,4450.44
2026.01.07 13:45:00,4450.43,4452.19,4448.99,4450.53
2026.01.07 13:50:00,4450.7,4454.58,4449.18,4453.91
2026.01.07 13:55:00,4453.85,4454.06,4446.39,4447.36
2026.01.07 14:00:00,4447.52,4450.24,4445.85,4448.25
2026.01.07 14:05:00,4448.21,4449.31,4445.15,4446.45
2026.01.07 14:10:00,4446.26,4446.42,4443.04,4445.58
2026.01.07 14:15:00,4445.5,4448.09,4440.29,4442.1
2026.01.07 14:20:00,4442.37,4447.78,4439.24,4447.12
2026.01.07 14:25:00,4447.2,4450.66,4443.56,4450.08
2026.01.07 14:30:00,4449.94,4454.65,4449.27,4453.26
2026.01.07 14:35:00,4453.2,4455.11,4451.11,4451.68
2026.01.07 14:40:00,4451.67,4454.12,4449.85,4450.02
2026.01.07 14:45:00,4450.03,4453.88,4449.3,4453.18
2026.01.07 14:50:00,4453.09,4453.99,4448.35,4448.41
2026.01.07 14:55:00,4448.42,4449.04,4444.97,4445.03
2026.01.07 15:00:00,4444.76,4450.18,4443.39,4445.69
2026.01.07 15:05:00,4445.73,4447.16,4428.68,4429.88
2026.01.07 15:10:00,4429.9,4436.15,4427.58,4432.95
2026.01.07 15:15:00,4433.35,4439.3,4429.85,4434
2026.01.07 15:20:00,4434.01,4443.58,4432.47,4442.26
2026.01.07 15:25:00,4442.24,4447.19,4440.37,4442.06
2026.01.07 15:30:00,4441.97,4446.95,4440.91,4443.44
2026.01.07 15:35:00,4443.39,4444.6,4438.03,4443.55
2026.01.07 15:40:00,4443.54,4450.67,4441.05,4445.53
2026.01.07 15:45:00,4445.56,4450.13,4444.6,4446.9
2026.01.07 15:50:00,4446.95,4452.22,4445.84,4448.56
2026.01.07 15:55:00,4448.59,4453.21,4446.99,4452.93
2026.01.07 16:00:00,4452.84,4454.48,4449.76,4452.49
2026.01.07 16:05:00,4452.5,4453.7,4448.24,4448.81
2026.01.07 16:10:00,4448.82,4452.16,4447.01,4447.29
2026.01.07 16:15:00,4447.34,4453.48,4446.91,4449.79
2026.01.07 16:20:00,4449.74,4449.86,4442.86,4445.41
2026.01.07 16:25:00,4445.35,4446.39,4442.51,4444.62
2026.01.07 16:30:00,4444.56,4450.4,4440.36,4449.41
2026.01.07 16:35:00,4449.3,4452.37,4435.58,4440.93
2026.01.07 16:40:00,4440.91,4446.07,4439.53,4444.16
2026.01.07 16:45:00,4444.28,4447.19,4440.68,4442.76
2026.01.07 16:50:00,4442.75,4450.12,4440.81,4446.67
2026.01.07 16:55:00,4446.56,4453.18,4444.38,4444.91
2026.01.07 17:00:00,4444.79,4445.87,4437.43,4441.33
2026.01.07 17:05:00,4441.56,4444.71,4439.62,4441.52
2026.01.07 17:10:00,4441.4,4442.41,4426.21,4426.49
2026.01.07 17:15:00,4426.55,4430.12,4423.42,4424.74
2026.01.07 17:20:00,4424.73,4432.95,4424.42,4430.65
2026.01.07 17:25:00,4430.82,4442.13,4430.67,4441.83
2026.01.07 17:30:00,4441.78,4450.32,4441.78,4448.81
2026.01.07 17:35:00,4448.69,4451.97,4445.19,4448.26
2026.01.07 17:40:00,4448.33,4449.41,4441.9,4442.22
2026.01.07 17:45:00,4442.3,4446.77,4440.18,4446.39
2026.01.07 17:50:00,4446.58,4447.92,4442.04,4442.67
2026.01.07 17:55:00,4442.6,4446.33,4441.54,4446.18
2026.01.07 18:00:00,4446.09,4449.5,4444.94,4446.31
2026.01.07 18:05:00,4446.28,4448.1,4443.66,4447.2
2026.01.07 18:10:00,4446.99,4450.84,4445.73,4447.02
2026.01.07 18:15:00,4447.13,4448.09,4444.57,4447.85
2026.01.07 18:20:00,4447.61,4461.39,4447,4458.76
2026.01.07 18:25:00,4458.68,4460.49,4455.52,4457.86
2026.01.07 18:30:00,4457.82,4465.37,4456.72,4464.92
2026.01.07 18:35:00,4464.89,4465.52,4458.65,4462.86
2026.01.07 18:40:00,4462.86,4468.01,4460.57,4467.65
2026.01.07 18:45:00,4467.57,4468.4,4463.51,4467.26
2026.01.07 18:50:00,4467.27,4468.11,4463.64,4464.64
2026.01.07 18:55:00,4464.63,4464.97,4461.87,4464.43
2026.01.07 19:00:00,4464.42,4465.52,4459.62,4463.15
2026.01.07 19:05:00,4462.94,4464.24,4460.16,4460.58
2026.01.07 19:10:00,4460.59,4461.35,4457.62,4460.18
2026.01.07 19:15:00,4460.1,4463.2,4459.05,4461.63
2026.01.07 19:20:00,4461.6,4462,4459.16,4460.14
2026.01.07 19:25:00,4460.1,4460.2,4457.11,4458.45
2026.01.07 19:30:00,4458.7,4461.72,4457.93,4459.4
2026.01.07 19:35:00,4459.41,4460.64,4455.95,4458.85
2026.01.07 19:40:00,4458.82,4459.67,4455.8,4456.91
2026.01.07 19:45:00,4456.9,4459.39,4456.26,4457.12
2026.01.07 19:50:00,4457.07,4457.11,4452.22,4454.57
2026.01.07 19:55:00,4454.58,4454.75,4449.57,4451.9
2026.01.07 20:00:00,4451.74,4452.99,4447.9,4450.51
2026.01.07 20:05:00,4450.58,4452.67,4447.85,4450.24
2026.01.07 20:10:00,4450.25,4453,4448.22,4449.8
2026.01.07 20:15:00,4449.76,4451.38,4447,4450.2
2026.01.07 20:20:00,4450.16,4453.3,4449.52,4451.95
2026.01.07 20:25:00,4451.77,4456.11,4451.23,4452.15
2026.01.07 20:30:00,4452.29,4456.4,4451.48,4456.02
2026.01.07 20:35:00,4456.01,4458.81,4454.06,4458.22
2026.01.07 20:40:00,4458.28,4458.64,4455.6,4456.11
2026.01.07 20:45:00,4456.12,4456.55,4454.04,4454.08
2026.01.07 20:50:00,4453.97,4454.39,4449.96,4452.38
2026.01.07 20:55:00,4452.32,4452.84,4450.65,4452
2026.01.07 21:00:00,4451.97,4455.24,4450.53,4454.99
2026.01.07 21:05:00,4454.99,4455.36,4449.4,4450.4
2026.01.07 21:10:00,4450.38,4451.5,4447.73,4449.41
2026.01.07 21:15:00,4449.45,4449.64,4445.13,4448.06
2026.01.07 21:20:00,4448.02,4448.98,4447.15,4448.53
2026.01.07 21:25:00,4448.52,4451,4446.44,4450.48
2026.01.07 21:30:00,4450.45,4457.33,4450.35,4455.7
2026.01.07 21:35:00,4455.71,4457.23,4454.18,4454.96
2026.01.07 21:40:00,4454.98,4455.7,4452.44,4453.31
2026.01.07 21:45:00,4453.27,4454.01,4451.94,4453.1
2026.01.07 21:50:00,4453.11,4457.7,4452.26,4457.47
2026.01.07 21:55:00,4457.48,4458.06,4456.38,4456.85
2026.01.07 22:00:00,4456.84,4459.61,4456.82,4458.58
2026.01.07 22:05:00,4458.57,4459.65,4455.03,4455.44
2026.01.07 22:10:00,4455.46,4459.46,4455.14,4458.25
2026.01.07 22:15:00,4458.22,4461.68,4456.7,4459.79
2026.01.07 22:20:00,4459.82,4461.32,4458.42,4459.06
2026.01.07 22:25:00,4459.07,4459.18,4455.78,4458.09
2026.01.07 22:30:00,4458.11,4460.63,4457.17,4458.31
2026.01.07 22:35:00,4458.29,4458.89,4456.26,4456.68
2026.01.07 22:40:00,4456.66,4460.16,4456.49,4456.84
2026.01.07 22:45:00,4456.76,4459.41,4456.41,4458.54
2026.01.07 22:50:00,4458.56,4459.8,4457.93,4458.72
2026.01.07 22:55:00,4458.73,4459.13,4450.48,4451.93
2026.01.07 23:00:00,4451.95,4454.59,4449.76,4453.31
2026.01.07 23:05:00,4453.2,4453.85,4451.87,4452.81
2026.01.07 23:10:00,4452.8,4454.51,4452.72,4453.88
2026.01.07 23:15:00,4454.06,4454.73,4453.25,4453.76
2026.01.07 23:20:00,4453.78,4455.33,4452.93,4453.44
2026.01.07 23:25:00,4453.43,4453.92,4451.74,4452.39
2026.01.07 23:30:00,4452.38,4453.93,4451.86,4452.85
2026.01.07 23:35:00,4452.74,4454.31,4452.17,4454
2026.01.07 23:40:00,4453.98,4454.51,4452.84,4453.18
2026.01.07 23:45:00,4453.14,4453.99,4452.62,4452.94
2026.01.07 23:50:00,4452.9,4456.05,4452.51,4455.77
2026.01.07 23:55:00,4455.65,4456.53,4454.49,4456.1
2026.01.08 01:00:00,4459.56,4462.54,4457.97,4461.96
2026.01.08 01:05:00,4461.95,4462.69,4459.6,4459.64
2026.01.08 01:10:00,4459.65,4460.54,4458.51,4459.79
2026.01.08 01:15:00,4459.77,4461.91,4459.09,4461.88
2026.01.08 01:20:00,4461.89,4463.21,4460.35,4461.96
2026.01.08 01:25:00,4461.91,4464.23,4461.72,4462.01
2026.01.08 01:30:00,4461.98,4462.8,4459.8,4461.43
2026.01.08 01:35:00,4461.39,4462.94,4460.49,4461.33
2026.01.08 01:40:00,4461.36,4462.51,4460.9,4461.71
2026.01.08 01:45:00,4461.71,4463.01,4459.82,4461.22
2026.01.08 01:50:00,4461.21,4462.63,4460.8,4461.73
2026.01.08 01:55:00,4461.76,4463.95,4461.5,4463.41
2026.01.08 02:00:00,4463.43,4465.81,4462.73,4463.91
2026.01.08 02:05:00,4463.9,4465.55,4462.2,4465.14
2026.01.08 02:10:00,4465.13,4465.83,4464.51,4465.68
2026.01.08 02:15:00,4465.69,4466.33,4464.04,4464.21
2026.01.08 02:20:00,4463.97,4463.97,4458.47,4458.61
2026.01.08 02:25:00,4458.52,4458.58,4454.13,4456.87
2026.01.08 02:30:00,4456.86,4458.84,4455.65,4457.85
2026.01.08 02:35:00,4457.83,4457.83,4451.43,4453.91
2026.01.08 02:40:00,4453.92,4454.89,4450.07,4451.36
2026.01.08 02:45:00,4451.38,4451.66,4447.12,4447.21
2026.01.08 02:50:00,4447.16,4451.31,4446.65,4450.69
2026.01.08 02:55:00,4450.8,4452.35,4449.99,4450.15
2026.01.08 03:00:00,4449.88,4455.1,4444.05,4451.74
2026.01.08 03:05:00,4451.79,4459.76,4451.57,4459.17
2026.01.08 03:10:00,4459.14,4460.37,4455.49,4457.04
2026.01.08 03:15:00,4457.03,4458.9,4454.67,4458.3
2026.01.08 03:20:00,4458.29,4460.48,4456.8,4457.49
2026.01.08 03:25:00,4457.44,4458.46,4454.36,4455.02
2026.01.08 03:30:00,4454.78,4457.6,4450.67,4451.95
2026.01.08 03:35:00,4452.02,4455.96,4450.75,4455.68
2026.01.08 03:40:00,4455.73,4456.29,4446.01,4447.73
2026.01.08 03:45:00,4447.76,4448.6,4442.88,4447.63
2026.01.08 03:50:00,4447.66,4447.87,4443.86,4444.26
2026.01.08 03:55:00,4444.39,4448.46,4441.45,4448.38
2026.01.08 04:00:00,4448.39,4449.66,4442.12,4443.11
2026.01.08 04:05:00,4443.1,4448.46,4439.97,4447.42
2026.01.08 04:10:00,4447.44,4448.73,4445.78,4446.45
2026.01.08 04:15:00,4446.43,4446.77,4442.68,4443.24
2026.01.08 04:20:00,4443.38,4443.58,4441,4442.47
2026.01.08 04:25:00,4442.4,4444.08,4440.76,4441.2
2026.01.08 04:30:00,4441.15,4441.24,4435.41,4436.8
2026.01.08 04:35:00,4436.78,4440.26,4433.25,4438.84
2026.01.08 04:40:00,4438.87,4442.86,4438.17,4442.17
2026.01.08 04:45:00,4442.14,4444.33,4437.33,4437.66
2026.01.08 04:50:00,4437.67,4443.48,4437.53,4441.42
2026.01.08 04:55:00,4441.39,4443.86,4438.6,4441.26
2026.01.08 05:00:00,4441.29,4442.87,4439.06,4441.42
2026.01.08 05:05:00,4441.7,4444.03,4438.81,4442.42
2026.01.08 05:10:00,4442.38,4445.95,4440.74,4442.57
2026.01.08 05:15:00,4442.58,4442.62,4436.98,4441.19
2026.01.08 05:20:00,4441.17,4444.81,4440.85,4443.47
2026.01.08 05:25:00,4443.49,4445.91,4443.07,4444.14
2026.01.08 05:30:00,4444.16,4446.55,4443.23,4443.4
2026.01.08 05:35:00,4443.41,4443.41,4439.96,4440.92
2026.01.08 05:40:00,4440.99,4442.4,4440.57,4442.04
2026.01.08 05:45:00,4442.03,4442.79,4440.8,4442.08
2026.01.08 05:50:00,4442.07,4442.65,4439.1,4440.12
2026.01.08 05:55:00,4440.14,4441.08,4438.11,4440.18
2026.01.08 06:00:00,4440.22,4440.23,4437.08,4438.06
2026.01.08 06:05:00,4438.09,4439,4436.68,4438.36
2026.01.08 06:10:00,4438.39,4440.36,4437.83,4440.06
2026.01.08 06:15:00,4440.03,4440.5,4439.17,4440.19
2026.01.08 06:20:00,4440.18,4440.23,4436.79,4437.04
2026.01.08 06:25:00,4437.06,4439.49,4436.54,4436.74
2026.01.08 06:30:00,4436.77,4438.82,4435.44,4438.41
2026.01.08 06:35:00,4438.23,4438.31,4434.3,4434.59
2026.01.08 06:40:00,4434.63,4435.46,4431.9,4432.01
2026.01.08 06:45:00,4432.04,4432.66,4430.28,4431.06
2026.01.08 06:50:00,4431.07,4433.45,4429.98,4432.74
2026.01.08 06:55:00,4432.75,4432.94,4430.57,4431.59
2026.01.08 07:00:00,4431.53,4432.45,4429.99,4430.11
2026.01.08 07:05:00,4430.1,4430.34,4427.09,4427.68
2026.01.08 07:10:00,4427.69,4428.99,4425.72,4427.28
2026.01.08 07:15:00,4427.27,4427.8,4422.46,4426.33
2026.01.08 07:20:00,4426.32,4429.58,4425.54,4428.49
2026.01.08 07:25:00,4428.58,4428.64,4423.81,4425.88
2026.01.08 07:30:00,4425.87,4427.01,4419.35,4422.78
2026.01.08 07:35:00,4422.85,4426.07,4420.29,4424.38
2026.01.08 07:40:00,4424.41,4426.32,4415.66,4418.58
2026.01.08 07:45:00,4418.57,4423.05,4415.33,4420.99
2026.01.08 07:50:00,4421.01,4422.35,4417.82,4418.92
2026.01.08 07:55:00,4418.98,4427.64,4418.96,4425.42
2026.01.08 08:00:00,4425.41,4429.43,4418.17,4419.02
2026.01.08 08:05:00,4418.95,4421.44,4415.52,4419.16
2026.01.08 08:10:00,4419.13,4422.8,4418.72,4420.92
2026.01.08 08:15:00,4420.93,4424.37,4418.25,4421.57
2026.01.08 08:20:00,4421.58,4425.65,4419.36,4425.18
2026.01.08 08:25:00,4425.14,4428.28,4425.06,4426.13
2026.01.08 08:30:00,4426.15,4435.01,4426.15,4431.65
2026.01.08 08:35:00,4431.71,4437.58,4431.71,4434.76
2026.01.08 08:40:00,4434.8,4436.59,4433.74,4435.64
2026.01.08 08:45:00,4435.63,4436.24,4429.83,4433.76
2026.01.08 08:50:00,4433.75,4435.43,4431.87,4435.14
2026.01.08 08:55:00,4435.23,4435.95,4433.1,4433.36
2026.01.08 09:00:00,4433.41,4436.2,4432.13,4432.68
2026.01.08 09:05:00,4432.59,4439.23,4432.12,4437.76
2026.01.08 09:10:00,4437.65,4440.01,4435.18,4435.76
2026.01.08 09:15:00,4435.65,4435.89,4432.78,4434.46
2026.01.08 09:20:00,4434.51,4435.75,4431.87,4433.72
2026.01.08 09:25:00,4433.95,4436.88,4430.57,4436.23
2026.01.08 09:30:00,4436.24,4436.79,4432.13,4433.96
2026.01.08 09:35:00,4433.98,4435.24,4432.36,4432.6
2026.01.08 09:40:00,4432.61,4434.81,4430.74,4431.41
2026.01.08 09:45:00,4431.35,4432.71,4428.44,4429.48
2026.01.08 09:50:00,4429.38,4433.12,4428.49,4432.66
2026.01.08 09:55:00,4432.67,4433.8,4430.66,4430.95
2026.01.08 10:00:00,4430.9,4431.85,4425.61,4425.66
2026.01.08 10:05:00,4425.52,4432.43,4425.51,4432.39
2026.01.08 10:10:00,4432.26,4433.24,4425.63,4425.74
2026.01.08 10:15:00,4425.73,4430.72,4425.33,4428.91
2026.01.08 10:20:00,4428.86,4430.55,4427.1,4427.12
2026.01.08 10:25:00,4427.2,4430.22,4426.41,4426.9
2026.01.08 10:30:00,4426.89,4428.62,4423.36,4424.26
2026.01.08 10:35:00,4424.21,4424.56,4420.55,4421.06
2026.01.08 10:40:00,4421.18,4423.98,4419.79,4421.4
2026.01.08 10:45:00,4421.48,4424.44,4420.99,4424.07
2026.01.08 10:50:00,4424.08,4428.45,4422.34,4427.64
2026.01.08 10:55:00,4427.66,4432.95,4425.82,4431.61
2026.01.08 11:00:00,4431.57,4435.45,4431.07,4431.3
2026.01.08 11:05:00,4431.33,4434.7,4430.86,4432.87
2026.01.08 11:10:00,4432.83,4435.03,4430.55,4430.85
2026.01.08 11:15:00,4430.88,4431.51,4426.1,4426.46
2026.01.08 11:20:00,4426.45,4429.25,4425.79,4427.78
2026.01.08 11:25:00,4427.71,4431.11,4427.45,4430.19
2026.01.08 11:30:00,4430.22,4434.89,4429.63,4434.41
2026.01.08 11:35:00,4434.39,4434.42,4431.7,4432.55
2026.01.08 11:40:00,4432.73,4434.72,4432.39,4433.22
2026.01.08 11:45:00,4433.21,4433.42,4429.03,4430.9
2026.01.08 11:50:00,4430.88,4432.34,4430.16,4431.71
2026.01.08 11:55:00,4431.57,4433.4,4431.48,4432.59
2026.01.08 12:00:00,4432.61,4432.66,4429.88,4430.07
2026.01.08 12:05:00,4430.05,4430.28,4427.87,4428.65
2026.01.08 12:10:00,4428.72,4429.99,4427.43,4429.22
2026.01.08 12:15:00,4429.17,4430.6,4424.31,4424.36
2026.01.08 12:20:00,4424.34,4426.63,4422.98,4425.86
2026.01.08 12:25:00,4425.89,4427.48,4423.63,4424.59
2026.01.08 12:30:00,4424.65,4431.77,4423.47,4431.29
2026.01.08 12:35:00,4431.44,4433.71,4430.53,4432.14
2026.01.08 12:40:00,4432.16,4434.64,4431.64,4432.53
2026.01.08 12:45:00,4432.3,4433.1,4430.78,4431.2
2026.01.08 12:50:00,4431.23,4432.22,4430.23,4431.01
2026.01.08 12:55:00,4430.97,4433.81,4429.94,4433.18
2026.01.08 13:00:00,4433.02,4433.05,4430.95,4432.14
2026.01.08 13:05:00,4432.14,4432.64,4428.79,4428.96
2026.01.08 13:10:00,4428.93,4430.4,4427.6,4428.33
2026.01.08 13:15:00,4428.24,4429.66,4426.94,4428.78
2026.01.08 13:20:00,4428.77,4429.1,4425.62,4425.76
2026.01.08 13:25:00,4425.78,4428.2,4424.69,4426.42
2026.01.08 13:30:00,4426.35,4427.58,4424.62,4425.02
2026.01.08 13:35:00,4425,4427.25,4424.81,4427.25
2026.01.08 13:40:00,4427.34,4428.04,4426.14,4426.4
2026.01.08 13:45:00,4426.4,4427.31,4422.26,4424.63
2026.01.08 13:50:00,4424.66,4425.46,4423.1,4423.8
2026.01.08 13:55:00,4423.78,4425.28,4421.99,4422.71
2026.01.08 14:00:00,4422.73,4422.81,4414.62,4416.67
2026.01.08 14:05:00,4416.65,4419.21,4411.97,4418.25
2026.01.08 14:10:00,4418.31,4419.41,4411.88,4412.26
2026.01.08 14:15:00,4412.21,4414.33,4407.33,4413.66
2026.01.08 14:20:00,4413.63,4416.42,4413.2,4415.37
2026.01.08 14:25:00,4415.37,4422.33,4412.93,4420.49
2026.01.08 14:30:00,4420.46,4426.04,4419.93,4424.01
2026.01.08 14:35:00,4424.05,4428.88,4422.09,4427.98
2026.01.08 14:40:00,4427.97,4431.33,4426.99,4428.92
2026.01.08 14:45:00,4428.97,4430.37,4426.71,4428.4
2026.01.08 14:50:00,4428.38,4430.27,4426.7,4427.32
2026.01.08 14:55:00,4427.26,4428.99,4426.2,4427.72
2026.01.08 15:00:00,4427.68,4429.56,4423.08,4423.79
2026.01.08 15:05:00,4423.82,4424.06,4418.13,4418.7
2026.01.08 15:10:00,4418.63,4420.91,4417.13,4420.45
2026.01.08 15:15:00,4420.3,4427.53,4420.29,4425.73
2026.01.08 15:20:00,4425.78,4433.39,4425.78,4432.03
2026.01.08 15:25:00,4431.89,4436.17,4430.72,4433.51
2026.01.08 15:30:00,4433.41,4434.09,4426.16,4426.96
2026.01.08 15:35:00,4426.95,4432.01,4426.87,4429.05
2026.01.08 15:40:00,4428.91,4435.68,4426.01,4433.13
2026.01.08 15:45:00,4433.01,4433.9,4429.45,4429.58
2026.01.08 15:50:00,4429.62,4431.61,4425.03,4425.23
2026.01.08 15:55:00,4425.27,4425.92,4421.45,4423.74
2026.01.08 16:00:00,4423.66,4427.95,4420.88,4424.39
2026.01.08 16:05:00,4424.46,4427.16,4418.69,4423.63
2026.01.08 16:10:00,4423.79,4428.29,4422.22,4423.35
2026.01.08 16:15:00,4423.34,4427.71,4419.38,4427.35
2026.01.08 16:20:00,4427.26,4429.02,4420.49,4428.79
2026.01.08 16:25:00,4428.82,4429.97,4426.08,4427.64
2026.01.08 16:30:00,4427.67,4433.2,4421.74,4430.68
2026.01.08 16:35:00,4430.97,4435.48,4428.96,4429.4
2026.01.08 16:40:00,4429.36,4432.23,4425.38,4426.17
2026.01.08 16:45:00,4426.16,4437.58,4425.81,4436.39
2026.01.08 16:50:00,4436.31,4439.22,4431.12,4434.76
2026.01.08 16:55:00,4434.69,4437.15,4432.48,4432.9
2026.01.08 17:00:00,4432.93,4434.55,4427.57,4434.5
2026.01.08 17:05:00,4434.45,4445.15,4433.93,4444.93
2026.01.08 17:10:00,4444.87,4449.3,4443.75,4447.78
2026.01.08 17:15:00,4447.68,4454.25,4446.04,4447.08
2026.01.08 17:20:00,4447.11,4451,4443.72,4447.12
2026.01.08 17:25:00,4447.14,4448.69,4443.31,4447.68
2026.01.08 17:30:00,4447.68,4453.28,4446.57,4451.07
2026.01.08 17:35:00,4451.19,4452.23,4446.66,4449.91
2026.01.08 17:40:00,4450.13,4455.64,4449.99,4452.9
2026.01.08 17:45:00,4453.17,4455.57,4449.68,4454.62
2026.01.08 17:50:00,4454.55,4456.93,4447.96,4448.39
2026.01.08 17:55:00,4448.49,4455.56,4447.64,4454.11
2026.01.08 18:00:00,4454.18,4457.97,4452.49,4453.75
2026.01.08 18:05:00,4453.74,4454.48,4451.02,4451.73
2026.01.08 18:10:00,4451.81,4453.19,4446.8,4447
2026.01.08 18:15:00,4446.96,4452.2,4446.76,4450.56
2026.01.08 18:20:00,4450.54,4453.76,4450.43,4452.35
2026.01.08 18:25:00,4452.32,4455.18,4451.45,4453.43
2026.01.08 18:30:00,4453.35,4461.79,4451.72,4461.05
2026.01.08 18:35:00,4461.04,4464.74,4458.25,4462.99
2026.01.08 18:40:00,4462.9,4464.58,4459.73,4460.68
2026.01.08 18:45:00,4460.71,4461.06,4457.59,4458.02
2026.01.08 18:50:00,4458.29,4461.32,4458.15,4461.2
2026.01.08 18:55:00,4461.21,4464.28,4460.2,4463.11
2026.01.08 19:00:00,4463.06,4465.39,4460.31,4461.86
2026.01.08 19:05:00,4461.9,4461.9,4458.07,4459.02
2026.01.08 19:10:00,4459.01,4461.86,4458.41,4459.98
2026.01.08 19:15:00,4459.83,4461.4,4457.19,4461.01
2026.01.08 19:20:00,4460.91,4461.48,4458.66,4461.2
2026.01.08 19:25:00,4461.17,4462.26,4459.09,4461.75
2026.01.08 19:30:00,4461.77,4463.46,4459.85,4460.23
2026.01.08 19:35:00,4460.2,4461.81,4458.88,4461.81
2026.01.08 19:40:00,4461.75,4462.65,4461,4461.31
2026.01.08 19:45:00,4461.32,4462.09,4459.11,4459.88
2026.01.08 19:50:00,4459.86,4463.68,4459.81,4462.48
2026.01.08 19:55:00,4462.49,4464.19,4461.7,4463.42
2026.01.08 20:00:00,4463.46,4463.46,4457.42,4457.64
2026.01.08 20:05:00,4457.51,4458.11,4454.29,4455.34
2026.01.08 20:10:00,4455.32,4455.4,4452.41,4453.93
2026.01.08 20:15:00,4453.8,4456.56,4453.23,4453.26
2026.01.08 20:20:00,4453,4455.14,4451.3,4454.51
2026.01.08 20:25:00,4454.48,4456.65,4449.35,4452.07
2026.01.08 20:30:00,4451.93,4453.84,4451.28,4451.95
2026.01.08 20:35:00,4451.81,4451.88,4447.83,4449.27
2026.01.08 20:40:00,4449.33,4452.19,4448.84,4452.16
2026.01.08 20:45:00,4452.09,4455.05,4451.91,4453.47
2026.01.08 20:50:00,4453.45,4453.95,4451.53,4451.7
2026.01.08 20:55:00,4451.81,4452.24,4449.27,4449.55
2026.01.08 21:00:00,4449.54,4451.25,4448.39,4449.49
2026.01.08 21:05:00,4449.47,4450.52,4446.78,4447.01
2026.01.08 21:10:00,4447.2,4449.29,4446.83,4447.22
2026.01.08 21:15:00,4447.27,4448.58,4444.14,4448.43
2026.01.08 21:20:00,4448.49,4449.52,4447.65,4449.06
2026.01.08 21:25:00,4449.05,4449.79,4446.78,4447.67
2026.01.08 21:30:00,4447.65,4450.84,4447.49,4450.63
2026.01.08 21:35:00,4450.61,4452.81,4450.08,4451.01
2026.01.08 21:40:00,4450.96,4451.81,4449.68,4451.51
2026.01.08 21:45:00,4451.54,4452.91,4450.84,4451.34
2026.01.08 21:50:00,4451.33,4451.99,4449.52,4451.74
2026.01.08 21:55:00,4451.73,4452.54,4449.55,4452.08
2026.01.08 22:00:00,4451.95,4457.78,4451.27,4457.37
2026.01.08 22:05:00,4457.35,4458.37,4455.52,4456.93
2026.01.08 22:10:00,4456.94,4459.06,4456.82,4458.13
2026.01.08 22:15:00,4458.16,4460.1,4457.21,4459.36
2026.01.08 22:20:00,4459.43,4465.37,4458.49,4464.8
2026.01.08 22:25:00,4464.81,4473.72,4464.68,4470.06
2026.01.08 22:30:00,4470.12,4477.57,4470.12,4475.98
2026.01.08 22:35:00,4476.13,4478.11,4472.98,4473.64
2026.01.08 22:40:00,4473.71,4475.48,4471.99,4473.52
2026.01.08 22:45:00,4473.74,4477.16,4471.93,4477.03
2026.01.08 22:50:00,4477.06,4477.84,4474.23,4474.3
2026.01.08 22:55:00,4474.31,4477.65,4473.6,4475.97
2026.01.08 23:00:00,4475.99,4479.35,4475.83,4478.42
2026.01.08 23:05:00,4478.56,4479.33,4477.11,4479.26
2026.01.08 23:10:00,4479.37,4479.6,4477.2,4477.86
2026.01.08 23:15:00,4477.88,4478.58,4473.52,4474.05
2026.01.08 23:20:00,4474.06,4475.62,4472.55,4474.83
2026.01.08 23:25:00,4474.85,4475.36,4472.99,4475.09
2026.01.08 23:30:00,4475.06,4475.83,4472.78,4473.7
2026.01.08 23:35:00,4473.58,4474.76,4472.78,4473.22
2026.01.08 23:40:00,4473.3,4475.23,4472.52,4474.22
2026.01.08 23:45:00,4474.21,4476.86,4473.45,4476.44
2026.01.08 23:50:00,4476.42,4478.65,4475.5,4477.48
2026.01.08 23:55:00,4477.58,4478.28,4475.98,4477.73
2026.01.09 01:00:00,4479.88,4484.31,4476.57,4477.26
2026.01.09 01:05:00,4477.24,4480.07,4475.45,4478.19
2026.01.09 01:10:00,4478.22,4479.03,4475.19,4476.98
2026.01.09 01:15:00,4476.89,4477.74,4475.11,4475.29
2026.01.09 01:20:00,4475.51,4476.61,4474.97,4475.67
2026.01.09 01:25:00,4475.69,4478.74,4475.47,4477.09
2026.01.09 01:30:00,4477.15,4477.41,4475.33,4476.22
2026.01.09 01:35:00,4476.23,4476.74,4475.2,4476.38
2026.01.09 01:40:00,4476.43,4476.83,4475.21,4475.6
2026.01.09 01:45:00,4475.61,4475.77,4472.18,4473.63
2026.01.09 01:50:00,4473.78,4476.33,4473.68,4474.45
2026.01.09 01:55:00,4474.47,4476.13,4474.27,4475.65
2026.01.09 02:00:00,4475.64,4476.74,4473.78,4474.63
2026.01.09 02:05:00,4474.65,4476.07,4473.88,4475.89
2026.01.09 02:10:00,4475.93,4476.45,4471.32,4471.58
2026.01.09 02:15:00,4471.57,4472.93,4470.46,4471.72
2026.01.09 02:20:00,4471.71,4471.79,4467.91,4468.32
2026.01.09 02:25:00,4468.3,4468.3,4463.42,4465.73
2026.01.09 02:30:00,4465.79,4468.58,4463.66,4468.07
2026.01.09 02:35:00,4468.12,4468.12,4465.98,4467.35
2026.01.09 02:40:00,4467.47,4468.2,4466.51,4467.64
2026.01.09 02:45:00,4467.66,4467.74,4464.08,4464.5
2026.01.09 02:50:00,4464.51,4464.56,4459.77,4461.99
2026.01.09 02:55:00,4462.18,4463.12,4459.78,4462.93
2026.01.09 03:00:00,4463.2,4465.47,4458.38,4459.83
2026.01.09 03:05:00,4459.68,4459.85,4452.55,4458.11
2026.01.09 03:10:00,4458.18,4460.03,4455.27,4459.16
2026.01.09 03:15:00,4459.1,4461.55,4453.16,4453.44
2026.01.09 03:20:00,4453.43,4458.1,4452.97,4456.22
2026.01.09 03:25:00,4456.17,4459.69,4455.57,4457.23
2026.01.09 03:30:00,4457.08,4459.77,4456.14,4459.71
2026.01.09 03:35:00,4459.74,4460.13,4456.21,4458.31
2026.01.09 03:40:00,4458.14,4463.37,4457.08,4462.55
2026.01.09 03:45:00,4462.56,4466.22,4462.44,4464.65
2026.01.09 03:50:00,4464.7,4468.77,4462.47,4467.12
2026.01.09 03:55:00,4467.03,4469.95,4467.03,4468.91
2026.01.09 04:00:00,4468.84,4475.98,4468.71,4475.53
2026.01.09 04:05:00,4475.71,4476.52,4472.45,4474.1
2026.01.09 04:10:00,4474.11,4474.85,4471.17,4471.65
2026.01.09 04:15:00,4471.66,4473.22,4469.99,4470.57
2026.01.09 04:20:00,4470.55,4474.37,4469.98,4472.87
2026.01.09 04:25:00,4472.86,4473.55,4470.79,4472.3
2026.01.09 04:30:00,4472.29,4475.65,4468.26,4471.54
2026.01.09 04:35:00,4471.51,4472.68,4468.22,4468.69
2026.01.09 04:40:00,4468.68,4473.91,4468.37,4473.31
2026.01.09 04:45:00,4473.23,4473.68,4469.69,4471.01
2026.01.09 04:50:00,4470.94,4471.19,4465.51,4466.79
2026.01.09 04:55:00,4466.8,4470.48,4466.44,4469.28
2026.01.09 05:00:00,4469.22,4469.92,4466.22,4466.32
2026.01.09 05:05:00,4466.3,4467.22,4464.16,4465.21
2026.01.09 05:10:00,4465.32,4465.47,4462.19,4464.21
2026.01.09 05:15:00,4464.23,4465.2,4461.83,4464.58
2026.01.09 05:20:00,4464.6,4466.47,4460.88,4463.15
2026.01.09 05:25:00,4463.14,4464.18,4461.32,4463.38
2026.01.09 05:30:00,4463.35,4463.44,4460.36,4462.95
2026.01.09 05:35:00,4463.02,4465.1,4462.58,4465
2026.01.09 05:40:00,4465.02,4465.39,4462.99,4463.68
2026.01.09 05:45:00,4463.69,4465.77,4463.69,4465.39
2026.01.09 05:50:00,4465.3,4465.45,4463.99,4465.08
2026.01.09 05:55:00,4465.11,4465.67,4463.6,4464.19
2026.01.09 06:00:00,4464.24,4465.68,4462.56,4463.47
2026.01.09 06:05:00,4463.45,4465.45,4463.37,4465.22
2026.01.09 06:10:00,4465.19,4465.43,4462.38,4462.52
2026.01.09 06:15:00,4462.42,4463.63,4460.68,4460.88
2026.01.09 06:20:00,4460.89,4464.06,4460.86,4463.76
2026.01.09 06:25:00,4463.81,4463.84,4462.58,4462.67
2026.01.09 06:30:00,4462.62,4464.36,4461.91,4463.41
2026.01.09 06:35:00,4463.4,4464.92,4461.47,4461.81
2026.01.09 06:40:00,4461.75,4464.81,4461.72,4463.2
2026.01.09 06:45:00,4463.26,4463.39,4462.16,4463
2026.01.09 06:50:00,4462.73,4464.56,4461.66,4464.26
2026.01.09 06:55:00,4464.3,4466.87,4464.08,4464.72
2026.01.09 07:00:00,4464.63,4466.83,4463.7,4465.01
2026.01.09 07:05:00,4465.04,4465.62,4463.01,4463.17
2026.01.09 07:10:00,4463.18,4463.68,4461.67,4463.05
2026.01.09 07:15:00,4463.01,4463.71,4459.54,4463.66
2026.01.09 07:20:00,4463.71,4463.86,4457.84,4458.79
2026.01.09 07:25:00,4458.74,4464.94,4458.67,4464.62
2026.01.09 07:30:00,4464.63,4470.95,4464.16,4470.88
2026.01.09 07:35:00,4470.89,4471.61,4468.27,4470.26
2026.01.09 07:40:00,4470.51,4470.88,4466.1,4467.35
2026.01.09 07:45:00,4467.57,4469.08,4465.52,4466.15
2026.01.09 07:50:00,4466.12,4468.78,4465.85,4468.46
2026.01.09 07:55:00,4468.19,4469.54,4466.3,4468.12
2026.01.09 08:00:00,4468.39,4471.07,4467.51,4470.03
2026.01.09 08:05:00,4469.94,4470.9,4465.91,4467.71
2026.01.09 08:10:00,4467.52,4468.6,4465.96,4467.21
2026.01.09 08:15:00,4467.19,4470.05,4465.95,4467.95
2026.01.09 08:20:00,4468.11,4469.21,4466.16,4468.01
2026.01.09 08:25:00,4468.02,4473.61,4467.93,4473.52
2026.01.09 08:30:00,4473.49,4475.33,4472.86,4474.63
2026.01.09 08:35:00,4474.58,4475.65,4473.16,4474.91
2026.01.09 08:40:00,4474.78,4475.56,4473.95,4474.99
2026.01.09 08:45:00,4474.98,4477.3,4474.47,4475.35
2026.01.09 08:50:00,4475.37,4476.18,4473.35,4474.26
2026.01.09 08:55:00,4474.17,4475.28,4472.57,4474.16
2026.01.09 09:00:00,4474.19,4475.55,4471.18,4474.5
2026.01.09 09:05:00,4474.52,4475.44,4473.5,4474.68
2026.01.09 09:10:00,4474.73,4474.74,4470.68,4471.23
2026.01.09 09:15:00,4471.2,4473.1,4470.54,4472.54
2026.01.09 09:20:00,4472.51,4473.04,4469.62,4470.52
2026.01.09 09:25:00,4470.51,4471.34,4468.66,4470.27
2026.01.09 09:30:00,4470.28,4471.56,4468.95,4469.75
2026.01.09 09:35:00,4469.83,4472.43,4468.36,4471.88
2026.01.09 09:40:00,4471.91,4473.08,4470.95,4471.59
2026.01.09 09:45:00,4471.61,4473.02,4470.8,4471.94
2026.01.09 09:50:00,4471.93,4473.53,4469.56,4472.16
2026.01.09 09:55:00,4472.12,4472.47,4469.26,4470.19
2026.01.09 10:00:00,4470.17,4471.79,4466.37,4469.17
2026.01.09 10:05:00,4469.2,4476.44,4468.99,4473.89
2026.01.09 10:10:00,4473.83,4476.9,4473.52,4474.37
2026.01.09 10:15:00,4474.43,4474.77,4472.21,4473.81
2026.01.09 10:20:00,4473.77,4475.35,4473.26,4473.82
2026.01.09 10:25:00,4473.76,4475.23,4472.82,4473.22
2026.01.09 10:30:00,4473.2,4473.92,4470.22,4470.28
2026.01.09 10:35:00,4470.31,4470.45,4466.45,4466.6
2026.01.09 10:40:00,4466.53,4468.3,4465.17,4466.78
2026.01.09 10:45:00,4466.74,4468.07,4465.19,4466.87
2026.01.09 10:50:00,4466.92,4467.39,4463.87,4467.15
2026.01.09 10:55:00,4467.33,4468.62,4466.92,4468.38
2026.01.09 11:00:00,4468.32,4470.86,4468.21,4470.54
2026.01.09 11:05:00,4470.52,4473.03,4470.12,4471.41
2026.01.09 11:10:00,4471.58,4474.95,4471.45,4474.64
2026.01.09 11:15:00,4474.65,4476.59,4472.91,4475.94
2026.01.09 11:20:00,4475.9,4477.69,4474.58,4474.63
2026.01.09 11:25:00,4474.58,4475.74,4473.26,4473.86
2026.01.09 11:30:00,4473.83,4475.23,4472.64,4472.97
2026.01.09 11:35:00,4473.04,4473.2,4471.44,4472.91
2026.01.09 11:40:00,4472.95,4473.98,4471.45,4471.61
2026.01.09 11:45:00,4471.81,4474.29,4471.63,4473.27
2026.01.09 11:50:00,4473.15,4473.32,4470.69,4471.07
2026.01.09 11:55:00,4471.06,4472.79,4470.88,4471.12
2026.01.09 12:00:00,4471.1,4472.24,4470.24,4470.58
2026.01.09 12:05:00,4470.45,4474.09,4469.62,4473.8
2026.01.09 12:10:00,4473.85,4474.21,4471.85,4471.94
2026.01.09 12:15:00,4471.92,4473.83,4471.43,4473.59
2026.01.09 12:20:00,4473.43,4473.8,4471.12,4471.58
2026.01.09 12:25:00,4471.53,4471.81,4468.84,4469.03
2026.01.09 12:30:00,4469.07,4472.44,4468.05,4470.66
2026.01.09 12:35:00,4470.65,4471.28,4469.07,4470.49
2026.01.09 12:40:00,4470.51,4471.16,4469.17,4469.17
2026.01.09 12:45:00,4469.04,4469.14,4467.18,4468.65
2026.01.09 12:50:00,4468.67,4471.67,4467.98,4471.65
2026.01.09 12:55:00,4471.66,4472.87,4470.4,4472.57
2026.01.09 13:00:00,4472.65,4474.73,4472.65,4473.69
2026.01.09 13:05:00,4473.63,4474.22,4469.87,4470.31
2026.01.09 13:10:00,4470.28,4472.14,4469.94,4472.02
2026.01.09 13:15:00,4472.01,4472.93,4471.42,4472.2
2026.01.09 13:20:00,4472.21,4473.05,4471.44,4472.31
2026.01.09 13:25:00,4472.3,4472.51,4470.52,4470.56
2026.01.09 13:30:00,4470.57,4471.33,4469.16,4470.76
2026.01.09 13:35:00,4470.72,4471.87,4469.51,4471.85
2026.01.09 13:40:00,4471.9,4471.94,4469.26,4470.65
2026.01.09 13:45:00,4470.54,4472.46,4468.64,4472.29
2026.01.09 13:50:00,4472.32,4473.54,4471.44,4473.54
2026.01.09 13:55:00,4473.42,4476.19,4473.03,4475.4
2026.01.09 14:00:00,4475.34,4478.83,4475.32,4477.13
2026.01.09 14:05:00,4477.14,4480.63,4476.98,4477.62
2026.01.09 14:10:00,4477.53,4477.61,4472.09,4474.24
2026.01.09 14:15:00,4474.23,4474.87,4473.25,4473.69
2026.01.09 14:20:00,4473.66,4473.66,4469.87,4470.71
2026.01.09 14:25:00,4470.68,4471.27,4466.92,4467.67
2026.01.09 14:30:00,4467.73,4468.75,4460.83,4464.6
2026.01.09 14:35:00,4464.57,4466.44,4463.04,4465.73
2026.01.09 14:40:00,4465.75,4466.91,4464.15,4465.86
2026.01.09 14:45:00,4465.87,4468.26,4464.86,4467.54
2026.01.09 14:50:00,4467.52,4467.59,4463.52,4464.12
2026.01.09 14:55:00,4464.13,4467.91,4463.71,4465.94
2026.01.09 15:00:00,4466.07,4470.33,4463.7,4469.47
2026.01.09 15:05:00,4469.42,4473.72,4469.18,4469.98
2026.01.09 15:10:00,4469.95,4471.48,4466.51,4467.4
2026.01.09 15:15:00,4467.43,4468.86,4463.1,4463.73
2026.01.09 15:20:00,4463.67,4473.59,4462.08,4471.91
2026.01.09 15:25:00,4472.06,4474.61,4470.21,4472.31
2026.01.09 15:30:00,4472.1,4488.35,4458.05,4486.96
2026.01.09 15:35:00,4486.98,4489.4,4478.73,4488.37
2026.01.09 15:40:00,4488.64,4491.85,4483.28,4487.06
2026.01.09 15:45:00,4487.14,4489.06,4481.91,4483.53
2026.01.09 15:50:00,4483.73,4484.95,4478.79,4482.93
2026.01.09 15:55:00,4482.95,4485.45,4480.02,4482.61
2026.01.09 16:00:00,4482.55,4488.38,4480.9,4485.43
2026.01.09 16:05:00,4485.4,4487.08,4480.63,4486.9
2026.01.09 16:10:00,4486.94,4496.4,4486.18,4489.31
2026.01.09 16:15:00,4489.26,4492.68,4483.63,4487.03
2026.01.09 16:20:00,4487.02,4495.91,4486.67,4493.82
2026.01.09 16:25:00,4493.81,4495.5,4491.45,4494.27
2026.01.09 16:30:00,4494.37,4494.61,4482.63,4489.44
2026.01.09 16:35:00,4489.44,4498.11,4489.11,4495.9
2026.01.09 16:40:00,4495.93,4498.2,4486.18,4487.74
2026.01.09 16:45:00,4487.47,4489.14,4482.09,4485.01
2026.01.09 16:50:00,4485.05,4490.99,4479.26,4490.54
2026.01.09 16:55:00,4490.52,4495.08,4490.5,4493.93
2026.01.09 17:00:00,4494.07,4499.63,4492.07,4493.86
2026.01.09 17:05:00,4493.98,4500.62,4489.73,4500.01
2026.01.09 17:10:00,4500.05,4500.15,4493.65,4496.6
2026.01.09 17:15:00,4496.69,4499.46,4493.37,4499.07
2026.01.09 17:20:00,4499.06,4510.99,4495.58,4508.67
2026.01.09 17:25:00,4508.62,4510.57,4504.33,4505.24
2026.01.09 17:30:00,4505.29,4511.5,4505.08,4506.37
2026.01.09 17:35:00,4506.39,4515.86,4506.19,4515.73
2026.01.09 17:40:00,4515.81,4517.19,4512.99,4514.32
2026.01.09 17:45:00,4514.3,4514.83,4508.54,4510.98
2026.01.09 17:50:00,4510.97,4515.06,4508.64,4511.34
2026.01.09 17:55:00,4511.35,4514.1,4509.91,4512.31
2026.01.09 18:00:00,4512.15,4514.39,4510.98,4511.73
2026.01.09 18:05:00,4511.77,4512.56,4504.86,4507.49
2026.01.09 18:10:00,4507.55,4508.12,4499.76,4503.11
2026.01.09 18:15:00,4503.12,4506.66,4501.7,4506.58
2026.01.09 18:20:00,4506.61,4507.17,4500.53,4502.21
2026.01.09 18:25:00,4502.17,4505.69,4500.11,4503.55
2026.01.09 18:30:00,4503.54,4505.17,4500.78,4503.5
2026.01.09 18:35:00,4503.51,4507.2,4501.65,4504.99
2026.01.09 18:40:00,4505.09,4505.22,4501.18,4504.73
2026.01.09 18:45:00,4504.68,4506.53,4501.76,4505.26
2026.01.09 18:50:00,4505.24,4507.99,4504.97,4507.23
2026.01.09 18:55:00,4507.3,4507.93,4505.91,4506.38
2026.01.09 19:00:00,4506.4,4511.63,4504.4,4507.07
2026.01.09 19:05:00,4507.34,4510.3,4505.63,4508.6
2026.01.09 19:10:00,4508.71,4510.49,4507.59,4508.82
2026.01.09 19:15:00,4508.83,4508.83,4504.23,4506.65
2026.01.09 19:20:00,4506.7,4506.76,4501.85,4505.26
2026.01.09 19:25:00,4505.12,4505.62,4502.12,4503.85
2026.01.09 19:30:00,4503.88,4510.15,4503.28,4508.1
2026.01.09 19:35:00,4508.09,4508.22,4505.04,4506.05
2026.01.09 19:40:00,4506.1,4506.1,4501.28,4502.04
2026.01.09 19:45:00,4502.05,4503.2,4496.99,4497.68
2026.01.09 19:50:00,4497.75,4498.84,4485.63,4487.37
2026.01.09 19:55:00,4487.32,4488.56,4482.01,4484.4
2026.01.09 20:00:00,4484.3,4488.28,4482.87,4486.01
2026.01.09 20:05:00,4486.05,4493.02,4485.63,4488.68
2026.01.09 20:10:00,4488.93,4493.19,4487.96,4492.82
2026.01.09 20:15:00,4492.8,4494.35,4490.78,4491.99
2026.01.09 20:20:00,4491.92,4494.63,4489.61,4492.16
2026.01.09 20:25:00,4491.98,4493.79,4489.73,4491.39
2026.01.09 20:30:00,4491.29,4501.46,4491.17,4501.15
2026.01.09 20:35:00,4501.05,4504.23,4500.87,4503.68
2026.01.09 20:40:00,4503.66,4504.61,4501.2,4502.28
2026.01.09 20:45:00,4502.35,4502.79,4496.53,4498.55
2026.01.09 20:50:00,4498.66,4498.66,4495.22,4496.74
2026.01.09 20:55:00,4496.73,4498.45,4495.22,4496.03
2026.01.09 21:00:00,4496.05,4498.15,4494.02,4494.38
2026.01.09 21:05:00,4494.39,4495.46,4492.69,4494.75
2026.01.09 21:10:00,4494.69,4497.71,4493.9,4496.96
2026.01.09 21:15:00,4496.97,4499.65,4496.41,4497.86
2026.01.09 21:20:00,4497.72,4501.65,4497.28,4501.55
2026.01.09 21:25:00,4501.54,4501.6,4498.07,4498.88
2026.01.09 21:30:00,4498.83,4499.22,4495.81,4498.09
2026.01.09 21:35:00,4498.04,4500.15,4497.43,4499.59
2026.01.09 21:40:00,4499.61,4500.13,4496.25,4496.55
2026.01.09 21:45:00,4496.5,4501.14,4496.5,4500.74
2026.01.09 21:50:00,4500.68,4501.87,4499.6,4500.66
2026.01.09 21:55:00,4500.61,4501.2,4499.02,4499.22
2026.01.09 22:00:00,4499.01,4501.94,4497.74,4501.37
2026.01.09 22:05:00,4501.39,4501.83,4499.51,4500.45
2026.01.09 22:10:00,4500.44,4507.12,4500.22,4506.8
2026.01.09 22:15:00,4506.91,4509.44,4506.72,4508.22
2026.01.09 22:20:00,4508.24,4508.74,4503.18,4507.75
2026.01.09 22:25:00,4507.66,4507.8,4503.51,4505.4
2026.01.09 22:30:00,4505.36,4505.86,4503.22,4505.24
2026.01.09 22:35:00,4505.22,4506,4503.26,4504.36
2026.01.09 22:40:00,4504.31,4504.85,4502.44,4504.03
2026.01.09 22:45:00,4504.05,4505.77,4503.66,4504.68
2026.01.09 22:50:00,4504.65,4506.88,4504.22,4506.37
2026.01.09 22:55:00,4506.13,4510.17,4506.13,4507.57
2026.01.09 23:00:00,4507.53,4508.63,4505.96,4506.69
2026.01.09 23:05:00,4506.67,4507.46,4504.93,4505.58
2026.01.09 23:10:00,4505.58,4508.56,4505.3,4508.18
2026.01.09 23:15:00,4508.36,4510.11,4507.45,4509.97
2026.01.09 23:20:00,4510.1,4510.51,4509.33,4509.93
2026.01.09 23:25:00,4509.94,4510.17,4509.26,4509.71
2026.01.09 23:30:00,4509.73,4509.73,4507.73,4507.95
2026.01.09 23:35:00,4507.91,4507.97,4506.47,4507.58
2026.01.09 23:40:00,4507.45,4511.09,4506.09,4510.18
2026.01.09 23:45:00,4510.12,4510.55,4508.21,4510.3
2026.01.09 23:50:00,4510.28,4510.49,4508.18,4509.9
2026.01.09 23:55:00,4509.88,4510.17,4508.35,4509.35
2026.01.12 01:00:00,4511.14,4522.56,4511.14,4521.21
2026.01.12 01:05:00,4521.11,4529.72,4520.81,4529.27
2026.01.12 01:10:00,4529.22,4531.03,4522.82,4530.26
2026.01.12 01:15:00,4530.23,4533.66,4529.56,4533.15
2026.01.12 01:20:00,4533.02,4535.76,4531.27,4535.04
2026.01.12 01:25:00,4535.06,4538.12,4533.97,4537.76
2026.01.12 01:30:00,4537.82,4539.22,4534.2,4535.7
2026.01.12 01:35:00,4535.71,4537.4,4533.04,4535.17
2026.01.12 01:40:00,4535.18,4545.09,4535.1,4542.31
2026.01.12 01:45:00,4542.26,4543.94,4540.27,4540.57
2026.01.12 01:50:00,4540.86,4543.39,4538.53,4541.44
2026.01.12 01:55:00,4541.46,4541.87,4538.26,4539.97
2026.01.12 02:00:00,4539.99,4545.27,4536.15,4544.99
2026.01.12 02:05:00,4544.98,4550.72,4544,4549.94
2026.01.12 02:10:00,4550.1,4554.45,4548.25,4553.64
2026.01.12 02:15:00,4553.62,4563.68,4551.28,4563.68
2026.01.12 02:20:00,4563.69,4565.14,4556.86,4558.89
2026.01.12 02:25:00,4558.99,4566.04,4558.82,4564.66
2026.01.12 02:30:00,4564.58,4578.02,4562.28,4574.32
2026.01.12 02:35:00,4574.34,4587.06,4572.47,4586.42
2026.01.12 02:40:00,4586.46,4594.08,4583.05,4591.24
2026.01.12 02:45:00,4591.18,4597.39,4588.17,4595.49
2026.01.12 02:50:00,4595.59,4599.38,4591.61,4599.36
2026.01.12 02:55:00,4599.23,4601.16,4588.38,4588.89
2026.01.12 03:00:00,4588.88,4594.96,4583.49,4587.68
2026.01.12 03:05:00,4588.02,4592.16,4580.54,4586.36
2026.01.12 03:10:00,4586.3,4591.09,4577.81,4581.69
2026.01.12 03:15:00,4581.77,4584.19,4574.04,4575.12
2026.01.12 03:20:00,4575.12,4582.63,4574.29,4580.55
2026.01.12 03:25:00,4580.59,4583.23,4575.9,4582.79
2026.01.12 03:30:00,4582.88,4584.25,4577.4,4577.87
2026.01.12 03:35:00,4577.86,4580.62,4573.36,4578.96
2026.01.12 03:40:00,4579.04,4582.96,4571.32,4573.55
2026.01.12 03:45:00,4573.41,4577.67,4573.16,4574.8
2026.01.12 03:50:00,4574.77,4579.16,4573.51,4575.59
2026.01.12 03:55:00,4575.6,4576.59,4569.85,4570.11
2026.01.12 04:00:00,4569.96,4575.03,4565.12,4566.24
2026.01.12 04:05:00,4566.02,4569.87,4561.49,4567.94
2026.01.12 04:10:00,4568.08,4568.11,4565.03,4567.03
2026.01.12 04:15:00,4567.08,4569.79,4564.12,4568.46
2026.01.12 04:20:00,4568.47,4570.19,4566.05,4567.36
2026.01.12 04:25:00,4567.35,4569.44,4565.84,4566.12
2026.01.12 04:30:00,4566.13,4570.79,4562.51,4570.21
2026.01.12 04:35:00,4570.19,4574.14,4566.63,4573.57
2026.01.12 04:40:00,4573.58,4579.18,4573.22,4579.01
2026.01.12 04:45:00,4578.92,4582.38,4576.25,4577.73
2026.01.12 04:50:00,4577.71,4578.01,4573.64,4577.41
2026.01.12 04:55:00,4577.39,4578.5,4574.55,4577.39
2026.01.12 05:00:00,4577.3,4579.55,4574.97,4576.53
2026.01.12 05:05:00,4576.64,4580.41,4576.2,4577.17
2026.01.12 05:10:00,4577.16,4579.02,4576.15,4578.54
2026.01.12 05:15:00,4578.57,4580.49,4577.23,4577.91
2026.01.12 05:20:00,4577.9,4579,4576.15,4578.42
2026.01.12 05:25:00,4578.51,4581.22,4577.52,4581.03
2026.01.12 05:30:00,4580.97,4581.35,4575.79,4576.26
2026.01.12 05:35:00,4576.2,4577.64,4575.48,4576.76
2026.01.12 05:40:00,4576.69,4577.04,4572.46,4572.82
2026.01.12 05:45:00,4572.85,4574.42,4568.4,4570.79
2026.01.12 05:50:00,4570.69,4573.74,4567.56,4573.13
2026.01.12 05:55:00,4573.14,4573.78,4569.1,4570.45
2026.01.12 06:00:00,4570.43,4571.27,4565.74,4567.2
2026.01.12 06:05:00,4566.95,4568.8,4565.48,4568.26
2026.01.12 06:10:00,4568.25,4568.93,4566.89,4568.6
2026.01.12 06:15:00,4568.61,4571.67,4568.35,4571.1
2026.01.12 06:20:00,4571.21,4572.02,4569.47,4569.53
2026.01.12 06:25:00,4569.42,4569.89,4567.2,4568.46
2026.01.12 06:30:00,4568.56,4569.82,4563.71,4563.85
2026.01.12 06:35:00,4563.82,4568.21,4563.47,4565.93
2026.01.12 06:40:00,4565.9,4568.11,4565.69,4567.74
2026.01.12 06:45:00,4567.78,4570.18,4566.63,4569.31
2026.01.12 06:50:00,4569.38,4569.59,4566.21,4566.7
2026.01.12 06:55:00,4566.69,4568.99,4565.98,4568.3
2026.01.12 07:00:00,4568.43,4569.3,4565.83,4567.77
2026.01.12 07:05:00,4567.76,4570.38,4567.1,4570.15
2026.01.12 07:10:00,4570.21,4572.13,4567.9,4570.01
2026.01.12 07:15:00,4569.99,4573.23,4569.45,4572.29
2026.01.12 07:20:00,4572.3,4573.14,4570.83,4572.43
2026.01.12 07:25:00,4572.32,4573.91,4571.26,4572.41
2026.01.12 07:30:00,4572.32,4578.55,4569.59,4577.08
2026.01.12 07:35:00,4577.07,4578.29,4574.96,4577.93
2026.01.12 07:40:00,4577.85,4583.12,4576.24,4581.53
2026.01.12 07:45:00,4581.74,4585.16,4580.85,4584.16
2026.01.12 07:50:00,4584.14,4584.79,4580.05,4580.09
2026.01.12 07:55:00,4580.13,4581.76,4578.76,4580.9
2026.01.12 08:00:00,4580.86,4580.86,4576.82,4577.01
2026.01.12 08:05:00,4576.82,4577.03,4573.93,4575.61
2026.01.12 08:10:00,4575.62,4576.8,4571.48,4572.75
2026.01.12 08:15:00,4572.78,4573.01,4569.51,4572.63
2026.01.12 08:20:00,4572.64,4575.36,4572.14,4574.47
2026.01.12 08:25:00,4574.54,4575.99,4573.11,4573.68
2026.01.12 08:30:00,4573.66,4575.78,4573.55,4574.98
2026.01.12 08:35:00,4574.92,4576.22,4572.45,4573.12
2026.01.12 08:40:00,4573.1,4576.39,4571.75,4574.39
2026.01.12 08:45:00,4574.35,4576.16,4573.79,4574.6
2026.01.12 08:50:00,4574.61,4580.23,4574.23,4578.84
2026.01.12 08:55:00,4578.85,4579.64,4577.4,4578.37
2026.01.12 09:00:00,4578.38,4579.48,4574.63,4576.35
2026.01.12 09:05:00,4576.34,4582.73,4575.34,4581.93
2026.01.12 09:10:00,4581.96,4584.03,4581.16,4583.33
2026.01.12 09:15:00,4583.57,4586.01,4582.83,4585.62
2026.01.12 09:20:00,4585.63,4587.65,4583.53,4583.76
2026.01.12 09:25:00,4583.78,4585.14,4578.56,4581.41
2026.01.12 09:30:00,4581.45,4582.58,4579.15,4580.37
2026.01.12 09:35:00,4580.41,4585.51,4578.39,4584.39
2026.01.12 09:40:00,4584.37,4584.37,4579.92,4583.7
2026.01.12 09:45:00,4583.71,4585.91,4582.93,4585
2026.01.12 09:50:00,4585.05,4587.17,4583.9,4585.93
2026.01.12 09:55:00,4586.09,4589.66,4585.4,4587.57
2026.01.12 10:00:00,4587.6,4589.48,4585.11,4586.92
2026.01.12 10:05:00,4587.01,4588.02,4583.49,4584.02
2026.01.12 10:10:00,4583.88,4585.91,4581.93,4583.34
2026.01.12 10:15:00,4583.35,4583.46,4579.35,4583.39
2026.01.12 10:20:00,4583.33,4584.1,4580.23,4582.54
2026.01.12 10:25:00,4582.61,4584.4,4581.28,4583.52
2026.01.12 10:30:00,4583.6,4584.5,4581.88,4583.52
2026.01.12 10:35:00,4583.5,4589.82,4583.17,4586.64
2026.01.12 10:40:00,4586.7,4588.4,4585.49,4585.54
2026.01.12 10:45:00,4585.52,4595.26,4584.56,4594.18
2026.01.12 10:50:00,4594.19,4598.41,4593.32,4596.24
2026.01.12 10:55:00,4596.28,4597.93,4594.28,4596.74
2026.01.12 11:00:00,4596.53,4597.43,4593.26,4594.38
2026.01.12 11:05:00,4594.33,4596.07,4593.29,4595.18
2026.01.12 11:10:00,4595.12,4597.72,4595.03,4597.06
2026.01.12 11:15:00,4597.07,4597.7,4596.04,4596.39
2026.01.12 11:20:00,4596.43,4599.05,4594.03,4598.32
2026.01.12 11:25:00,4598.38,4599.47,4595.54,4596.52
2026.01.12 11:30:00,4596.49,4596.98,4594.41,4595.9
2026.01.12 11:35:00,4595.92,4596.97,4593.42,4593.55
2026.01.12 11:40:00,4593.57,4596.98,4593.48,4595.37
2026.01.12 11:45:00,4595.38,4595.58,4591.24,4591.99
2026.01.12 11:50:00,4592.03,4592.22,4589.95,4590.11
2026.01.12 11:55:00,4590.08,4592.2,4587.69,4589.11
2026.01.12 12:00:00,4588.97,4593.36,4588.97,4590.37
2026.01.12 12:05:00,4590.47,4591.21,4586.22,4586.58
2026.01.12 12:10:00,4586.59,4592.14,4585.7,4592.13
2026.01.12 12:15:00,4592.15,4592.7,4589.11,4589.28
2026.01.12 12:20:00,4589.29,4591.78,4588.62,4591.49
2026.01.12 12:25:00,4591.46,4594.03,4591.01,4592.43
2026.01.12 12:30:00,4592.44,4594.66,4586.47,4587.68
2026.01.12 12:35:00,4587.69,4592.04,4587.36,4591.88
2026.01.12 12:40:00,4591.9,4593.83,4589.44,4589.68
2026.01.12 12:45:00,4589.69,4593.06,4589.48,4592.22
2026.01.12 12:50:00,4592.2,4594.46,4592.2,4593.58
2026.01.12 12:55:00,4593.6,4595.35,4592.74,4594.19
2026.01.12 13:00:00,4594.27,4595.03,4591.51,4592.69
2026.01.12 13:05:00,4592.7,4593.44,4591.64,4592.08
2026.01.12 13:10:00,4592.07,4593.07,4590.41,4590.89
2026.01.12 13:15:00,4590.77,4594,4589.47,4589.76
2026.01.12 13:20:00,4589.74,4590.04,4586.48,4588.18
2026.01.12 13:25:00,4588.1,4588.16,4583.86,4585.22
2026.01.12 13:30:00,4585.21,4587.7,4584.23,4587.2
2026.01.12 13:35:00,4587.07,4590.17,4586.65,4590.08
2026.01.12 13:40:00,4590.09,4592.01,4589.24,4591.98
2026.01.12 13:45:00,4592,4592.07,4586.21,4586.35
2026.01.12 13:50:00,4586.35,4587.06,4584.53,4585.52
2026.01.12 13:55:00,4585.46,4585.78,4581.73,4585.15
2026.01.12 14:00:00,4585.07,4586.92,4583.17,4584.4
2026.01.12 14:05:00,4584.41,4585.24,4578.48,4581.07
2026.01.12 14:10:00,4581.05,4585.26,4581.05,4582.09
2026.01.12 14:15:00,4582.08,4582.54,4578.97,4580.68
2026.01.12 14:20:00,4580.56,4582.59,4578.55,4582.21
2026.01.12 14:25:00,4582.15,4582.86,4580.45,4582.64
2026.01.12 14:30:00,4582.67,4585.48,4582.1,4584.96
2026.01.12 14:35:00,4585,4586.17,4583.82,4584.89
2026.01.12 14:40:00,4584.85,4586.9,4584.36,4586.19
2026.01.12 14:45:00,4586.2,4587.77,4585.11,4586.89
2026.01.12 14:50:00,4586.78,4589.67,4586.56,4588.43
2026.01.12 14:55:00,4588.44,4590.71,4587.47,4590.49
2026.01.12 15:00:00,4590.45,4596.16,4588.56,4595.99
2026.01.12 15:05:00,4595.94,4604.69,4595.76,4601.3
2026.01.12 15:10:00,4601.07,4609.25,4601.07,4606.46
2026.01.12 15:15:00,4606.47,4610.77,4606.39,4608.44
2026.01.12 15:20:00,4608.43,4611.22,4606.36,4609.79
2026.01.12 15:25:00,4609.86,4611.11,4604.26,4604.69
2026.01.12 15:30:00,4604.77,4609.31,4604.7,4608.96
2026.01.12 15:35:00,4608.93,4611.02,4606.99,4610.35
2026.01.12 15:40:00,4610.44,4613.3,4606.23,4609.03
2026.01.12 15:45:00,4609.02,4615.1,4607.69,4614.19
2026.01.12 15:50:00,4614.23,4619.88,4613.8,4619.33
2026.01.12 15:55:00,4619.35,4620.37,4615.55,4615.67
2026.01.12 16:00:00,4615.97,4617.33,4597.65,4600.21
2026.01.12 16:05:00,4600.14,4604.41,4597.64,4598.53
2026.01.12 16:10:00,4598.49,4598.6,4592.13,4596.35
2026.01.12 16:15:00,4596.17,4598.69,4590.31,4596.78
2026.01.12 16:20:00,4596.75,4599.48,4592.47,4596.81
2026.01.12 16:25:00,4596.92,4597.76,4584.55,4586.28
2026.01.12 16:30:00,4586.23,4601.08,4584.56,4598.02
2026.01.12 16:35:00,4598.04,4611.6,4592.05,4610.69
2026.01.12 16:40:00,4610.73,4611.18,4601.16,4604.09
2026.01.12 16:45:00,4604.18,4604.45,4597.18,4601.86
2026.01.12 16:50:00,4601.81,4608.32,4598.47,4604.65
2026.01.12 16:55:00,4604.58,4606.44,4600.1,4602.19
2026.01.12 17:00:00,4602.17,4613.38,4601.55,4607.12
2026.01.12 17:05:00,4607.19,4617.8,4605.76,4615.59
2026.01.12 17:10:00,4615.45,4619.44,4614.24,4617.5
2026.01.12 17:15:00,4617.66,4619.04,4612.69,4614.32
2026.01.12 17:20:00,4614.46,4618.61,4610.39,4617.85
2026.01.12 17:25:00,4617.84,4622.38,4616.81,4619.51
2026.01.12 17:30:00,4619.35,4624.93,4618.36,4623.15
2026.01.12 17:35:00,4623.12,4627.18,4622.71,4626.29
2026.01.12 17:40:00,4626.28,4627.43,4622.03,4623.47
2026.01.12 17:45:00,4623.36,4625.09,4618.55,4622.06
2026.01.12 17:50:00,4622.05,4622.81,4618.9,4621.08
2026.01.12 17:55:00,4621.18,4622.74,4617.81,4621.16
2026.01.12 18:00:00,4621.15,4624.11,4617.34,4623.56
2026.01.12 18:05:00,4623.63,4625.04,4622.59,4624.69
2026.01.12 18:10:00,4624.7,4629.92,4622.46,4629.08
2026.01.12 18:15:00,4629.05,4630.23,4626.47,4628.13
2026.01.12 18:20:00,4628.1,4629.72,4621.94,4624.37
2026.01.12 18:25:00,4624.43,4624.66,4619.64,4619.99
2026.01.12 18:30:00,4619.85,4623.03,4619.23,4621.59
2026.01.12 18:35:00,4621.52,4623.29,4613.1,4613.4
2026.01.12 18:40:00,4613.39,4614.02,4607.55,4612.36
2026.01.12 18:45:00,4612.3,4617.03,4611.77,4615.99
2026.01.12 18:50:00,4615.97,4618.74,4615.42,4616.55
2026.01.12 18:55:00,4616.56,4617.43,4614.49,4616.9
2026.01.12 19:00:00,4616.92,4618.51,4615.59,4615.83
2026.01.12 19:05:00,4616.07,4617.47,4613.48,4614.13
2026.01.12 19:10:00,4614.16,4616.9,4613.79,4615.45
2026.01.12 19:15:00,4615.43,4618.69,4615.06,4615.73
2026.01.12 19:20:00,4615.76,4617.52,4611.87,4616.32
2026.01.12 19:25:00,4616.3,4617.82,4615.16,4616.4
2026.01.12 19:30:00,4616.39,4617.16,4612.77,4613.56
2026.01.12 19:35:00,4613.54,4615.75,4610.56,4613.5
2026.01.12 19:40:00,4613.48,4614.93,4611.62,4613.31
2026.01.12 19:45:00,4613.41,4618.64,4613.2,4617.31
2026.01.12 19:50:00,4617.12,4620.62,4616.38,4617.11
2026.01.12 19:55:00,4617.09,4620.18,4616.11,4616.38
2026.01.12 20:00:00,4616.33,4618.57,4614.75,4615.29
2026.01.12 20:05:00,4615.17,4617.37,4613.07,4614.85
2026.01.12 20:10:00,4614.8,4615.79,4608.28,4608.33
2026.01.12 20:15:00,4608.3,4608.87,4601.77,4602.71
2026.01.12 20:20:00,4602.82,4607.99,4601.54,4604.76
2026.01.12 20:25:00,4604.81,4606.11,4600.32,4605.54
2026.01.12 20:30:00,4605.56,4611.11,4603.01,4610.04
2026.01.12 20:35:00,4610.03,4610.54,4607.15,4610.06
2026.01.12 20:40:00,4610.16,4610.84,4605.55,4606.08
2026.01.12 20:45:00,4606.18,4609.75,4605.79,4606.61
2026.01.12 20:50:00,4606.62,4607,4603.42,4606.84
2026.01.12 20:55:00,4606.81,4611.4,4606.72,4610.73
2026.01.12 21:00:00,4610.83,4611.26,4608.77,4609
2026.01.12 21:05:00,4608.98,4612.48,4608.56,4612.06
2026.01.12 21:10:00,4612.08,4614.49,4611.82,4613.74
2026.01.12 21:15:00,4613.77,4615.14,4613.22,4614.46
2026.01.12 21:20:00,4614.37,4615.03,4612.49,4614.78
2026.01.12 21:25:00,4614.77,4617.21,4613.62,4616.82
2026.01.12 21:30:00,4616.89,4618.93,4615.91,4616.12
2026.01.12 21:35:00,4616.14,4617.25,4615.14,4616.3
2026.01.12 21:40:00,4616.45,4617.02,4614.1,4616.29
2026.01.12 21:45:00,4616.24,4616.89,4612.86,4613.25
2026.01.12 21:50:00,4613.11,4614.29,4610.68,4612.76
2026.01.12 21:55:00,4612.75,4612.75,4609.18,4610.95
2026.01.12 22:00:00,4610.99,4611.64,4603.37,4604.28
2026.01.12 22:05:00,4604.27,4605.32,4599.81,4600.49
2026.01.12 22:10:00,4600.5,4603.93,4600.11,4602.69
2026.01.12 22:15:00,4602.71,4604.36,4599.65,4601.54
2026.01.12 22:20:00,4601.53,4602.92,4599.76,4602.63
2026.01.12 22:25:00,4602.61,4603.95,4601.61,4602.42
2026.01.12 22:30:00,4602.5,4604.78,4601.13,4602.7
2026.01.12 22:35:00,4602.65,4604.84,4600.97,4602.01
2026.01.12 22:40:00,4601.74,4602.91,4592.24,4592.5
2026.01.12 22:45:00,4592.77,4594.82,4591.64,4593.14
2026.01.12 22:50:00,4593.15,4598.7,4592.93,4598.06
2026.01.12 22:55:00,4598.07,4599.19,4591.46,4593.93
2026.01.12 23:00:00,4593.92,4595.45,4590.84,4592.45
2026.01.12 23:05:00,4592.38,4596.98,4592.05,4595.92
2026.01.12 23:10:00,4595.84,4596.12,4591.71,4592.72
2026.01.12 23:15:00,4592.63,4593.95,4590.68,4592.98
2026.01.12 23:20:00,4592.99,4594.31,4592.56,4593.46
2026.01.12 23:25:00,4593.41,4594.12,4592.94,4593.71
2026.01.12 23:30:00,4593.73,4595.16,4593.69,4594.26
2026.01.12 23:35:00,4594.24,4594.36,4592.37,4593.02
2026.01.12 23:40:00,4593.05,4593.05,4589.31,4590.01
2026.01.12 23:45:00,4590.14,4593.85,4589.25,4593.85
2026.01.12 23:50:00,4593.86,4594.23,4591.83,4592.39
2026.01.12 23:55:00,4592.52,4598.82,4592.36,4598.53
2026.01.13 01:00:00,4603.1,4607.68,4597.13,4597.13
2026.01.13 01:05:00,4596.87,4597.32,4591.89,4594.14
2026.01.13 01:10:00,4594.12,4594.12,4577.45,4578.82
2026.01.13 01:15:00,4578.8,4587.6,4578.33,4583.71
2026.01.13 01:20:00,4583.64,4588.17,4582.5,4587.95
2026.01.13 01:25:00,4587.97,4588.61,4584.2,4584.58
2026.01.13 01:30:00,4584.57,4590.18,4583.83,4589.93
2026.01.13 01:35:00,4589.92,4590.2,4585.68,4587.39
2026.01.13 01:40:00,4587.28,4589.86,4585.97,4586.15
2026.01.13 01:45:00,4586.18,4590.22,4586,4589.6
2026.01.13 01:50:00,4589.57,4594.64,4588.53,4590.9
2026.01.13 01:55:00,4590.88,4599.57,4590.69,4599.29
2026.01.13 02:00:00,4599.3,4599.46,4593.59,4594.7
2026.01.13 02:05:00,4594.69,4596.62,4592.54,4592.66
2026.01.13 02:10:00,4592.8,4594.73,4592.23,4592.95
2026.01.13 02:15:00,4592.91,4596,4592.02,4594.7
2026.01.13 02:20:00,4594.64,4595.39,4590.86,4592.6
2026.01.13 02:25:00,4592.58,4592.64,4588.16,4588.29
2026.01.13 02:30:00,4588.24,4591.08,4587.22,4587.86
2026.01.13 02:35:00,4587.87,4588.68,4584.27,4585.43
2026.01.13 02:40:00,4585.55,4586.61,4584.81,4586.19
2026.01.13 02:45:00,4586.18,4591.06,4586.18,4588.91
2026.01.13 02:50:00,4588.92,4590.86,4587.83,4589.96
2026.01.13 02:55:00,4589.93,4592.17,4586.9,4587.28
2026.01.13 03:00:00,4587.26,4589.21,4581.35,4583.37
2026.01.13 03:05:00,4583.46,4593.92,4582.71,4588.54
2026.01.13 03:10:00,4588.46,4595.75,4588.27,4592.37
2026.01.13 03:15:00,4592.33,4595.55,4584.77,4586.74
2026.01.13 03:20:00,4586.7,4589.31,4584.95,4587.15
2026.01.13 03:25:00,4587.19,4588.35,4581.53,4581.75
2026.01.13 03:30:00,4581.73,4582.48,4575.29,4577.28
2026.01.13 03:35:00,4577.29,4584.87,4576.35,4584.75
2026.01.13 03:40:00,4584.7,4587.73,4582,4583.17
2026.01.13 03:45:00,4583.15,4586.1,4580.86,4581.58
2026.01.13 03:50:00,4581.63,4583.51,4579.69,4580.22
2026.01.13 03:55:00,4580.19,4582.24,4577.54,4577.87
2026.01.13 04:00:00,4577.75,4586.26,4576.75,4584.83
2026.01.13 04:05:00,4584.84,4590.58,4584.68,4587.98
2026.01.13 04:10:00,4587.96,4589.02,4584.64,4586.41
2026.01.13 04:15:00,4586.4,4587.14,4583.99,4585.53
2026.01.13 04:20:00,4585.3,4586.97,4584.2,4586.74
2026.01.13 04:25:00,4586.72,4587.05,4583.45,4583.73
2026.01.13 04:30:00,4583.7,4589.18,4581.86,4586.52
2026.01.13 04:35:00,4586.47,4588.63,4585.47,4588.19
2026.01.13 04:40:00,4588.25,4590.29,4586.91,4589.22
2026.01.13 04:45:00,4589.07,4594.03,4588.81,4592.07
2026.01.13 04:50:00,4592.05,4595.05,4591.96,4593.42
2026.01.13 04:55:00,4593.39,4594.85,4592.3,4594.23
2026.01.13 05:00:00,4594.14,4596.47,4592.72,4595.37
2026.01.13 05:05:00,4595.39,4596.99,4594.73,4595.42
2026.01.13 05:10:00,4595.44,4599.8,4595.4,4597.95
2026.01.13 05:15:00,4597.96,4597.98,4596.1,4596.81
2026.01.13 05:20:00,4596.73,4598.65,4595.57,4596.18
2026.01.13 05:25:00,4596.01,4597.3,4594.58,4595.61
2026.01.13 05:30:00,4595.57,4596.12,4594.65,4595.12
2026.01.13 05:35:00,4595.13,4597.96,4595.04,4597.6
2026.01.13 05:40:00,4597.61,4597.66,4593.11,4593.87
2026.01.13 05:45:00,4593.9,4595.2,4592.73,4593.53
2026.01.13 05:50:00,4593.52,4594.05,4592.37,4593.62
2026.01.13 05:55:00,4593.61,4595.11,4592.93,4594.09
2026.01.13 06:00:00,4594.11,4596.29,4593.88,4594.93
2026.01.13 06:05:00,4594.88,4596.51,4594.69,4595.94
2026.01.13 06:10:00,4595.92,4597.94,4595.68,4597.57
2026.01.13 06:15:00,4597.48,4599.24,4596.91,4598.71
2026.01.13 06:20:00,4598.64,4599.66,4597.71,4597.72
2026.01.13 06:25:00,4597.71,4598.15,4596.35,4597.26
2026.01.13 06:30:00,4597.25,4597.75,4595.74,4595.89
2026.01.13 06:35:00,4595.87,4596.17,4594.5,4595.63
2026.01.13 06:40:00,4595.58,4599.61,4595.54,4598.86
2026.01.13 06:45:00,4598.81,4599.29,4597.37,4598.58
2026.01.13 06:50:00,4598.47,4598.47,4596.04,4597.32
2026.01.13 06:55:00,4597.33,4598.17,4596.14,4596.48
2026.01.13 07:00:00,4596.32,4598.64,4596.13,4597.12
2026.01.13 07:05:00,4597.06,4597.06,4591.65,4594.31
2026.01.13 07:10:00,4594.19,4595.27,4592.21,4594.34
2026.01.13 07:15:00,4594.35,4596.42,4594.2,4595.07
2026.01.13 07:20:00,4594.83,4598.03,4594.77,4598.03
2026.01.13 07:25:00,4598,4601.51,4597.84,4601.25
2026.01.13 07:30:00,4601.32,4602.42,4585.44,4590.53
2026.01.13 07:35:00,4590.55,4591.51,4586.12,4590.58
2026.01.13 07:40:00,4590.63,4594.71,4589.04,4594.28
2026.01.13 07:45:00,4594.26,4595.99,4592.28,4593.06
2026.01.13 07:50:00,4593.05,4595.32,4591.24,4593.38
2026.01.13 07:55:00,4593.36,4594.31,4592.03,4592.12
2026.01.13 08:00:00,4592.22,4592.22,4589.33,4591.36
2026.01.13 08:05:00,4591.33,4592.22,4588,4588.75
2026.01.13 08:10:00,4588.74,4591.29,4587.85,4590.27
2026.01.13 08:15:00,4590.43,4590.43,4587.29,4588.71
2026.01.13 08:20:00,4588.52,4590.81,4584.52,4586.77
2026.01.13 08:25:00,4586.52,4587.07,4582.37,4585.05
2026.01.13 08:30:00,4585.07,4586.33,4579.25,4583.71
2026.01.13 08:35:00,4583.54,4584.44,4577,4577.86
2026.01.13 08:40:00,4577.93,4578.01,4573.11,4575.87
2026.01.13 08:45:00,4575.87,4580.13,4575.3,4579.51
2026.01.13 08:50:00,4579.55,4583.34,4579.52,4580.3
2026.01.13 08:55:00,4580.31,4581.73,4578.78,4581.51
2026.01.13 09:00:00,4581.53,4583.28,4578.93,4581.45
2026.01.13 09:05:00,4581.46,4585.25,4581.4,4584.45
2026.01.13 09:10:00,4584.46,4585.22,4583.85,4584.68
2026.01.13 09:15:00,4584.7,4584.74,4580.72,4581.07
2026.01.13 09:20:00,4581.08,4582.15,4578.77,4581.07
2026.01.13 09:25:00,4581.06,4584.93,4580.88,4584.1
2026.01.13 09:30:00,4584.07,4587.44,4583.33,4585.5
2026.01.13 09:35:00,4585.68,4586.24,4583.33,4584.92
2026.01.13 09:40:00,4585.19,4585.34,4579.54,4580.29
2026.01.13 09:45:00,4580.3,4580.79,4577.92,4579.04
2026.01.13 09:50:00,4579.03,4580.47,4577.36,4577.53
2026.01.13 09:55:00,4577.52,4582.48,4577.32,4580.38
2026.01.13 10:00:00,4580.39,4585.47,4579.21,4585.04
2026.01.13 10:05:00,4585.06,4587.88,4585.01,4587.22
2026.01.13 10:10:00,4587.18,4591.78,4586.74,4587.75
2026.01.13 10:15:00,4587.73,4587.88,4585,4587.18
2026.01.13 10:20:00,4587.21,4589.7,4586.54,4589.29
2026.01.13 10:25:00,4589.24,4592.62,4588.64,4589.94
2026.01.13 10:30:00,4589.93,4593.78,4589.13,4593.57
2026.01.13 10:35:00,4593.55,4597.46,4593.51,4595.21
2026.01.13 10:40:00,4595.2,4596.19,4592.59,4593.55
2026.01.13 10:45:00,4593.54,4595.39,4592.41,4593.81
2026.01.13 10:50:00,4593.72,4594.53,4592.65,4593.13
2026.01.13 10:55:00,4593.01,4593.48,4591.69,4592.68
2026.01.13 11:00:00,4592.75,4594.35,4589.56,4591.02
2026.01.13 11:05:00,4591,4595.67,4590.48,4594.83
2026.01.13 11:10:00,4594.78,4595.18,4593.55,4593.98
2026.01.13 11:15:00,4593.97,4595.09,4591.52,4592.58
2026.01.13 11:20:00,4592.51,4592.99,4589.74,4589.93
2026.01.13 11:25:00,4589.96,4590.09,4587.9,4589.13
2026.01.13 11:30:00,4589.12,4590.02,4588.23,4589.24
2026.01.13 11:35:00,4589.24,4590.39,4588.05,4590.23
2026.01.13 11:40:00,4590.29,4592.03,4586.74,4590.67
2026.01.13 11:45:00,4590.6,4591.28,4587.56,4588.1
2026.01.13 11:50:00,4588.11,4588.69,4585.83,4585.9
2026.01.13 11:55:00,4585.93,4587.56,4585.49,4586.14
2026.01.13 12:00:00,4586.06,4587.07,4582.87,4582.97
2026.01.13 12:05:00,4582.96,4584.21,4582.36,4583.48
2026.01.13 12:10:00,4583.46,4584.16,4580.3,4583.42
2026.01.13 12:15:00,4583.4,4583.57,4580.8,4583.52
2026.01.13 12:20:00,4583.53,4586.25,4582.89,4583.81
2026.01.13 12:25:00,4583.85,4586.13,4583.7,4584.56
2026.01.13 12:30:00,4584.46,4584.46,4581.72,4583.23
2026.01.13 12:35:00,4583.23,4585.28,4581.83,4584.91
2026.01.13 12:40:00,4584.9,4588.27,4584.62,4587.08
2026.01.13 12:45:00,4587.1,4587.13,4585.76,4585.92
2026.01.13 12:50:00,4585.88,4587.22,4584.61,4585.91
2026.01.13 12:55:00,4585.9,4586.72,4585.24,4586.23
2026.01.13 13:00:00,4586.2,4588.78,4585.95,4586.01
2026.01.13 13:05:00,4585.99,4587.36,4585.71,4585.94
2026.01.13 13:10:00,4585.68,4586.95,4584.5,4584.5
2026.01.13 13:15:00,4584.44,4586.28,4581.93,4584.42
2026.01.13 13:20:00,4584.31,4586.68,4584.27,4585.16
2026.01.13 13:25:00,4585.15,4589.02,4585.06,4586.8
2026.01.13 13:30:00,4586.79,4587.11,4585.21,4586.41
2026.01.13 13:35:00,4586.5,4586.68,4584.73,4586.24
2026.01.13 13:40:00,4586.26,4589.86,4585.56,4589.81
2026.01.13 13:45:00,4589.72,4591.27,4587.25,4588.48
2026.01.13 13:50:00,4588.46,4592.15,4586.39,4586.61
2026.01.13 13:55:00,4586.79,4588.8,4586.18,4588.43
2026.01.13 14:00:00,4588.38,4589.06,4587.15,4587.69
2026.01.13 14:05:00,4587.7,4587.79,4584.79,4585.74
2026.01.13 14:10:00,4585.72,4586.18,4583.02,4583.45
2026.01.13 14:15:00,4583.47,4584.69,4583.08,4584.41
2026.01.22 18:50:00,4882.23,4883.43,4879.83,4880.33
2026.01.22 18:55:00,4880.36,4881.49,4874.42,4877.95
2026.01.22 19:00:00,4877.97,4882.69,4873.47,4882.55
2026.01.22 19:05:00,4882.51,4884.86,4869.33,4876.4
2026.01.22 19:10:00,4876.44,4883.68,4875.2,4880.59
2026.01.22 19:15:00,4880.63,4882.32,4876.22,4881.24
2026.01.22 19:20:00,4881.25,4892.1,4879.75,4887.75
2026.01.22 19:25:00,4887.7,4893.95,4886.15,4889.59
2026.01.22 19:30:00,4889.63,4896.57,4889.2,4895.62
2026.01.22 19:35:00,4895.61,4897.11,4891.64,4892.65
2026.01.22 19:40:00,4892.66,4899.22,4891.05,4898.78
2026.01.22 19:45:00,4898.79,4905.24,4896.02,4903.4
2026.01.22 19:50:00,4903.37,4905.83,4900.94,4904.51
2026.01.22 19:55:00,4904.5,4906.52,4902.89,4904.46
2026.01.22 20:00:00,4904.45,4911.39,4901.15,4908.51
2026.01.22 20:05:00,4908.31,4913.54,4905.92,4912.14
2026.01.22 20:10:00,4912.26,4915.66,4907.67,4908.4
2026.01.22 20:15:00,4908.43,4912.45,4907.93,4911.37
2026.01.22 20:20:00,4911.32,4913.52,4908.48,4908.72
2026.01.22 20:25:00,4908.68,4911.99,4906.79,4910.04
2026.01.22 20:30:00,4910.25,4913.56,4907.32,4912.68
2026.01.22 20:35:00,4912.67,4916.11,4911.98,4913.78
2026.01.22 20:40:00,4913.88,4914.63,4911.38,4912.87
2026.01.22 20:45:00,4912.84,4917.06,4910.75,4915.66
2026.01.22 20:50:00,4915.67,4918.15,4913.79,4916.82
2026.01.22 20:55:00,4916.81,4919.33,4914.94,4916
2026.01.22 21:00:00,4915.92,4921.34,4915.52,4920.27
2026.01.22 21:05:00,4920.31,4924.22,4919.01,4920.88
2026.01.22 21:10:00,4920.87,4924.31,4920.23,4923.91
2026.01.22 21:15:00,4923.87,4924.15,4920.27,4921.36
2026.01.22 21:20:00,4921.25,4922.74,4917.95,4918.84
2026.01.22 21:25:00,4918.88,4919.12,4908.86,4914.83
2026.01.22 21:30:00,4914.81,4918.09,4914.41,4915.45
2026.01.22 21:35:00,4915.5,4917.71,4914.73,4916.05
2026.01.22 21:40:00,4916.05,4917.09,4913.33,4913.54
2026.01.22 21:45:00,4913.48,4913.54,4905.93,4908.25
2026.01.22 21:50:00,4908.24,4912.03,4907.46,4911.65
2026.01.22 21:55:00,4911.7,4912.91,4910.11,4911.58
2026.01.22 22:00:00,4911.6,4921.56,4911.31,4921.54
2026.01.22 22:05:00,4921.5,4923.04,4921.07,4922.43
2026.01.22 22:10:00,4922.45,4926.52,4921.34,4926.09
2026.01.22 22:15:00,4926.01,4928.46,4924.6,4927.01
2026.01.22 22:20:00,4927.02,4928.15,4924.52,4927.23
2026.01.22 22:25:00,4927.16,4927.62,4924.54,4925.65
2026.01.22 22:30:00,4925.62,4927.05,4920.43,4920.68
2026.01.22 22:35:00,4920.67,4923.84,4918.44,4919.88
2026.01.22 22:40:00,4919.84,4923.41,4918.43,4922.65
2026.01.22 22:45:00,4922.66,4924.79,4921.45,4922.27
2026.01.22 22:50:00,4922.3,4922.84,4918.86,4920.83
2026.01.22 22:55:00,4920.74,4923.46,4913.9,4916.93
2026.01.22 23:00:00,4916.91,4918.68,4914.48,4916.14
2026.01.22 23:05:00,4916.15,4921.54,4916.13,4919.65
2026.01.22 23:10:00,4919.62,4922.97,4919.34,4922.71
2026.01.22 23:15:00,4922.65,4924.29,4921.35,4922.71
2026.01.22 23:20:00,4922.7,4922.73,4920.45,4922.15
2026.01.22 23:25:00,4922.14,4925.27,4921.28,4925.01
2026.01.22 23:30:00,4924.99,4935.87,4923.92,4935.82
2026.01.22 23:35:00,4935.86,4936.83,4933.65,4935.96
2026.01.22 23:40:00,4935.93,4940.56,4935.69,4938.98
2026.01.22 23:45:00,4938.97,4940.75,4935.83,4936.48
2026.01.22 23:50:00,4936.47,4937.89,4935.37,4935.56
2026.01.22 23:55:00,4935.57,4939.57,4935.32,4936.1
2026.01.23 01:00:00,4940.71,4952.4,4938.89,4952.3
2026.01.23 01:05:00,4952.26,4959.16,4949.9,4955.83
2026.01.23 01:10:00,4955.81,4960.06,4942.54,4943.03
2026.01.23 01:15:00,4942.99,4946.92,4939.36,4941.62
2026.01.23 01:20:00,4941.62,4945.92,4940.15,4943.83
2026.01.23 01:25:00,4943.84,4944.54,4939.18,4940.16
2026.01.23 01:30:00,4940.16,4940.2,4930.41,4934.08
2026.01.23 01:35:00,4934.05,4937.28,4931.86,4934.95
2026.01.23 01:40:00,4935.13,4938.78,4934.29,4938.59
2026.01.23 01:45:00,4938.58,4954.04,4938.54,4950.96
2026.01.23 01:50:00,4950.89,4958.43,4948.42,4955.67
2026.01.23 01:55:00,4955.48,4960.56,4952.61,4958.86
2026.01.23 02:00:00,4958.8,4963.35,4957.68,4961.47
2026.01.23 02:05:00,4961.04,4961.36,4954.91,4955.71
2026.01.23 02:10:00,4955.59,4956.32,4950.84,4951.78
2026.01.23 02:15:00,4951.75,4958.85,4950.04,4956.48
2026.01.23 02:20:00,4956.47,4958.46,4950.59,4950.92
2026.01.23 02:25:00,4950.91,4952.04,4947.88,4951.93
2026.01.23 02:30:00,4951.95,4955.05,4947.72,4949.99
2026.01.23 02:35:00,4949.95,4955.7,4948.87,4952.63
2026.01.23 02:40:00,4952.7,4952.82,4947.55,4949.2
2026.01.23 02:45:00,4949.33,4954.37,4949.17,4954.26
2026.01.23 02:50:00,4954.34,4958.69,4954.09,4957.88
2026.01.23 02:55:00,4957.9,4965.74,4957.51,4964.92
2026.01.23 03:00:00,4965.2,4968.07,4935.7,4946.36
2026.01.23 03:05:00,4946.26,4946.36,4936.86,4944.97
2026.01.23 03:10:00,4944.96,4950.41,4942.01,4949.16
2026.01.23 03:15:00,4949.15,4954.32,4942.7,4944.54
2026.01.23 03:20:00,4944.47,4950.09,4943.49,4948.08
2026.01.23 03:25:00,4948.21,4951.89,4945.55,4947.29
2026.01.23 03:30:00,4947.35,4955.95,4946.62,4955.67
2026.01.23 03:35:00,4955.72,4955.84,4950.38,4954.12
2026.01.23 03:40:00,4954.06,4954.47,4949.36,4951.2
2026.01.23 03:45:00,4951.45,4961.32,4951.45,4959.84
2026.01.23 03:50:00,4959.83,4962.98,4957.97,4958.59
2026.01.23 03:55:00,4958.56,4959.38,4951.63,4953.43
2026.01.23 04:00:00,4953.38,4956.58,4950.71,4952.09
2026.01.23 04:05:00,4952.11,4955.46,4948.45,4950.2
2026.01.23 04:10:00,4950.23,4950.85,4947.26,4949.4
2026.01.23 04:15:00,4949.36,4951.43,4947.81,4950.69
2026.01.23 04:20:00,4950.68,4953.2,4948.63,4950.06
2026.01.23 04:25:00,4950.04,4952.95,4946.46,4952.79
2026.01.23 04:30:00,4952.8,4957.39,4952.39,4955.1
2026.01.23 04:35:00,4955.04,4956.97,4954.1,4956.29
2026.01.23 04:40:00,4956.15,4957.51,4954.06,4956.85
2026.01.23 04:45:00,4956.83,4962.14,4956.83,4960.91
2026.01.23 04:50:00,4961.02,4962.33,4958.69,4960.55
2026.01.23 04:55:00,4960.58,4960.58,4955.37,4955.67
2026.01.23 05:00:00,4955.63,4958.91,4954.85,4956.09
2026.01.23 05:05:00,4956.08,4958.93,4955.65,4958.68
2026.01.23 05:10:00,4958.67,4958.88,4953.16,4954.9
2026.01.23 05:15:00,4954.63,4955.1,4938.97,4939.42
2026.01.23 05:20:00,4939.28,4945.63,4939.28,4943.18
2026.01.23 05:25:00,4943.26,4945.84,4938.11,4943.57
2026.01.23 05:30:00,4943.62,4950.84,4942.14,4950.54
2026.01.23 05:35:00,4950.57,4953.2,4949.44,4951.73
2026.01.23 05:40:00,4951.78,4952.42,4945.43,4949.65
2026.01.23 05:45:00,4949.63,4954.09,4948.07,4953.45
2026.01.23 05:50:00,4953.41,4954.3,4950.77,4951.62
2026.01.23 05:55:00,4951.64,4953.59,4951.61,4951.91
2026.01.23 06:00:00,4951.88,4953.48,4951.26,4953.12
2026.01.23 06:05:00,4952.9,4953.45,4950.68,4951.88
2026.01.23 06:10:00,4951.86,4953.11,4951.54,4952.23
2026.01.23 06:15:00,4952.25,4953.08,4951.07,4952.09
2026.01.23 06:20:00,4952.16,4952.74,4949.77,4951.89
2026.01.23 06:25:00,4951.81,4952.89,4950.61,4952.83
2026.01.23 06:30:00,4952.75,4954.11,4951.86,4954.1
2026.01.23 06:35:00,4954.11,4956.28,4952.99,4955.78
2026.01.23 06:40:00,4955.75,4957.83,4955.49,4956.81
2026.01.23 06:45:00,4956.79,4957.92,4954.96,4957.91
2026.01.23 06:50:00,4957.95,4958.29,4957.15,4957.63
2026.01.23 06:55:00,4957.62,4957.62,4955.64,4956.16
2026.01.23 07:00:00,4956.13,4957.24,4953.88,4956.04
2026.01.23 07:05:00,4956.05,4957.76,4955.33,4956.79
2026.01.23 07:10:00,4956.81,4956.85,4955.38,4956.15
2026.01.23 07:15:00,4956.2,4957.86,4955.42,4957.31
2026.01.23 07:20:00,4957.3,4960.18,4956.97,4957.97
2026.01.23 07:25:00,4957.98,4958.55,4956.44,4957.32
2026.01.23 07:30:00,4957.31,4960.59,4956.73,4957.58
2026.01.23 07:35:00,4957.6,4959.38,4956.34,4958.99
2026.01.23 07:40:00,4958.95,4961.41,4958.95,4960.98
2026.01.23 07:45:00,4961.05,4967.27,4960.63,4966.83
2026.01.23 07:50:00,4967.01,4967.2,4963.56,4963.95
2026.01.23 07:55:00,4963.96,4965.48,4960.27,4960.56
2026.01.23 08:00:00,4960.55,4962.73,4956.84,4957.69
2026.01.23 08:05:00,4957.68,4960.28,4955.48,4955.63
2026.01.23 08:10:00,4955.61,4956.24,4945.33,4952.79
2026.01.23 08:15:00,4952.82,4955.77,4951.43,4954.11
2026.01.23 08:20:00,4954.14,4958.71,4954.13,4958.67
2026.01.23 08:25:00,4958.68,4958.91,4952.61,4952.78
2026.01.23 08:30:00,4952.88,4955.82,4950.69,4953.88
2026.01.23 08:35:00,4953.89,4954.96,4952.64,4954.46
2026.01.23 08:40:00,4954.42,4954.42,4950.27,4952.82
2026.01.23 08:45:00,4952.81,4955.3,4951.06,4951.87
2026.01.23 08:50:00,4951.9,4956.12,4950.8,4955.22
2026.01.23 08:55:00,4955.18,4956.21,4952.34,4953.51
2026.01.23 09:00:00,4953.55,4956.91,4952.09,4955.07
2026.01.23 09:05:00,4954.9,4957.86,4953.64,4956.07
2026.01.23 09:10:00,4956.08,4956.58,4953.91,4955.99
2026.01.23 09:15:00,4956.04,4957.48,4955.01,4957.14
2026.01.23 09:20:00,4957.14,4959.57,4951.75,4951.95
2026.01.23 09:25:00,4951.93,4956.9,4951.89,4956.9
2026.01.23 09:30:00,4956.93,4958.2,4953.74,4956.29
2026.01.23 09:35:00,4956.28,4956.93,4952.65,4952.74
2026.01.23 09:40:00,4952.78,4953.79,4946.08,4946.13
2026.01.23 09:45:00,4946.16,4950.42,4943.07,4944.13
2026.01.23 09:50:00,4944.16,4950.38,4944.11,4950.29
2026.01.23 09:55:00,4950.49,4951.17,4944.2,4944.28
2026.01.23 10:00:00,4944.25,4946.47,4941.58,4946.28
2026.01.23 10:05:00,4946.25,4947.61,4943.51,4946.77
2026.01.23 10:10:00,4946.76,4946.76,4940.3,4942.14
2026.01.23 10:15:00,4942.08,4942.84,4937.57,4938.9
2026.01.23 10:20:00,4938.8,4938.91,4920.21,4920.91
2026.01.23 10:25:00,4920.84,4921.08,4901.26,4913.15
2026.01.23 10:30:00,4913.23,4920.23,4910.4,4919.73
2026.01.23 10:35:00,4919.74,4924.6,4914.62,4921.04
2026.01.23 10:40:00,4921.01,4926.19,4919.42,4925.04
2026.01.23 10:45:00,4925,4925.32,4916.12,4916.8
2026.01.23 10:50:00,4916.78,4919.31,4908.85,4913.8
2026.01.23 10:55:00,4913.87,4914.08,4909.29,4913.71
2026.01.23 11:00:00,4913.75,4919.83,4912.42,4914.12
2026.01.23 11:05:00,4914.08,4915.78,4910.84,4914.28
2026.01.23 11:10:00,4914.29,4914.83,4908.87,4911.9
2026.01.23 11:15:00,4911.91,4914.59,4905.51,4905.6
2026.01.23 11:20:00,4905.56,4914.57,4905.56,4909.44
2026.01.23 11:25:00,4909.57,4911.6,4899.1,4905.29
2026.01.23 11:30:00,4905.28,4912.21,4902.54,4911.28
2026.01.23 11:35:00,4911.28,4913.81,4906.4,4912.28
2026.01.23 11:40:00,4912.27,4917.71,4911.42,4917.03
2026.01.23 11:45:00,4916.85,4919.57,4914.22,4918.95
2026.01.23 11:50:00,4918.93,4921.65,4917.38,4919.34
2026.01.23 11:55:00,4919.35,4919.78,4916.76,4918.5
2026.01.23 12:00:00,4918.58,4922.55,4917.1,4918.54
2026.01.23 12:05:00,4918.53,4920.46,4915.51,4918.88
2026.01.23 12:10:00,4918.88,4921.9,4918.52,4921.28
2026.01.23 12:15:00,4921.38,4925.82,4921.38,4925.01
2026.01.23 12:20:00,4925.04,4926.41,4923.04,4926.21
2026.01.23 12:25:00,4926.18,4932.16,4926.05,4929.37
2026.01.23 12:30:00,4929.33,4930.38,4925.43,4926.9
2026.01.23 12:35:00,4926.97,4928.41,4925.24,4928.08
2026.01.23 12:40:00,4928.07,4928.93,4924.86,4927.8
2026.01.23 12:45:00,4927.84,4928.32,4924.48,4926.82
2026.01.23 12:50:00,4926.99,4930.85,4926.45,4928.15
2026.01.23 12:55:00,4928.24,4930.39,4927.42,4929.74
2026.01.23 13:00:00,4929.72,4929.88,4917.32,4918.92
2026.01.23 13:05:00,4918.93,4920.79,4915.56,4920.4
2026.01.23 13:10:00,4920.47,4921.34,4917.54,4918.42
2026.01.23 13:15:00,4918.43,4919.44,4911.84,4916.89
2026.01.23 13:20:00,4916.89,4919.5,4913.74,4919.31
2026.01.23 13:25:00,4919.32,4921.96,4918.84,4920.76
2026.01.23 13:30:00,4920.94,4924.57,4919.71,4923.63
2026.01.23 13:35:00,4923.74,4925.07,4922.37,4923.54
2026.01.23 13:40:00,4923.56,4924.92,4923.32,4923.39
2026.01.23 13:45:00,4923.54,4925.99,4922.23,4925.55
2026.01.23 13:50:00,4925.57,4926.21,4923.08,4923.92
2026.01.23 13:55:00,4924.06,4926.19,4920.81,4922.79
2026.01.23 14:00:00,4922.82,4931.02,4918.05,4930.2
2026.01.23 14:05:00,4930.18,4934.26,4929.09,4933.64
2026.01.23 14:10:00,4933.62,4934.29,4932.19,4933.79
2026.01.23 14:15:00,4933.9,4936.87,4930.23,4931.4
2026.01.23 14:20:00,4931.24,4935.07,4931,4933.89
2026.01.23 14:25:00,4933.93,4936.05,4932.29,4934.03
2026.01.23 14:30:00,4934.12,4936.54,4933.06,4935.25
2026.01.23 14:35:00,4935.22,4937.97,4934.69,4936.67
2026.01.23 14:40:00,4936.68,4938.96,4932.26,4936.08
2026.01.23 14:45:00,4936.06,4939.48,4935.82,4938.67
2026.01.23 14:50:00,4938.73,4942.53,4938.62,4941.33
2026.01.23 14:55:00,4941.32,4942.14,4938.01,4939.3
2026.01.23 15:00:00,4939.26,4944.61,4933.46,4943.56
2026.01.23 15:05:00,4943.51,4947.96,4940.04,4940.63
2026.01.23 15:10:00,4940.65,4941.41,4936.71,4940.29
2026.01.23 15:15:00,4940.34,4940.58,4935.31,4936.86
2026.01.23 15:20:00,4936.79,4938.97,4923.9,4927.98
2026.01.23 15:25:00,4928,4934.01,4925.98,4931.25
2026.01.23 15:30:00,4931.21,4939.14,4930,4935.97
2026.01.23 15:35:00,4935.96,4939.33,4927,4930.15
2026.01.23 15:40:00,4930.16,4933.45,4928.34,4931.5
2026.01.23 15:45:00,4931.46,4938.2,4930.51,4936.75
2026.01.23 15:50:00,4936.68,4940.43,4935.6,4939.98
2026.01.23 15:55:00,4940.04,4940.72,4935.2,4938.87
2026.01.23 16:00:00,4938.91,4942.03,4934.74,4941.04
2026.01.23 16:05:00,4941.07,4944.3,4940.08,4942.39
2026.01.23 16:10:00,4942.45,4947.78,4942.4,4944.42
2026.01.23 16:15:00,4944.54,4944.96,4939.63,4942.15
2026.01.23 16:20:00,4942.07,4945.37,4940.02,4940.39
2026.01.23 16:25:00,4940.48,4942.64,4939.52,4939.86
2026.01.23 16:30:00,4939.88,4945.8,4932.94,4942.63
2026.01.23 16:35:00,4942.66,4949.61,4941.05,4944.58
2026.01.23 16:40:00,4944.57,4949.71,4943.78,4946.71
2026.01.23 16:45:00,4946.67,4955.44,4946.22,4953.37
2026.01.23 16:50:00,4953.36,4956.67,4950.78,4953.12
2026.01.23 16:55:00,4953.16,4954.09,4942.63,4943.06
2026.01.23 17:00:00,4942.97,4950.87,4938.59,4949.78
2026.01.23 17:05:00,4949.86,4955.74,4948.66,4955.67
2026.01.23 17:10:00,4955.66,4955.98,4950.7,4952.81
2026.01.23 17:15:00,4952.82,4954.45,4942.74,4949.06
2026.01.23 17:20:00,4949.23,4949.49,4942.5,4944.65
2026.01.23 17:25:00,4944.93,4948.34,4943.23,4944.72
2026.01.23 17:30:00,4944.77,4950.69,4943.58,4950.29
2026.01.23 17:35:00,4950.22,4955.21,4946.92,4954.49
2026.01.23 17:40:00,4954.54,4961.13,4952.42,4958.9
2026.01.23 17:45:00,4958.96,4963.37,4957.56,4960.67
2026.01.23 17:50:00,4960.55,4960.55,4951.5,4957.38
2026.01.23 17:55:00,4957.39,4960.53,4955.51,4960.53
2026.01.23 18:00:00,4960.57,4966.35,4958.96,4964.4
2026.01.23 18:05:00,4964.41,4974.54,4961.27,4974
2026.01.23 18:10:00,4973.81,4976.5,4969.51,4970.97
2026.01.23 18:15:00,4971.08,4980.65,4969.31,4979.56
2026.01.23 18:20:00,4979.59,4981.55,4977.37,4979.91
2026.01.23 18:25:00,4979.95,4986.14,4979.56,4985.29
2026.01.23 18:30:00,4985.28,4988.31,4978.8,4982.29
2026.01.23 18:35:00,4982.46,4985.94,4979.88,4981.56
2026.01.23 18:40:00,4981.54,4984.07,4980.03,4982.73
2026.01.23 18:45:00,4982.46,4982.46,4975.29,4978.31
2026.01.23 18:50:00,4978.43,4982.43,4977,4981.04
2026.01.23 18:55:00,4981.13,4983.22,4978.88,4980.26
2026.01.23 19:00:00,4980.49,4983.61,4977.31,4982.39
2026.01.23 19:05:00,4982.48,4984.7,4979.97,4983.37
2026.01.23 19:10:00,4983.34,4987.23,4982.94,4984.42
2026.01.23 19:15:00,4984.36,4987.83,4983.37,4986.27
2026.01.23 19:20:00,4986.26,4987.1,4982.01,4983.54
2026.01.23 19:25:00,4983.44,4984.71,4980.5,4983.07
2026.01.23 19:30:00,4983.17,4986.47,4982.7,4984.11
2026.01.23 19:35:00,4984,4986.91,4983.04,4986.63
2026.01.23 19:40:00,4986.62,4988,4982.41,4983.18
2026.01.23 19:45:00,4983,4985.2,4981.29,4983.56
2026.01.23 19:50:00,4983.54,4985.02,4970.21,4970.64
2026.01.23 19:55:00,4970.65,4970.89,4962.01,4966.04
2026.01.23 20:00:00,4965.85,4979.24,4965.33,4978.86
2026.01.23 20:05:00,4978.82,4979.51,4974.96,4975.81
2026.01.23 20:10:00,4975.82,4983.01,4975.33,4980.89
2026.01.23 20:15:00,4980.86,4982.87,4978.74,4979.76
2026.01.23 20:20:00,4979.72,4984.26,4978.65,4981.03
2026.01.23 20:25:00,4980.91,4983.95,4977.38,4978.56
2026.01.23 20:30:00,4978.63,4979.87,4972.22,4974.54
2026.01.23 20:35:00,4974.51,4976.15,4969.56,4971.14
2026.01.23 20:40:00,4971.36,4972.94,4963.77,4964.42
2026.01.23 20:45:00,4964.45,4966.31,4958.17,4958.55
2026.01.23 20:50:00,4958.68,4968.84,4958.55,4968.36
2026.01.23 20:55:00,4968.34,4969.47,4965.8,4966.65
2026.01.23 21:00:00,4966.69,4976.13,4966.69,4976.13
2026.01.23 21:05:00,4976.17,4978.51,4971.4,4975.29
2026.01.23 21:10:00,4975.28,4975.29,4972.13,4974.01
2026.01.23 21:15:00,4974.25,4977.28,4973.58,4977.24
2026.01.23 21:20:00,4977.25,4978.57,4975.51,4976.45
2026.01.23 21:25:00,4976.46,4978.46,4974.66,4977.26
2026.01.23 21:30:00,4977.26,4980.29,4974.84,4976.72
2026.01.23 21:35:00,4976.75,4977.78,4974.36,4975.2
2026.01.23 21:40:00,4975.13,4979.07,4974.67,4978.78
2026.01.23 21:45:00,4978.7,4983.93,4977.99,4982.69
2026.01.23 21:50:00,4982.68,4989.76,4982.14,4988.52
2026.01.23 21:55:00,4988.55,4989.61,4983.32,4984.05
2026.01.23 22:00:00,4983.99,4985.59,4977.18,4980.8
2026.01.23 22:05:00,4980.75,4980.91,4970.14,4978.35
2026.01.23 22:10:00,4978.36,4981.46,4976.35,4981.13
2026.01.23 22:15:00,4981.15,4985.36,4980.1,4980.89
2026.01.23 22:20:00,4980.84,4982.7,4979.33,4981.86
2026.01.23 22:25:00,4982.01,4982.5,4977.65,4980.81
2026.01.23 22:30:00,4980.83,4980.83,4975.66,4978.06
2026.01.23 22:35:00,4978.04,4983.08,4976.68,4982.5
2026.01.23 22:40:00,4982.49,4983.22,4979.97,4982.15
2026.01.23 22:45:00,4982.24,4982.74,4981.09,4982.04
2026.01.23 22:50:00,4981.91,4982.36,4978.68,4979.45
2026.01.23 22:55:00,4979.42,4984.13,4979.33,4980.84
2026.01.23 23:00:00,4980.88,4984.59,4978.72,4983.82
2026.01.23 23:05:00,4983.83,4986.01,4982.24,4982.47
2026.01.23 23:10:00,4982.43,4983.7,4981.11,4981.26
2026.01.23 23:15:00,4981.28,4982.22,4978.92,4979.13
2026.01.23 23:20:00,4979.25,4982.13,4977.97,4982
2026.01.23 23:25:00,4981.99,4983.53,4981.06,4981.79
2026.01.23 23:30:00,4981.83,4983.11,4980.53,4981.48
2026.01.23 23:35:00,4981.37,4982.65,4980.45,4982.54
2026.01.23 23:40:00,4982.52,4982.99,4981.03,4982.24
2026.01.23 23:45:00,4982.26,4982.86,4980.99,4982.62
2026.01.23 23:50:00,4982.64,4986.48,4982.08,4985.99
2026.01.23 23:55:00,4986.23,4989.77,4982.1,4982.52
2026.01.26 01:00:00,5010.53,5027.21,5003.38,5013.49
2026.01.26 01:05:00,5013.23,5025.04,5003.12,5023.13
2026.01.26 01:10:00,5023.25,5026.03,5013.2,5021.37
2026.01.26 01:15:00,5021.18,5029.66,5019.56,5028.12
2026.01.26 01:20:00,5028.36,5031.65,5023.62,5024.78
2026.01.26 01:25:00,5024.81,5025.57,5011.81,5018.52
2026.01.26 01:30:00,5018.51,5027.15,5016.4,5022.82
2026.01.26 01:35:00,5022.78,5032.21,5018.11,5029.65
2026.01.26 01:40:00,5029.92,5030.4,5024.94,5025.49
2026.01.26 01:45:00,5025.48,5036.01,5024.76,5033.56
2026.01.26 01:50:00,5033.9,5040.28,5031.86,5039.41
2026.01.26 01:55:00,5039.44,5039.83,5035.88,5039.79
2026.01.26 02:00:00,5040.06,5041.61,5034.41,5040.76
2026.01.26 02:05:00,5040.75,5044.15,5037.75,5042.5
2026.01.26 02:10:00,5042.39,5042.57,5034.66,5039.11
2026.01.26 02:15:00,5039.09,5039.71,5032.75,5033.8
2026.01.26 02:20:00,5033.83,5035.14,5030.14,5034.74
2026.01.26 02:25:00,5034.75,5042.54,5034.6,5042.54
2026.01.26 02:30:00,5042.53,5048.87,5042.11,5046
2026.01.26 02:35:00,5046.11,5050.07,5045.8,5049.55
2026.01.26 02:40:00,5049.54,5052.12,5048.96,5050.16
2026.01.26 02:45:00,5050.18,5051.91,5047.14,5049.76
2026.01.26 02:50:00,5049.79,5050.48,5044.33,5044.4
2026.01.26 02:55:00,5044.43,5046.38,5038.17,5041.7
2026.01.26 03:00:00,5041.75,5044.27,5028.78,5042.68
2026.01.26 03:05:00,5042.71,5049.45,5041.76,5046.83
2026.01.26 03:10:00,5046.82,5059,5046.25,5057.16
2026.01.26 03:15:00,5057.33,5065.77,5056.5,5062.38
2026.01.26 03:20:00,5062.65,5069.28,5061.73,5069.14
2026.01.26 03:25:00,5069.03,5075.33,5066.14,5074.16
2026.01.26 03:30:00,5074.05,5084.18,5071.57,5083.57
2026.01.26 03:35:00,5083.58,5085.35,5071.29,5076.26
2026.01.26 03:40:00,5076.16,5083.91,5072.93,5083.24
2026.01.26 03:45:00,5083.2,5085.15,5073.59,5075.37
2026.01.26 03:50:00,5075.42,5082.14,5067.8,5077.89
2026.01.26 03:55:00,5078.03,5082.16,5070.05,5071.25
2026.01.26 04:00:00,5071.26,5078.34,5068.26,5077.07
2026.01.26 04:05:00,5077.07,5077.08,5067.74,5068.99
2026.01.26 04:10:00,5068.92,5079.09,5066.89,5075.11
2026.01.26 04:15:00,5075.12,5078.09,5072.67,5077.13
2026.01.26 04:20:00,5077.11,5088.55,5074.65,5087.71
2026.01.26 04:25:00,5087.74,5089.12,5084.71,5087.87
2026.01.26 04:30:00,5087.86,5093.09,5081.31,5083.91
2026.01.26 04:35:00,5083.95,5086.2,5078.97,5084.92
2026.01.26 04:40:00,5084.93,5091.66,5084.12,5088.26
2026.01.26 04:45:00,5088.18,5091.22,5083.92,5086.75
2026.01.26 04:50:00,5087,5088.75,5083.62,5085.96
2026.01.26 04:55:00,5085.99,5087.37,5080.55,5081.04
2026.01.26 05:00:00,5081.03,5081.7,5071.53,5081.36
2026.01.26 05:05:00,5081.31,5084.95,5078.29,5080.25
2026.01.26 05:10:00,5080.2,5084.86,5079.37,5084.86
2026.01.26 05:15:00,5084.82,5087.88,5077.95,5078.5
2026.01.26 05:20:00,5078.55,5083.33,5075.04,5083.24
2026.01.26 05:25:00,5083.23,5084.68,5077.66,5079.24
2026.01.26 05:30:00,5079.23,5083.47,5077.92,5082.67
2026.01.26 05:35:00,5082.79,5084.17,5079.64,5080.24
2026.01.26 05:40:00,5080.46,5080.46,5075.98,5078.56
2026.01.26 05:45:00,5078.29,5079.74,5072.33,5074.32
2026.01.26 05:50:00,5074.29,5076.29,5069.99,5071.67
2026.01.26 05:55:00,5071.68,5076.82,5071.07,5076.41
2026.01.26 06:00:00,5076.38,5076.71,5072.03,5073.5
2026.01.26 06:05:00,5073.57,5078,5072.68,5075.98
2026.01.26 06:10:00,5075.96,5076.6,5073.16,5075.69
2026.01.26 06:15:00,5075.71,5076.34,5072.59,5075.9
2026.01.26 06:20:00,5075.86,5076.55,5071.33,5072.78
2026.01.26 06:25:00,5072.82,5073.7,5071.34,5072.36
2026.01.26 06:30:00,5072.37,5073.17,5064.35,5070.12
2026.01.26 06:35:00,5070.14,5072.37,5065.55,5066.45
2026.01.26 06:40:00,5066.61,5067.5,5064.36,5066.96
2026.01.26 06:45:00,5066.95,5067.25,5058.16,5063.32
2026.01.26 06:50:00,5063.37,5067.5,5063.15,5065.53
2026.01.26 06:55:00,5065.5,5072.22,5065,5070.29
2026.01.26 07:00:00,5070.27,5072.72,5068.24,5068.5
2026.01.26 07:05:00,5068.51,5068.51,5059.07,5064.75
2026.01.26 07:10:00,5064.79,5064.79,5054.99,5059.89
2026.01.26 07:15:00,5059.88,5062.01,5052.15,5053.98
2026.01.26 07:20:00,5054.08,5063.7,5053.86,5062.99
2026.01.26 07:25:00,5062.81,5066.86,5060.92,5065.43
2026.01.26 07:30:00,5065.41,5066.18,5055.03,5063.5
2026.01.26 07:35:00,5063.48,5068.03,5056.99,5061.21
2026.01.26 07:40:00,5061.08,5063.57,5053.29,5059.52
2026.01.26 07:45:00,5059.48,5071.99,5058.39,5071.86
2026.01.26 07:50:00,5071.87,5076.31,5070.34,5073.46
2026.01.26 07:55:00,5073.54,5075.33,5071.23,5074.2
2026.01.26 08:00:00,5074.24,5082.3,5073.54,5079.2
2026.01.26 08:05:00,5079.23,5079.23,5071.07,5071.57
2026.01.26 08:10:00,5071.62,5076.26,5067.34,5069.24
2026.01.26 08:15:00,5069.39,5072.7,5065.54,5071.08
2026.01.26 08:20:00,5071.1,5072.97,5068.2,5072.58
2026.01.26 08:25:00,5072.64,5077.04,5072.17,5075.07
2026.01.26 08:30:00,5075.12,5079.74,5074.21,5079.58
2026.01.26 08:35:00,5079.55,5085.56,5077.7,5084.05
2026.01.26 08:40:00,5084.06,5092.32,5081.55,5091.92
2026.01.26 08:45:00,5091.93,5109.98,5091.7,5106.82
2026.01.26 08:50:00,5106.78,5110.92,5099.18,5099.39
2026.01.26 08:55:00,5099.39,5099.57,5076.04,5077.93
2026.01.26 09:00:00,5077.62,5082.67,5074.01,5081.15
2026.01.26 09:05:00,5081.2,5090.5,5080.39,5087.99
2026.01.26 09:10:00,5088,5092.03,5086.97,5090.75
2026.01.26 09:15:00,5090.54,5095.51,5089.78,5092.82
2026.01.26 09:20:00,5092.8,5095.57,5090.64,5091.91
2026.01.26 09:25:00,5091.95,5095.62,5090.79,5095.16
2026.01.26 09:30:00,5095.21,5095.43,5091.26,5092.97
2026.01.26 09:35:00,5093.04,5093.27,5089.25,5090.66
2026.01.26 09:40:00,5090.57,5090.94,5085.53,5088.53
2026.01.26 09:45:00,5088.76,5092.79,5088.28,5092.43
2026.01.26 09:50:00,5092.44,5094.41,5090.3,5092.15
2026.01.26 09:55:00,5092.03,5093.26,5088.31,5089.15
2026.01.26 10:00:00,5089.06,5096.46,5087.35,5094.69
2026.01.26 10:05:00,5094.68,5096.29,5089.99,5091.43
2026.01.26 10:10:00,5091.41,5096.62,5089.82,5096.04
2026.01.26 10:15:00,5096.01,5097.6,5094.76,5096.87
2026.01.26 10:20:00,5096.96,5097.08,5095.2,5096.53
2026.01.26 10:25:00,5096.45,5097.46,5096.09,5096.72
2026.01.26 10:30:00,5096.71,5097.81,5095.96,5096.69
2026.01.26 10:35:00,5096.71,5098.21,5095.57,5095.96
2026.01.26 10:40:00,5095.95,5096.6,5090.21,5093.2
2026.01.26 10:45:00,5093.42,5093.87,5088.7,5088.78
2026.01.26 10:50:00,5088.79,5089.7,5079.86,5083.12
2026.01.26 10:55:00,5083.23,5084.58,5081.07,5083.25
2026.01.26 11:00:00,5083.22,5090.72,5082.03,5088.7
2026.01.26 11:05:00,5088.74,5092.79,5088.29,5089.04
2026.01.26 11:10:00,5089.03,5091.46,5086.96,5091.1
2026.01.26 11:15:00,5091.07,5094.63,5091.04,5093.44
2026.01.26 11:20:00,5093.45,5094.26,5088.05,5090.12
2026.01.26 11:25:00,5090.13,5096.91,5089.74,5096.53
2026.01.26 11:30:00,5096.54,5098.68,5094.9,5097.99
2026.01.26 11:35:00,5098.01,5098.33,5093.23,5093.3
2026.01.26 11:40:00,5093.32,5093.45,5087.37,5091.35
2026.01.26 11:45:00,5091.32,5093.17,5083.04,5083.71
2026.01.26 11:50:00,5083.73,5085.86,5077.28,5079.13
2026.01.26 11:55:00,5079.17,5084.06,5075.31,5083.97
2026.01.26 12:00:00,5083.96,5086.04,5078.68,5081.34
2026.01.26 12:05:00,5081.33,5085.18,5079.24,5082.7
2026.01.26 12:10:00,5082.67,5090.34,5081.74,5089.11
2026.01.26 12:15:00,5088.87,5089.95,5086.82,5089.46
2026.01.26 12:20:00,5089.47,5091.18,5087.39,5088.69
2026.01.26 12:25:00,5088.68,5089.67,5086.14,5087.34
2026.01.26 12:30:00,5087.34,5093.55,5085.81,5092.72
2026.01.26 12:35:00,5092.73,5094.79,5089.83,5094.57
2026.01.26 12:40:00,5094.56,5094.99,5092.09,5092.89
2026.01.26 12:45:00,5092.88,5094.33,5090.83,5092.22
2026.01.26 12:50:00,5092.43,5093,5090.28,5092.74
2026.01.26 12:55:00,5092.89,5093.25,5090.47,5091.58
2026.01.26 13:00:00,5091.58,5092.73,5089.17,5092.33
2026.01.26 13:05:00,5092.31,5092.46,5089.89,5091.16
2026.01.26 13:10:00,5091.17,5091.2,5087.09,5087.89
2026.01.26 13:15:00,5087.88,5088.65,5078.26,5081.41
2026.01.26 13:20:00,5081.4,5085.1,5078.95,5084.37
2026.01.26 13:25:00,5084.4,5087.49,5082.38,5087.17
2026.01.26 13:30:00,5087.2,5087.46,5083.68,5084.88
2026.01.26 13:35:00,5084.88,5091.87,5084.62,5091.87
2026.01.26 13:40:00,5091.81,5092.26,5089.22,5090.01
2026.01.26 13:45:00,5089.99,5090.71,5087.11,5090.45
2026.01.26 13:50:00,5090.48,5092.45,5090.24,5091.34
2026.01.26 13:55:00,5091.39,5092.17,5089.79,5091.4
2026.01.26 14:00:00,5091.38,5093.52,5087.17,5093.45
2026.01.26 14:05:00,5093.43,5093.99,5090.07,5092.48
2026.01.26 14:10:00,5092.5,5092.64,5089.2,5090.28
2026.01.26 14:15:00,5090.14,5091.26,5086.12,5088.8
2026.01.26 14:20:00,5088.81,5096.81,5088.47,5096.61
2026.01.26 14:25:00,5096.46,5096.88,5088.6,5089.91
2026.01.26 14:30:00,5089.95,5089.97,5084.17,5086.74
2026.01.26 14:35:00,5086.73,5089.75,5085.16,5085.41
2026.01.26 14:40:00,5085.36,5087.65,5079.15,5083.39
2026.01.26 14:45:00,5083.47,5085.3,5082.48,5083.64
2026.01.26 14:50:00,5083.69,5085.58,5082.13,5084.74
2026.01.26 14:55:00,5084.73,5085.7,5076.98,5078.72
2026.01.26 15:00:00,5078.64,5080.54,5066,5074.28
2026.01.26 15:05:00,5074.29,5078.02,5070.82,5077.08
2026.01.26 15:10:00,5077.12,5082.29,5077.05,5080.09
2026.01.26 15:15:00,5080.1,5083.28,5075.03,5076.78
2026.01.26 15:20:00,5076.63,5076.71,5068.08,5069.53
2026.01.26 15:25:00,5069.53,5076.03,5067.13,5072.36
2026.01.26 15:30:00,5072.3,5073.07,5054.51,5063
2026.01.26 15:35:00,5063.07,5065.39,5059.86,5064.7
2026.01.26 15:40:00,5064.86,5072.44,5064.47,5070.74
2026.01.26 15:45:00,5070.75,5073.47,5066.72,5072.11
2026.01.26 15:50:00,5072.07,5075.75,5068.17,5074.07
2026.01.26 15:55:00,5074.01,5074.01,5066.71,5068.52
2026.01.26 16:00:00,5068.53,5070.25,5058.22,5065.11
2026.01.26 16:05:00,5065.08,5069.6,5064.85,5068.19
2026.01.26 16:10:00,5068.2,5072.94,5067.95,5071.12
2026.01.26 16:15:00,5071.06,5071.92,5063.64,5071.58
2026.01.26 16:20:00,5071.61,5078.92,5070.92,5077.47
2026.01.26 16:25:00,5077.42,5082.72,5073.66,5078.49
2026.01.26 16:30:00,5078.41,5085.33,5074.54,5084.93
2026.01.26 16:35:00,5084.88,5090.79,5080.95,5089.04
2026.01.26 16:40:00,5089.02,5090.85,5079.47,5081.74
2026.01.26 16:45:00,5081.75,5089.7,5080.21,5089.46
2026.01.26 16:50:00,5089.45,5095.61,5084.52,5092.14
2026.01.26 16:55:00,5092.41,5096.8,5090.59,5096.42
2026.01.26 17:00:00,5096.52,5097.23,5085.63,5091.83
2026.01.26 17:05:00,5091.63,5094.25,5089.45,5091.28
2026.01.26 17:10:00,5091.37,5097.32,5089.38,5095.24
2026.01.26 17:15:00,5095.16,5096.66,5088.78,5089.09
2026.01.26 17:20:00,5089.06,5094.32,5083.9,5090.35
2026.01.26 17:25:00,5090.47,5091.85,5085.79,5090.24
2026.01.26 17:30:00,5090.11,5092.57,5077.04,5077.79
2026.01.26 17:35:00,5077.8,5088.51,5075,5080.79
2026.01.26 17:40:00,5080.89,5083.03,5073.66,5078.2
2026.01.26 17:45:00,5078.22,5087.09,5077.52,5085.41
2026.01.26 17:50:00,5085.41,5090.22,5083.17,5089.11
2026.01.26 17:55:00,5089.22,5095.16,5089.21,5090.81
2026.01.26 18:00:00,5090.8,5102.87,5089.55,5099.94
2026.01.26 18:05:00,5100.07,5104.88,5099.15,5100.41
2026.01.26 18:10:00,5100.33,5102.29,5096.01,5101.61
2026.01.26 18:15:00,5101.43,5103.84,5095.29,5097.01
2026.01.26 18:20:00,5097.12,5098.88,5089.92,5093.76
2026.01.26 18:25:00,5093.82,5097.05,5070.42,5075.5
2026.01.26 18:30:00,5075.49,5081.4,5069.58,5074.91
2026.01.26 18:35:00,5074.77,5080.96,5065.19,5068.71
2026.01.26 18:40:00,5068.72,5083.14,5067.92,5077.34
2026.01.26 18:45:00,5077.26,5087.74,5076.8,5083.83
2026.01.26 18:50:00,5083.75,5088.33,5083.29,5086.97
2026.01.26 18:55:00,5086.98,5094.25,5086.49,5089.45
2026.01.26 19:00:00,5089.55,5095.23,5088.19,5094.97
2026.01.26 19:05:00,5094.96,5097.36,5090.26,5091.54
2026.01.26 19:10:00,5091.5,5095.42,5085.32,5094.29
2026.01.26 19:15:00,5094.3,5095.44,5091,5092.31
2026.01.26 19:20:00,5092.32,5093.52,5081.44,5083.46
2026.01.26 19:25:00,5083.59,5091.12,5080.78,5088.36
2026.01.26 19:30:00,5088.34,5092.98,5082.08,5092.87
2026.01.26 19:35:00,5092.84,5093.33,5088.46,5090.95
2026.01.26 19:40:00,5090.91,5102.56,5090.57,5101.87
2026.01.26 19:45:00,5101.98,5105.11,5098.47,5100.95
2026.01.26 19:50:00,5100.92,5103.23,5098.42,5099.71
2026.01.26 19:55:00,5099.7,5102.6,5097.38,5100.87
2026.01.26 20:00:00,5100.95,5103,5097.82,5100.66
2026.01.26 20:05:00,5100.63,5101.01,5086.29,5086.59
2026.01.26 20:10:00,5086.61,5088.67,5076.41,5078.37
2026.01.26 20:15:00,5078.38,5089.58,5076.5,5086.86
2026.01.26 20:20:00,5086.74,5090.8,5082.54,5089.33
2026.01.26 20:25:00,5089.37,5090.44,5083.4,5084.87
2026.01.26 20:30:00,5084.89,5085.21,5070.58,5073.17
2026.01.26 20:35:00,5073.23,5077.73,5067.53,5068.27
2026.01.26 20:40:00,5068.29,5069.39,5057.81,5064.28
2026.01.26 20:45:00,5064.3,5078.85,5063.38,5078.72
2026.01.26 20:50:00,5078.91,5082.89,5075.26,5080.28
2026.01.26 20:55:00,5080.21,5080.61,5068.34,5068.85
2026.01.26 21:00:00,5068.95,5069.57,5035.3,5045.81
2026.01.26 21:05:00,5045.81,5062.51,5044.37,5057.13
2026.01.26 21:10:00,5057.1,5062.92,5050.34,5060.29
2026.01.26 21:15:00,5060.11,5061.2,5037.98,5040.12
2026.01.26 21:20:00,5040.07,5044.74,5020.16,5021.72
2026.01.26 21:25:00,5021.98,5036.78,5020.36,5027.24
2026.01.26 21:30:00,5027.32,5043.63,5024.62,5041.69
2026.01.26 21:35:00,5041.87,5043.08,5030.61,5037.92
2026.01.26 21:40:00,5037.8,5037.9,5026.59,5034.2
2026.01.26 21:45:00,5034.21,5037.71,5008.29,5017.93
2026.01.26 21:50:00,5017.97,5024.9,5010.29,5016.94
2026.01.26 21:55:00,5017.06,5031.37,5017.03,5028.68
2026.01.26 22:00:00,5028.59,5041.65,5026.14,5041.35
2026.01.26 22:05:00,5041.37,5045.34,5035.49,5042
2026.01.26 22:10:00,5041.96,5053.95,5037.06,5049.87
2026.01.26 22:15:00,5049.86,5052.16,5040.44,5048.93
2026.01.26 22:20:00,5048.86,5051.79,5041.21,5050.66
2026.01.26 22:25:00,5050.67,5056.74,5046.58,5056.23
2026.01.26 22:30:00,5056.23,5062.08,5053.88,5054.99
2026.01.26 22:35:00,5054.98,5056.03,5035.27,5041.38
2026.01.26 22:40:00,5041.39,5049.57,5040.53,5046.61
2026.01.26 22:45:00,5046.68,5051.73,5043.11,5047.7
2026.01.26 22:50:00,5047.61,5059.87,5046.56,5056.13
2026.01.26 22:55:00,5056.15,5060.6,5053.32,5055.11
2026.01.26 23:00:00,5055.14,5059.15,5051.73,5058.87
2026.01.26 23:05:00,5058.86,5059.09,5044.46,5045.83
2026.01.26 23:10:00,5046.04,5049.23,5033.7,5033.82
2026.01.26 23:15:00,5033.73,5035.61,5022.17,5031.7
2026.01.26 23:20:00,5031.69,5031.85,5010.81,5020.24
2026.01.26 23:25:00,5020.46,5026.68,5018.38,5020.51
2026.01.26 23:30:00,5020.5,5020.91,5005.28,5011.11
2026.01.26 23:35:00,5010.84,5011.43,4989.3,5001.43
2026.01.26 23:40:00,5001.43,5016.02,4999.46,5005.24
2026.01.26 23:45:00,5004.97,5016.81,5004.26,5014.73
2026.01.26 23:50:00,5014.81,5016.23,5005.84,5011.71
2026.01.26 23:55:00,5011.43,5011.61,5005.6,5011.06
2026.01.27 01:00:00,5012.96,5034.53,5012.56,5034.32
2026.01.27 01:05:00,5034.31,5038.28,5028.26,5037.17
2026.01.27 01:10:00,5037.18,5041.02,5029.66,5039.86
2026.01.27 01:15:00,5039.87,5049.14,5036.5,5046.94
2026.01.27 01:20:00,5046.76,5049.7,5042.92,5045.53
2026.01.27 01:25:00,5045.64,5046.12,5041.72,5045.08
2026.01.27 01:30:00,5045.17,5046.85,5040.43,5043.73
2026.01.27 01:35:00,5043.7,5052.53,5043.34,5052.36
2026.01.27 01:40:00,5052.34,5057.48,5050.34,5056.59
2026.01.27 01:45:00,5056.46,5061.35,5056.46,5056.74
2026.01.27 01:50:00,5056.73,5056.8,5048.62,5049.31
2026.01.27 01:55:00,5049.3,5051.52,5043.15,5043.3
2026.01.27 02:00:00,5043.33,5049.2,5038.47,5048.03
2026.01.27 02:05:00,5048.03,5053.65,5047.1,5047.52
2026.01.27 02:10:00,5047.46,5052.94,5046.8,5052.25
2026.01.27 02:15:00,5052.29,5054.03,5050.36,5051.56
2026.01.27 02:20:00,5051.6,5051.72,5046.26,5047
2026.01.27 02:25:00,5047.03,5050.4,5044.33,5044.82
2026.01.27 02:30:00,5044.86,5049.74,5043.99,5045.67
2026.01.27 02:35:00,5045.66,5046.26,5038.8,5040.56
2026.01.27 02:40:00,5040.55,5042.63,5028.81,5031.9
2026.01.27 02:45:00,5031.89,5033.2,5022.02,5023.36
2026.01.27 02:50:00,5023.39,5024.67,5013.09,5022.68
2026.01.27 02:55:00,5022.67,5035.35,5022.57,5032.67
2026.01.27 03:00:00,5032.68,5034.55,5018.63,5033.97
2026.01.27 03:05:00,5033.86,5051.7,5033.33,5048.15
2026.01.27 03:10:00,5048.19,5071.45,5048.14,5071.32
2026.01.27 03:15:00,5071.3,5076.13,5062.84,5064.37
2026.01.27 03:20:00,5064.32,5070.85,5063.21,5068.37
2026.01.27 03:25:00,5068.34,5069.76,5063.75,5066.63
2026.01.27 03:30:00,5066.65,5071.15,5060.37,5062.95
2026.01.27 03:35:00,5062.96,5070.06,5058.88,5060.34
2026.01.27 03:40:00,5060.31,5063.85,5053.87,5063.85
2026.01.27 03:45:00,5063.7,5064.53,5056.92,5062.38
2026.01.27 03:50:00,5062.49,5067.01,5061.59,5064.53
2026.01.27 03:55:00,5064.72,5065.52,5058.5,5060.29
2026.01.27 04:00:00,5060.15,5061.16,5048.4,5057.78
2026.01.27 04:05:00,5057.77,5066.88,5057.36,5065.49
2026.01.27 04:10:00,5065.5,5067.76,5060.99,5063.86
2026.01.27 04:15:00,5063.9,5070.48,5062.7,5063.77
2026.01.27 04:20:00,5063.74,5068.34,5060.36,5067.96
2026.01.27 04:25:00,5067.93,5069.43,5064.28,5067.95
2026.01.27 04:30:00,5068.04,5073.49,5066.77,5070.31
2026.01.27 04:35:00,5070.29,5075.73,5067.44,5074.39
2026.01.27 04:40:00,5074.36,5079.83,5073.68,5079.07
2026.01.27 04:45:00,5078.95,5079.74,5074.32,5077.19
2026.01.27 04:50:00,5077.17,5078.32,5065.47,5066
2026.01.27 04:55:00,5066.02,5073.45,5065.82,5072.31
2026.01.27 05:00:00,5072.3,5073.73,5065.61,5066.13
2026.01.27 05:05:00,5066.11,5071.17,5063.41,5070.25
2026.01.27 05:10:00,5070.17,5070.33,5064.22,5066.06
2026.01.27 05:15:00,5066.04,5069.47,5060.1,5067.57
2026.01.27 05:20:00,5067.56,5072.58,5067.36,5070.59
2026.01.27 05:25:00,5070.63,5072.04,5063.83,5064.78
2026.01.27 05:30:00,5064.77,5070.41,5064.11,5067.34
2026.01.27 05:35:00,5067.39,5074.55,5066.11,5073.94
2026.01.27 05:40:00,5073.93,5076.41,5073.52,5074.72
2026.01.27 05:45:00,5074.67,5076.42,5073.26,5076.14
2026.01.27 05:50:00,5076.13,5076.57,5071.23,5074.39
2026.01.27 05:55:00,5074.37,5079.16,5071.86,5076.74
2026.01.27 06:00:00,5076.59,5078.87,5075.55,5075.97
2026.01.27 06:05:00,5075.96,5077.05,5072.4,5072.41
2026.01.27 06:10:00,5072.52,5074.17,5068.47,5069.41
2026.01.27 06:15:00,5069.38,5076.14,5069.2,5074.22
2026.01.27 06:20:00,5074.23,5075.18,5072.9,5074.43
2026.01.27 06:25:00,5074.18,5075.8,5072.08,5074.68
2026.01.27 06:30:00,5074.67,5075.24,5071.98,5072.44
2026.01.27 06:35:00,5072.43,5072.43,5067.04,5067.97
2026.01.27 06:40:00,5068.05,5068.65,5061.33,5066.33
2026.01.27 06:45:00,5066.48,5067.15,5062.49,5065.3
2026.01.27 06:50:00,5065.24,5068.58,5062.18,5067.23
2026.01.27 06:55:00,5067.21,5070.9,5065.91,5067.87
2026.01.27 07:00:00,5067.78,5068.62,5060.1,5061.7
2026.01.27 07:05:00,5061.68,5063.54,5058.29,5060.38
2026.01.27 07:10:00,5060.37,5063.71,5057.44,5063.59
2026.01.27 07:15:00,5063.61,5064.49,5058.07,5060.3
2026.01.27 07:20:00,5060.29,5066.58,5058.55,5065.96
2026.01.27 07:25:00,5065.97,5066.86,5063.37,5064.36
2026.01.27 07:30:00,5064.37,5072.7,5059.83,5072.17
2026.01.27 07:35:00,5072.09,5072.7,5069.23,5070.37
2026.01.27 07:40:00,5070.45,5074.61,5068.73,5074.56
2026.01.27 07:45:00,5074.57,5082.24,5074.57,5079.9
2026.01.27 07:50:00,5079.84,5085.13,5078.13,5078.95
2026.01.27 07:55:00,5078.99,5084.02,5078.59,5082.93
2026.01.27 08:00:00,5082.91,5086.93,5082.16,5083.63
2026.01.27 08:05:00,5083.6,5085.79,5079.5,5082.05
2026.01.27 08:10:00,5082.07,5084.18,5076.62,5083.39
2026.01.27 08:15:00,5083.38,5083.43,5080.46,5081.34
2026.01.27 08:20:00,5081.32,5087.71,5079.39,5087.3
2026.01.27 08:25:00,5087.33,5087.82,5081.97,5082.21
2026.01.27 08:30:00,5082.26,5084.23,5078.92,5082.26
2026.01.27 08:35:00,5082.2,5085.14,5080.64,5082.98
2026.01.27 08:40:00,5082.97,5088.56,5082.97,5085.75
2026.01.27 08:45:00,5085.99,5093.37,5085.17,5089.16
2026.01.27 08:50:00,5089.37,5093.91,5088.82,5089.05
2026.01.27 08:55:00,5088.89,5088.89,5081.53,5085.82
2026.01.27 09:00:00,5085.86,5087.95,5082.24,5085.63
2026.01.27 09:05:00,5085.51,5094.55,5084.81,5093.39
2026.01.27 09:10:00,5093.4,5093.53,5084.66,5085.29
2026.01.27 09:15:00,5085.28,5090.66,5084.05,5085.88
2026.01.27 09:20:00,5085.86,5090.06,5085.01,5087.36
2026.01.27 09:25:00,5087.33,5089.56,5080.82,5087.83
2026.01.27 09:30:00,5087.88,5097.74,5087.88,5096.11
2026.01.27 09:35:00,5096.15,5099.78,5090.99,5096.12
2026.01.27 09:40:00,5096.1,5100.93,5092.14,5092.9
2026.01.27 09:45:00,5092.84,5096.31,5089.99,5091.7
2026.01.27 09:50:00,5091.73,5093.04,5088.22,5090.75
2026.01.27 09:55:00,5090.73,5091.79,5085.95,5086.12
2026.01.27 10:00:00,5086.08,5088.5,5082.58,5085.99
2026.01.27 10:05:00,5086.03,5086.56,5079.17,5083.64
2026.01.27 10:10:00,5083.67,5086.56,5080.91,5086.48
2026.01.27 10:15:00,5086.47,5087.71,5083.37,5086.37
2026.01.27 10:20:00,5086.38,5086.87,5082.34,5083.73
2026.01.27 10:25:00,5083.7,5083.82,5075.37,5077.45
2026.01.27 10:30:00,5077.49,5079.06,5073.29,5076.4
2026.01.27 10:35:00,5076.36,5082.16,5075.06,5079.12
2026.01.27 10:40:00,5078.92,5082.76,5077.14,5082.23
2026.01.27 10:45:00,5082.27,5085.29,5081.28,5083.54
2026.01.27 10:50:00,5083.51,5083.88,5077.46,5080.47
2026.01.27 10:55:00,5080.41,5083.74,5079.13,5079.32
2026.01.27 11:00:00,5079.12,5081.53,5077.84,5080.95
2026.01.27 11:05:00,5080.98,5083.16,5078.8,5082.12
2026.01.27 11:10:00,5082.08,5084.16,5081.25,5083.21
2026.01.27 11:15:00,5083.2,5086.52,5082.18,5085.98
2026.01.27 11:20:00,5085.97,5087.38,5084.77,5084.93
2026.01.27 11:25:00,5084.91,5088.48,5084.88,5088.13
2026.01.27 11:30:00,5088.15,5090.27,5085.83,5089.47
2026.01.27 11:35:00,5089.45,5094.14,5088.82,5092.8
2026.01.27 11:40:00,5092.81,5092.99,5087.96,5087.96
2026.01.27 11:45:00,5088.01,5089.91,5082.93,5088.29
2026.01.27 11:50:00,5088.26,5097.49,5088.21,5095.21
2026.01.27 11:55:00,5095.31,5099.52,5092.26,5098.29
2026.01.27 12:00:00,5098.35,5098.37,5094.08,5094.12
2026.01.27 12:05:00,5094.11,5094.9,5091.28,5093.83
2026.01.27 12:10:00,5093.95,5098.03,5090.97,5096.63
2026.01.27 12:15:00,5096.62,5098.01,5092.93,5094.03
2026.01.27 12:20:00,5094,5094.04,5088.22,5089.79
2026.01.27 12:25:00,5089.75,5090.93,5087.34,5088.21
2026.01.27 12:30:00,5088.01,5088.47,5081.88,5084.08
2026.01.27 12:35:00,5084.13,5089.11,5083.65,5088.3
2026.01.27 12:40:00,5088.31,5089.1,5084.54,5084.54
2026.01.27 12:45:00,5084.7,5085.76,5081.78,5084.12
2026.01.27 12:50:00,5084.09,5085.13,5082.68,5083.44
2026.01.27 12:55:00,5083.42,5087.07,5082.75,5086.13
2026.01.27 13:00:00,5086.14,5088.04,5083.25,5086.45
2026.01.27 13:05:00,5086.38,5089.05,5084.92,5088.46
2026.01.27 13:10:00,5088.43,5090.35,5085.66,5090.25
2026.01.27 13:15:00,5090.26,5090.9,5085.63,5085.88
2026.01.27 13:20:00,5085.86,5087.82,5084.73,5085.8
2026.01.27 13:25:00,5085.81,5087.36,5085.61,5086.74
2026.01.27 13:30:00,5086.78,5088,5083.16,5085.7
2026.01.27 13:35:00,5085.58,5087.86,5085.31,5087.04
2026.01.27 13:40:00,5087.03,5087.22,5085.08,5085.7
2026.01.27 13:45:00,5085.67,5085.79,5074.53,5075.42
2026.01.27 13:50:00,5075.5,5077.38,5065.76,5072.13
2026.01.27 13:55:00,5072.17,5079.25,5071.37,5076.72
2026.01.27 14:00:00,5076.65,5080.41,5075.3,5076.33
2026.01.27 14:05:00,5076.36,5082.58,5076.36,5079.92
2026.01.27 14:10:00,5079.93,5081.78,5077.9,5080.89
2026.01.27 14:15:00,5080.83,5081.08,5076.63,5077
2026.01.27 14:20:00,5076.97,5078.36,5073.12,5076.2
2026.01.27 14:25:00,5076.22,5079.5,5074.37,5078.82
2026.01.27 14:30:00,5078.86,5088.68,5078.05,5087.21
2026.01.27 14:35:00,5087.14,5089.76,5085.56,5085.84
2026.01.27 14:40:00,5085.91,5090.38,5085.62,5089.02
2026.01.27 14:45:00,5089.01,5091.1,5084.91,5085.01
2026.01.27 14:50:00,5085.04,5087.7,5083.33,5083.62
2026.01.27 14:55:00,5083.64,5086.05,5081.21,5084.88
2026.01.27 15:00:00,5084.9,5092.25,5084.37,5088.65
2026.01.27 15:05:00,5088.59,5088.69,5082.54,5083.28
2026.01.27 15:10:00,5083,5091.73,5078.12,5090.13
2026.01.27 15:15:00,5090.09,5092.91,5085.97,5088.76
2026.01.27 15:20:00,5088.88,5089.37,5083.96,5085.78
2026.01.27 15:25:00,5085.79,5085.83,5075.97,5080.95
2026.01.27 15:30:00,5080.67,5085.67,5074.63,5076.59
2026.01.27 15:35:00,5076.58,5080.41,5073.63,5079.25
2026.01.27 15:40:00,5079.24,5079.24,5069.15,5073.36
2026.01.27 15:45:00,5073.34,5078.59,5072.39,5075.04
2026.01.27 15:50:00,5075.05,5082.38,5071.11,5080.75
2026.01.27 15:55:00,5080.74,5080.96,5077.04,5077.32
2026.01.27 16:00:00,5077.34,5077.38,5067.16,5067.47
2026.01.27 16:05:00,5067.46,5070.85,5058.32,5069.31
2026.01.27 16:10:00,5069.29,5071.73,5054.96,5059.98
2026.01.27 16:15:00,5060.01,5063.69,5046.13,5054.5
2026.01.27 16:20:00,5054.74,5063.43,5052.13,5059.75
2026.01.27 16:25:00,5059.77,5066.07,5058.94,5058.99
2026.01.27 16:30:00,5059.53,5072.29,5058.87,5066.61
2026.01.27 16:35:00,5066.43,5077.16,5063.14,5068.23
2026.01.27 16:40:00,5068.3,5082.53,5066.51,5079.29
2026.01.27 16:45:00,5079.33,5079.63,5061.96,5065.05
2026.01.27 16:50:00,5065.11,5067.42,5056.63,5063.23
2026.01.27 16:55:00,5063.16,5063.27,5050.84,5054.71
2026.01.27 17:00:00,5054.04,5068.45,5046.69,5063.03
2026.01.27 17:05:00,5062.8,5070.23,5060.16,5063.93
2026.01.27 17:10:00,5063.92,5070.48,5050.98,5057.32
2026.01.27 17:15:00,5057.3,5074.37,5055.88,5071.01
2026.01.27 17:20:00,5071.06,5075.73,5067.6,5075.18
2026.01.27 17:25:00,5075.14,5077.2,5067.37,5069.15
2026.01.27 17:30:00,5069.04,5080.04,5068.53,5077.71
2026.01.27 17:35:00,5077.76,5086.83,5077.04,5083.2
2026.01.27 17:40:00,5083.18,5083.18,5078.28,5080.61
2026.01.27 17:45:00,5080.63,5086.83,5079.79,5085.66
2026.01.27 17:50:00,5085.71,5087.93,5082.97,5084.46
2026.01.27 17:55:00,5084.45,5091.34,5081.71,5091.06
2026.01.27 18:00:00,5090.82,5091.87,5084.91,5085.67
2026.01.27 18:05:00,5085.75,5092.37,5083.68,5090.5
2026.01.27 18:10:00,5090.59,5098.72,5090.45,5094.9
2026.01.27 18:15:00,5094.91,5101.23,5093.55,5100
2026.01.27 18:20:00,5100.03,5103.37,5093.53,5094.03
2026.01.27 18:25:00,5094.04,5099.5,5093.86,5098.58
2026.01.27 18:30:00,5098.59,5099.56,5091.03,5092.54
2026.01.27 18:35:00,5092.56,5094.38,5089.48,5091.95
2026.01.27 18:40:00,5091.89,5098.35,5085.83,5088.4
2026.01.27 18:45:00,5088.34,5090.84,5086.22,5088.83
2026.01.27 18:50:00,5088.9,5091.94,5087.19,5089.42
2026.01.27 18:55:00,5089.4,5089.78,5083.28,5087.46
2026.01.27 19:00:00,5087.41,5088.8,5082.42,5083.87
2026.01.27 19:05:00,5083.86,5086.86,5080.26,5086.4
2026.01.27 19:10:00,5086.35,5093.43,5085,5091.4
2026.01.27 19:15:00,5091.45,5094.11,5078.94,5082.91
2026.01.27 19:20:00,5082.9,5086.86,5081.2,5084.12
2026.01.27 19:25:00,5084.21,5088.32,5083.39,5087.41
2026.01.27 19:30:00,5087.63,5089.58,5084.49,5086.45
2026.01.27 19:35:00,5086.37,5087.86,5080.88,5084.37
2026.01.27 19:40:00,5084.36,5084.97,5078.32,5081.93
2026.01.27 19:45:00,5081.94,5085.38,5076.39,5078.48
2026.01.27 19:50:00,5078.43,5084.68,5076.45,5082.15
2026.01.27 19:55:00,5082.13,5085.73,5080.33,5081.21
2026.01.27 20:00:00,5081.14,5087.3,5081.13,5082.37
2026.01.27 20:05:00,5082.36,5082.36,5076.07,5081.2
2026.01.27 20:10:00,5081.25,5085.16,5079.7,5081.45
2026.01.27 20:15:00,5081.5,5087.1,5080.48,5083.36
2026.01.27 20:20:00,5083.19,5085.97,5079.86,5081.12
2026.01.27 20:25:00,5081.31,5088.64,5078.63,5084.81
2026.01.27 20:30:00,5084.77,5091.87,5084.74,5088.55
2026.01.27 20:35:00,5088.49,5091.87,5088.17,5089.8
2026.01.27 20:40:00,5089.83,5090.03,5085.83,5088.21
2026.01.27 20:45:00,5088.18,5092.25,5087.73,5092.18
2026.01.27 20:50:00,5092.15,5095.24,5092.05,5092.25
2026.01.27 20:55:00,5092.21,5095.38,5087.34,5087.95
2026.01.27 21:00:00,5087.89,5087.89,5082.87,5086.59
2026.01.27 21:05:00,5086.58,5087.16,5080.89,5085.41
2026.01.27 21:10:00,5085.43,5088.96,5082.21,5087.17
2026.01.27 21:15:00,5087.13,5088.66,5085.3,5087.96
2026.01.27 21:20:00,5087.95,5090.59,5087.07,5090.17
2026.01.27 21:25:00,5090.15,5091.06,5085.68,5087.77
2026.01.27 21:30:00,5087.68,5091.21,5087.36,5089.52
2026.01.27 21:35:00,5089.51,5091.23,5088.38,5090.1
2026.01.27 21:40:00,5090.09,5093.2,5089.34,5092.79
2026.01.27 21:45:00,5092.86,5093.17,5090.78,5090.97
2026.01.27 21:50:00,5091,5094.7,5090.39,5094.33
2026.01.27 21:55:00,5094.3,5100.17,5094.09,5098.96
2026.01.27 22:00:00,5098.97,5121.18,5097.81,5118.94
2026.01.27 22:05:00,5118.95,5126.65,5114.4,5125.28
2026.01.27 22:10:00,5125.26,5143.3,5122.5,5141.51
2026.01.27 22:15:00,5141.5,5142.97,5131.68,5139.82
2026.01.27 22:20:00,5139.78,5151.44,5135.63,5137.8
2026.01.27 22:25:00,5137.79,5144.51,5133.35,5141.49
2026.01.27 22:30:00,5141.48,5148.67,5132.53,5143.22
2026.01.27 22:35:00,5143.23,5147.47,5139.42,5143.72
2026.01.27 22:40:00,5143.8,5150.84,5136.09,5142.14
2026.01.27 22:45:00,5142.01,5168.78,5141.79,5160.24
2026.01.27 22:50:00,5160.28,5177.14,5152.41,5176.67
2026.01.27 22:55:00,5176.45,5182.44,5167.83,5176.61
2026.01.27 23:00:00,5176.63,5188.21,5170.51,5177.89
2026.01.27 23:05:00,5177.93,5185.37,5173.43,5180.75
2026.01.27 23:10:00,5180.63,5186.62,5172.46,5176.31
2026.01.27 23:15:00,5176.32,5180.5,5173.94,5176.78
2026.01.27 23:20:00,5177.04,5179.28,5171.75,5173.79
2026.01.27 23:25:00,5173.72,5177.73,5169.34,5173.8
2026.01.27 23:30:00,5173.47,5175.74,5170.95,5175.01
2026.01.27 23:35:00,5174.48,5182.11,5174.26,5181.47
2026.01.27 23:40:00,5181.51,5186.41,5178.75,5184.68
2026.01.27 23:45:00,5184.66,5190.33,5179.91,5189.37
2026.01.27 23:50:00,5189.36,5189.36,5174.19,5176.25
2026.01.27 23:55:00,5176.07,5182.68,5174.38,5180.35
2026.01.28 01:00:00,5179.67,5183.58,5167.47,5181.94
2026.01.28 01:05:00,5181.91,5184.18,5176.65,5179.31
2026.01.28 01:10:00,5179.21,5179.6,5167.35,5170.87
2026.01.28 01:15:00,5170.71,5172.31,5165.41,5166.46
2026.01.28 01:20:00,5166.36,5168.75,5158.97,5163.07
2026.01.28 01:25:00,5163.12,5173.12,5162.17,5170.33
2026.01.28 01:30:00,5170.28,5172.23,5164.93,5165.97
2026.01.28 01:35:00,5165.98,5167.49,5164.38,5165.73
2026.01.28 01:40:00,5165.42,5169.84,5163.68,5164.06
2026.01.28 01:45:00,5164.14,5172.05,5163.63,5170.53
2026.01.28 01:50:00,5170.54,5174.87,5167.97,5173.18
2026.01.28 01:55:00,5173.26,5176.66,5170.46,5172.36
2026.01.28 02:00:00,5172.24,5173.11,5159.62,5159.79
2026.01.28 02:05:00,5159.83,5168.04,5157.04,5167.05
2026.01.28 02:10:00,5167.04,5167.57,5162.62,5165.54
2026.01.28 02:15:00,5165.6,5166.8,5161.54,5164.14
2026.01.28 02:20:00,5164.12,5164.47,5159.99,5163.63
2026.01.28 02:25:00,5163.53,5163.53,5161.34,5162.98
2026.01.28 02:30:00,5162.99,5166.59,5162.99,5166.24
2026.01.28 02:35:00,5166.25,5170.37,5165.51,5169.3
2026.01.28 02:40:00,5169.29,5169.54,5165.94,5168.08
2026.01.28 02:45:00,5168.34,5172.6,5168.11,5170.58
2026.01.28 02:50:00,5170.58,5178.38,5169.96,5177.45
2026.01.28 02:55:00,5177.44,5180.07,5171.54,5171.71
2026.01.28 03:00:00,5171.51,5187.47,5168.71,5186.2
2026.01.28 03:05:00,5186.23,5202.04,5181.51,5196.68
2026.01.28 03:10:00,5196.72,5196.72,5174.9,5190.51
2026.01.28 03:15:00,5190.4,5193.22,5183.24,5183.61
2026.01.28 03:20:00,5183.56,5191.7,5181.67,5190.36
2026.01.28 03:25:00,5190.33,5196.21,5182.31,5194
2026.01.28 03:30:00,5193.71,5196.07,5185.65,5187.56
2026.01.28 03:35:00,5187.54,5201.82,5186.26,5199.06
2026.01.28 03:40:00,5199.04,5215.42,5198.94,5215.13
2026.01.28 03:45:00,5215.18,5223.89,5214.8,5220.52
2026.01.28 03:50:00,5220.53,5225,5216.98,5219.6
2026.01.28 03:55:00,5219.52,5219.79,5204.33,5204.63
2026.01.28 04:00:00,5204.62,5217.81,5202.77,5207.51
2026.01.28 04:05:00,5207.54,5213.87,5203.05,5211.96
2026.01.28 04:10:00,5212.03,5213.23,5200.67,5209.93
2026.01.28 04:15:00,5209.92,5213.36,5207.8,5212.64
2026.01.28 04:20:00,5212.51,5216.59,5208.73,5215.82
2026.01.28 04:25:00,5215.86,5221.71,5214.05,5218.33
2026.01.28 04:30:00,5218.32,5229.69,5216.57,5224.13
2026.01.28 04:35:00,5224.11,5227.01,5221.77,5222.28
2026.01.28 04:40:00,5222.27,5227.19,5219.02,5221.5
2026.01.28 04:45:00,5221.55,5229.39,5220.82,5228.12
2026.01.28 04:50:00,5228.13,5234.29,5223.39,5233.88
2026.01.28 04:55:00,5234.05,5234.05,5227.3,5231.79
2026.01.28 05:00:00,5231.73,5237.04,5230.34,5236.48
2026.01.28 05:05:00,5236.64,5246.21,5236.37,5244.69
2026.01.28 05:10:00,5244.68,5247.92,5241.13,5243.37
2026.01.28 05:15:00,5243.48,5246.82,5238.31,5240.28
2026.01.28 05:20:00,5240.25,5244.76,5239.11,5240.22
2026.01.28 05:25:00,5240.22,5243.04,5236.23,5237.29
2026.01.28 05:30:00,5237.3,5239.82,5235.26,5236.68
2026.01.28 05:35:00,5236.7,5237.03,5228.74,5230.51
2026.01.28 05:40:00,5230.5,5233.58,5224.33,5233.27
2026.01.28 05:45:00,5233.23,5240.34,5231.73,5240.11
2026.01.28 05:50:00,5240.1,5244.4,5237.55,5238.52
2026.01.28 05:55:00,5238.67,5239.38,5230.47,5234.98
2026.01.28 06:00:00,5234.87,5240.86,5233.43,5239.47
2026.01.28 06:05:00,5239.28,5239.75,5235.5,5236.75
2026.01.28 06:10:00,5236.78,5237.14,5232.89,5235.29
2026.01.28 06:15:00,5235.34,5235.58,5232.29,5233.74
2026.01.28 06:20:00,5233.66,5240.48,5233.66,5238.21
2026.01.28 06:25:00,5238.22,5241.21,5236.61,5238.08
2026.01.28 06:30:00,5238.09,5240.45,5237.35,5237.74
2026.01.28 06:35:00,5237.75,5239.32,5234.49,5239.31
2026.01.28 06:40:00,5239.35,5241.54,5238.55,5239.94
2026.01.28 06:45:00,5239.98,5240.97,5233.33,5239.78
2026.01.28 06:50:00,5239.75,5243.82,5238.64,5243.17
2026.01.28 06:55:00,5243.16,5248.93,5242.08,5245.55
2026.01.28 07:00:00,5245.59,5248.62,5241.2,5247.8
2026.01.28 07:05:00,5247.82,5254.2,5247.43,5253.84
2026.01.28 07:10:00,5253.57,5257.29,5250.52,5253.73
2026.01.28 07:15:00,5253.71,5257.96,5252.8,5257.61
2026.01.28 07:20:00,5257.65,5260.9,5254.81,5257
2026.01.28 07:25:00,5257.04,5261.81,5251.68,5259.06
2026.01.28 07:30:00,5259.03,5262.44,5250.14,5255.02
2026.01.28 07:35:00,5255.01,5259.82,5253.82,5259.5
2026.01.28 07:40:00,5259.42,5266.35,5258.88,5264.79
2026.01.28 07:45:00,5264.82,5266.33,5260.38,5264.88
2026.01.28 07:50:00,5264.86,5265.25,5257.48,5258.84
2026.01.28 07:55:00,5258.8,5264,5257.06,5261.04
2026.01.28 08:00:00,5261.16,5263.02,5257.39,5257.79
2026.01.28 08:05:00,5257.86,5258.48,5252.17,5256.99
2026.01.28 08:10:00,5256.98,5261.57,5255.83,5261.5
2026.01.28 08:15:00,5261.54,5264.94,5259.06,5264.71
2026.01.28 08:20:00,5264.63,5265.78,5258.94,5259.73
2026.01.28 08:25:00,5259.65,5259.78,5251.74,5255.63
2026.01.28 08:30:00,5255.68,5262.13,5254.9,5258.58
2026.01.28 08:35:00,5258.55,5264.87,5257.86,5258.48
2026.01.28 08:40:00,5258.5,5263.51,5257.77,5261.64
2026.01.28 08:45:00,5261.66,5263.07,5256.83,5262.21
2026.01.28 08:50:00,5262.23,5271.32,5261.75,5266.58
2026.01.28 08:55:00,5266.6,5270.38,5262.67,5269.7
2026.01.28 09:00:00,5269.65,5270.05,5262.96,5268.64
2026.01.28 09:05:00,5268.68,5273.88,5264.65,5272.1
2026.01.28 09:10:00,5272.12,5275.66,5270.26,5273.79
2026.01.28 09:15:00,5273.77,5281.46,5272.57,5280.16
2026.01.28 09:20:00,5280.24,5283.95,5274.38,5278.66
2026.01.28 09:25:00,5278.69,5284.01,5278.67,5281.16
2026.01.28 09:30:00,5281.14,5285.54,5278.59,5280.16
2026.01.28 09:35:00,5280.17,5281.48,5271.76,5279.9
2026.01.28 09:40:00,5279.95,5281.91,5277.7,5281.35
2026.01.28 09:45:00,5281.34,5288.73,5278.04,5288.26
2026.01.28 09:50:00,5288.21,5292.88,5284.49,5290.15
2026.01.28 09:55:00,5290.12,5291.84,5288.33,5290.23
2026.01.28 10:00:00,5290.16,5296.57,5286.16,5296.07
2026.01.28 10:05:00,5296.13,5299.57,5292.25,5294.64
2026.01.28 10:10:00,5294.63,5297.5,5289.09,5293.32
2026.01.28 10:15:00,5293.3,5294.31,5288.88,5291.58
2026.01.28 10:20:00,5291.8,5294.43,5290.67,5292.64
2026.01.28 10:25:00,5292.66,5301.37,5292.43,5299.14
2026.01.28 10:30:00,5299.24,5311.61,5297.95,5305.38
2026.01.28 10:35:00,5305.42,5306.89,5295.51,5296.89
2026.01.28 10:40:00,5296.91,5299.37,5289.58,5289.88
2026.01.28 10:45:00,5289.89,5290.03,5280.01,5284.46
2026.01.28 10:50:00,5284.44,5295.78,5283.16,5292.95
2026.01.28 10:55:00,5293.03,5296.08,5290.31,5293.71
2026.01.28 11:00:00,5293.54,5297.44,5291.56,5291.73
2026.01.28 11:05:00,5291.74,5294.39,5287.61,5293.96
2026.01.28 11:10:00,5293.97,5295.41,5280.36,5281.89
2026.01.28 11:15:00,5281.88,5281.98,5271.37,5277.92
2026.01.28 11:20:00,5278.04,5279.23,5268.4,5269.7
2026.01.28 11:25:00,5269.67,5279.42,5269.62,5275.62
2026.01.28 11:30:00,5275.55,5280.31,5269.48,5280.16
2026.01.28 11:35:00,5280.17,5280.38,5274.05,5275.77
2026.01.28 11:40:00,5275.75,5278.51,5262.57,5266.76
2026.01.28 11:45:00,5266.79,5274.49,5266.79,5274.28
2026.01.28 11:50:00,5274.27,5277.47,5273.95,5275.55
2026.01.28 11:55:00,5275.54,5278.88,5274.86,5277.99
2026.01.28 12:00:00,5278,5280.79,5275.38,5275.96
2026.01.28 12:05:00,5275.95,5282.42,5272.51,5281.67
2026.01.28 12:10:00,5281.54,5285.44,5279.58,5282.25
2026.01.28 12:15:00,5282.24,5282.27,5276.46,5277.32
2026.01.28 12:20:00,5277.34,5281.16,5276.73,5279.17
2026.01.28 12:25:00,5279.15,5280.37,5275.74,5278.34
2026.01.28 12:30:00,5278.61,5278.79,5273.06,5273.67
2026.01.28 12:35:00,5273.71,5274.23,5269.3,5272.92
2026.01.28 12:40:00,5273.1,5275.84,5270.35,5274.43
2026.01.28 12:45:00,5274.59,5277.71,5272.52,5275.8
2026.01.28 12:50:00,5276.04,5281.24,5273.42,5279.74
2026.01.28 12:55:00,5279.77,5279.95,5269.72,5269.8
2026.01.28 13:00:00,5270.08,5270.67,5242.97,5243.41
2026.01.28 13:05:00,5243.52,5256.2,5238.1,5251.49
2026.01.28 13:10:00,5251.55,5261.3,5250.64,5260.45
2026.01.28 13:15:00,5260.27,5261.96,5253.05,5254.05
2026.01.28 13:20:00,5254.03,5256.88,5246.08,5256.07
2026.01.28 13:25:00,5256.06,5261.29,5253.46,5259.19
2026.01.28 13:30:00,5259.43,5262.06,5253.37,5255.49
2026.01.28 13:35:00,5255.5,5259.41,5251.97,5258.61
2026.01.28 13:40:00,5258.57,5262.23,5258.56,5261.19
2026.01.28 13:45:00,5261.26,5265.78,5260.51,5265.34
2026.01.28 13:50:00,5265.32,5267.74,5260.15,5261.45
2026.01.28 13:55:00,5261.38,5264.21,5259.33,5261.58
2026.01.28 14:00:00,5261.58,5264.05,5255.18,5255.86
2026.01.28 14:05:00,5255.91,5256.37,5251.35,5255.85
2026.01.28 14:10:00,5255.75,5263.35,5253.7,5261.19
2026.01.28 14:15:00,5261.18,5264.74,5258.25,5261.54
2026.01.28 14:20:00,5261.56,5268.76,5260.61,5267.4
2026.01.28 14:25:00,5267.41,5268.05,5259.75,5261.17
2026.01.28 14:30:00,5261.44,5265.31,5261.21,5264.38
2026.01.28 14:35:00,5264.23,5270.29,5263.46,5270
2026.01.28 14:40:00,5269.97,5273.22,5266.97,5269.53
2026.01.28 14:45:00,5269.49,5271.57,5265.42,5267.61
2026.01.28 14:50:00,5267.58,5276.54,5266.09,5274.49
2026.01.28 14:55:00,5274.26,5279.19,5272.78,5279.06
2026.01.28 15:00:00,5279.1,5289.64,5275.59,5287.82
2026.01.28 15:05:00,5287.8,5288.02,5280.62,5280.62
2026.01.28 15:10:00,5280.65,5283.48,5268.2,5275.23
2026.01.28 15:15:00,5275.22,5279.46,5273.48,5275.84
2026.01.28 15:20:00,5275.76,5284.03,5273.3,5282.28
2026.01.28 15:25:00,5282.21,5285.74,5278.55,5281.27
2026.01.28 15:30:00,5281.2,5286.02,5274.27,5274.27
2026.01.28 15:35:00,5274.31,5274.33,5262.21,5264.03
2026.01.28 15:40:00,5263.82,5269.27,5258.94,5261.46
2026.01.28 15:45:00,5261.47,5268.2,5256.9,5266.35
2026.01.28 15:50:00,5266.32,5268.18,5261.9,5262.99
2026.01.28 15:55:00,5263.02,5268.61,5261.19,5266.44
2026.01.28 16:00:00,5266.47,5269.98,5258.09,5260.53
2026.01.28 16:05:00,5260.54,5261.29,5248.21,5258.67
2026.01.28 16:10:00,5258.64,5264.8,5258.03,5262.51
2026.01.28 16:15:00,5262.5,5266.2,5259.83,5265.94
2026.01.28 16:20:00,5266,5270.4,5263.17,5265.94
2026.01.28 16:25:00,5265.98,5270.35,5258.96,5259.14
2026.01.28 16:30:00,5259.17,5264.89,5250.22,5262.98
2026.01.28 16:35:00,5262.89,5282.02,5262.35,5281.6
2026.01.28 16:40:00,5281.73,5283.98,5272.69,5279.19
2026.01.28 16:45:00,5279.19,5280.37,5273.05,5277.4
2026.01.28 16:50:00,5277.35,5281.77,5269.21,5271.97
2026.01.28 16:55:00,5272.03,5288.69,5270.32,5285.9
2026.01.28 17:00:00,5285.63,5297.9,5285.31,5293.49
2026.01.28 17:05:00,5293.62,5297.7,5234.63,5242.07
2026.01.28 17:10:00,5241.9,5262.91,5241.48,5256.07
2026.01.28 17:15:00,5255.9,5268.05,5244.19,5256.25
2026.01.28 17:20:00,5256.23,5275.15,5254.87,5269.58
2026.01.28 17:25:00,5269.74,5271.51,5256.94,5269.34
2026.01.28 17:30:00,5269.03,5276.42,5266.23,5273.1
2026.01.28 17:35:00,5273.12,5278.77,5269.66,5274.31
2026.01.28 17:40:00,5274.33,5284.28,5273.85,5280.3
2026.01.28 17:45:00,5280.27,5281.64,5272.32,5275.72
2026.01.28 17:50:00,5275.78,5276.66,5267.01,5274.27
2026.01.28 17:55:00,5274.48,5281.4,5271.79,5278.12
2026.01.28 18:00:00,5278.19,5282.57,5274.4,5281.38
2026.01.28 18:05:00,5281.23,5289.46,5278.39,5283.44
2026.01.28 18:10:00,5283.53,5288.51,5281.05,5284.29
2026.01.28 18:15:00,5284.36,5293,5283.66,5287.36
2026.01.28 18:20:00,5287.41,5290.21,5282.37,5286.4
2026.01.28 18:25:00,5286.42,5288.67,5281.87,5287.19
2026.01.28 18:30:00,5287.37,5289.14,5275.94,5277.7
2026.01.28 18:35:00,5277.69,5287.54,5276.78,5283.04
2026.01.28 18:40:00,5283.05,5287.06,5280.24,5282.99
2026.01.28 18:45:00,5282.87,5297.14,5281.03,5293.29
2026.01.28 18:50:00,5293.38,5295.28,5287.47,5292.07
2026.01.28 18:55:00,5292.14,5300.19,5291.02,5299.69
2026.01.28 19:00:00,5299.68,5306.98,5299.67,5302.26
2026.01.28 19:05:00,5302.16,5303.59,5292.91,5295.19
2026.01.28 19:10:00,5295.2,5298.39,5294.04,5295.5
2026.01.28 19:15:00,5295.68,5297.39,5288.29,5293.08
2026.01.28 19:20:00,5293.06,5300.83,5290.14,5298.72
2026.01.28 19:25:00,5298.74,5304.16,5297.23,5302.51
2026.01.28 19:30:00,5302.52,5303.17,5293.1,5293.63
2026.01.28 19:35:00,5293.74,5297.91,5282.7,5285
2026.01.28 19:40:00,5285.1,5295.07,5284.97,5287.57
2026.01.28 19:45:00,5287.46,5291.22,5284.61,5289.19
2026.01.28 19:50:00,5289.21,5302.89,5289.21,5300.78
2026.01.28 19:55:00,5300.77,5304.62,5296.97,5298.14
2026.01.28 20:00:00,5298.16,5300.14,5292.38,5294.15
2026.01.28 20:05:00,5294.08,5305.2,5292.72,5304.59
2026.01.28 20:10:00,5304.6,5305.38,5295.02,5299.9
2026.01.28 20:15:00,5299.89,5311.98,5298.75,5310.43
2026.01.28 20:20:00,5310.48,5326.16,5310.32,5321.47
2026.01.28 20:25:00,5321.4,5323.09,5303.35,5305.39
2026.01.28 20:30:00,5305.53,5309.04,5275.14,5287.19
2026.01.28 20:35:00,5287.14,5289.76,5268.02,5273.59
2026.01.28 20:40:00,5273.52,5281.72,5270.41,5273.58
2026.01.28 20:45:00,5273.56,5281.08,5271.3,5278.57
2026.01.28 20:50:00,5278.59,5283.28,5273.2,5275.44
2026.01.28 20:55:00,5275.46,5284.25,5273.7,5283.52
2026.01.28 21:00:00,5283.24,5293.63,5268.47,5276.42
2026.01.28 21:05:00,5276.3,5283.27,5270.92,5281.09
2026.01.28 21:10:00,5281.08,5297.65,5277.92,5297.28
2026.01.28 21:15:00,5297.2,5302.17,5292.55,5296.6
2026.01.28 21:20:00,5296.63,5301.78,5288.92,5294.08
2026.01.28 21:25:00,5293.99,5296.09,5282.35,5283.03
2026.01.28 21:30:00,5283.07,5292.88,5280.27,5292.38
2026.01.28 21:35:00,5292.37,5306.34,5291.13,5301.06
2026.01.28 21:40:00,5301.15,5312.21,5293.03,5310.84
2026.01.28 21:45:00,5310.81,5320.01,5304.78,5315.91
2026.01.28 21:50:00,5316.01,5319.51,5310.73,5315.64
2026.01.28 21:55:00,5315.59,5332.37,5314.39,5325.16
2026.01.28 22:00:00,5325.28,5336.97,5324.61,5332
2026.01.28 22:05:00,5332.04,5338.77,5325.04,5331.98
2026.01.28 22:10:00,5331.97,5332.52,5321.91,5326.5
2026.01.28 22:15:00,5326.59,5339.03,5320.87,5338.65
2026.01.28 22:20:00,5338.67,5342.01,5332.79,5338.18
2026.01.28 22:25:00,5338.2,5355.66,5337.16,5354.6
2026.01.28 22:30:00,5354.43,5364.56,5352.89,5359.49
2026.01.28 22:35:00,5359.4,5378.15,5358.63,5376.06
2026.01.28 22:40:00,5376.05,5391.24,5374.3,5383.41
2026.01.28 22:45:00,5383.59,5391.63,5377.22,5388.49
2026.01.28 22:50:00,5388.31,5391,5366.99,5369.27
2026.01.28 22:55:00,5369.15,5383.29,5367.42,5376.76
2026.01.28 23:00:00,5376.77,5390.65,5376.77,5387.56
2026.01.28 23:05:00,5387.55,5396.49,5385.98,5392.2
2026.01.28 23:10:00,5392.19,5394.85,5378.77,5386.71
2026.01.28 23:15:00,5386.71,5390.51,5379.87,5386.14
2026.01.28 23:20:00,5385.95,5390.11,5383.41,5386.32
2026.01.28 23:25:00,5386.34,5390.05,5381.88,5384.39
2026.01.28 23:30:00,5384.36,5390.84,5380.74,5386.11
2026.01.28 23:35:00,5386.1,5387.84,5383.25,5383.8
2026.01.28 23:40:00,5383.78,5386.49,5382.86,5386.36
2026.01.28 23:45:00,5386.38,5401.79,5383.01,5399.09
2026.01.28 23:50:00,5399.13,5411.77,5391.02,5408.86
2026.01.28 23:55:00,5408.65,5419.08,5407.71,5414.46
2026.01.29 01:00:00,5421.43,5452.06,5419.38,5440.6
2026.01.29 01:05:00,5440.58,5456.29,5432.18,5452.34
2026.01.29 01:10:00,5452.05,5475.26,5448.61,5474.93
2026.01.29 01:15:00,5475.09,5495.75,5473.34,5491.9
2026.01.29 01:20:00,5491.63,5495.92,5471.72,5484.61
2026.01.29 01:25:00,5484.48,5491.58,5480.39,5490.12
2026.01.29 01:30:00,5490.23,5501.29,5489.13,5501.1
2026.01.29 01:35:00,5501.37,5597.6,5499.86,5593.63
2026.01.29 01:40:00,5593.61,5593.61,5525.73,5530.69
2026.01.29 01:45:00,5530.96,5543.17,5494.27,5496.43
2026.01.29 01:50:00,5496.21,5507.64,5485.83,5486.9
2026.01.29 01:55:00,5486.87,5530.22,5483.86,5512.9
2026.01.29 02:00:00,5512.76,5513,5452.37,5484.9
2026.01.29 02:05:00,5485.14,5510.78,5477.16,5503.56
2026.01.29 02:10:00,5503.54,5511.43,5488.2,5495.01
2026.01.29 02:15:00,5495.04,5501.28,5478.85,5483.48
2026.01.29 02:20:00,5483.26,5486.46,5463.59,5477.95
2026.01.29 02:25:00,5478.21,5501.61,5477.89,5497.59
2026.01.29 02:30:00,5497.64,5521.45,5494.54,5521.22
2026.01.29 02:35:00,5521.25,5527.18,5510.93,5518.4
2026.01.29 02:40:00,5518.5,5522.94,5492.61,5509.05
2026.01.29 02:45:00,5508.97,5520.11,5500.6,5503.12
2026.01.29 02:50:00,5503.08,5522.9,5502.53,5518.58
2026.01.29 02:55:00,5518.29,5522.77,5508.84,5520.31
2026.01.29 03:00:00,5520.39,5526.91,5467.04,5468.39
2026.01.29 03:05:00,5468.51,5480.66,5445.66,5446.81
2026.01.29 03:10:00,5447.09,5482.94,5446.25,5479.84
2026.01.29 03:15:00,5479.85,5501.07,5479.8,5499.77
2026.01.29 03:20:00,5499.85,5513.28,5486.35,5505.24
2026.01.29 03:25:00,5505.14,5512.59,5500.24,5507.17
2026.01.29 03:30:00,5507.13,5523.1,5507.13,5520.95
2026.01.29 03:35:00,5520.96,5525.24,5514.66,5524.09
2026.01.29 03:40:00,5524.03,5551.93,5523.31,5539.53
2026.01.29 03:45:00,5539.61,5547.32,5526.55,5537.07
2026.01.29 03:50:00,5537.33,5549.61,5534.62,5540.12
2026.01.29 03:55:00,5539.9,5547.72,5526.83,5545.46
2026.01.29 04:00:00,5545.4,5546.08,5503.93,5520.36
2026.01.29 04:05:00,5520.63,5527.26,5507.79,5515.97
2026.01.29 04:10:00,5515.82,5536.66,5515.82,5521.45
2026.01.29 04:15:00,5521.76,5522.33,5510.65,5517.35
2026.01.29 04:20:00,5517.4,5522.49,5510.06,5519.29
2026.01.29 04:25:00,5519.23,5525.88,5517.64,5525.6
2026.01.29 04:30:00,5525.7,5542.03,5525.54,5533.03
2026.01.29 04:35:00,5533.05,5549.83,5533.05,5536.45
2026.01.29 04:40:00,5536.41,5539.34,5518.42,5525.66
2026.01.29 04:45:00,5525.65,5540.7,5522.05,5539.92
2026.01.29 04:50:00,5539.93,5543.39,5530.18,5532.77
2026.01.29 04:55:00,5532.94,5540.19,5532.61,5535.91
2026.01.29 05:00:00,5535.71,5548.77,5507.16,5514.48
2026.01.29 05:05:00,5514.24,5526.31,5514.13,5523.63
2026.01.29 05:10:00,5523.93,5540.48,5522.13,5538.28
2026.01.29 05:15:00,5538.36,5540.37,5524.05,5528.37
2026.01.29 05:20:00,5528.4,5532.13,5521.91,5531.75
2026.01.29 05:25:00,5531.68,5535.3,5521.87,5522.06
2026.01.29 05:30:00,5522.18,5534.25,5522.16,5534.18
2026.01.29 05:35:00,5534.17,5537.9,5520.01,5522.19
2026.01.29 05:40:00,5522.14,5529.45,5520.28,5527.89
2026.01.29 05:45:00,5527.86,5539.6,5526.95,5537.95
2026.01.29 05:50:00,5537.65,5544.5,5532.43,5543.99
2026.01.29 05:55:00,5544.12,5548.93,5543.43,5545.65
2026.01.29 06:00:00,5545.61,5550.81,5536.15,5541.76
2026.01.29 06:05:00,5541.81,5552.64,5541.5,5547.14
2026.01.29 06:10:00,5547.14,5547.15,5533.69,5534.51
2026.01.29 06:15:00,5534.44,5542.03,5533.2,5541.33
2026.01.29 06:20:00,5541.16,5545.74,5538.7,5545.43
2026.01.29 06:25:00,5545.45,5550.38,5545.44,5546.71
2026.01.29 06:30:00,5546.69,5562.56,5545.07,5561.49
2026.01.29 06:35:00,5561.77,5564.43,5560.62,5563.43
2026.01.29 06:40:00,5563.45,5563.52,5551.76,5557.32
2026.01.29 06:45:00,5557.51,5560.77,5553.25,5559.35
2026.01.29 06:50:00,5559.38,5559.38,5551.08,5556.7
2026.01.29 06:55:00,5556.67,5561.39,5552.35,5558.18
2026.01.29 07:00:00,5558.08,5558.96,5550.05,5558.94
2026.01.29 07:05:00,5558.81,5560.94,5553.47,5558.39
2026.01.29 07:10:00,5558.63,5560.21,5550.32,5559.36
2026.01.29 07:15:00,5559.41,5560.36,5554.02,5554.35
2026.01.29 07:20:00,5554.33,5554.66,5515.58,5521.24
2026.01.29 07:25:00,5520.98,5541.97,5520.79,5541.97
2026.01.29 07:30:00,5541.94,5553.07,5540.58,5544.39
2026.01.29 07:35:00,5544.4,5554.06,5544.08,5553.74
2026.01.29 07:40:00,5553.69,5554.44,5543.36,5549.44
2026.01.29 07:45:00,5549.51,5563.25,5548.3,5558.27
2026.01.29 07:50:00,5558.22,5559.5,5552.37,5554.06
2026.01.29 07:55:00,5554.03,5564.44,5551.7,5562.39
2026.01.29 08:00:00,5562.46,5585.2,5562.38,5582.59
2026.01.29 08:05:00,5582.58,5588.05,5581.23,5586.65
2026.01.29 08:10:00,5586.68,5588.71,5578.19,5584.15
2026.01.29 08:15:00,5584.14,5584.89,5574.08,5579.41
2026.01.29 08:20:00,5579.4,5595.26,5579.4,5586.61
2026.01.29 08:25:00,5586.64,5591.4,5580.97,5585.9
2026.01.29 08:30:00,5585.79,5587.73,5577.65,5581.49
2026.01.29 08:35:00,5581.37,5586.53,5577.41,5583.64
2026.01.29 08:40:00,5583.68,5587,5581.21,5582.03
2026.01.29 08:45:00,5582.01,5585.02,5559.69,5573.17
2026.01.29 08:50:00,5573.46,5576.84,5566.44,5570.61
2026.01.29 08:55:00,5570.34,5570.89,5554.69,5561.49
2026.01.29 09:00:00,5561.53,5575.07,5561.19,5569
2026.01.29 09:05:00,5568.99,5573.34,5564.27,5569.15
2026.01.29 09:10:00,5569.17,5572.07,5560.64,5562.11
2026.01.29 09:15:00,5562.13,5564.88,5553.62,5564.72
2026.01.29 09:20:00,5564.54,5565.11,5550.22,5555.31
2026.01.29 09:25:00,5555.29,5556.84,5537.12,5541.47
2026.01.29 09:30:00,5541.75,5554.23,5541.59,5553.61
2026.01.29 09:35:00,5553.58,5557.92,5543.12,5543.51
2026.01.29 09:40:00,5543.55,5553.24,5542.62,5549.12
2026.01.29 09:45:00,5549.11,5552.4,5545.52,5548.79
2026.01.29 09:50:00,5548.8,5552.4,5546.39,5550.78
2026.01.29 09:55:00,5550.71,5551.97,5543.78,5548.96
2026.01.29 10:00:00,5548.97,5555.01,5532.04,5532.41
2026.01.29 10:05:00,5532.12,5540.21,5522.48,5529.33
2026.01.29 10:10:00,5529.36,5542.69,5528.15,5537.72
2026.01.29 10:15:00,5537.69,5542.71,5523.19,5529.18
2026.01.29 10:20:00,5529.23,5541.63,5528.12,5530.15
2026.01.29 10:25:00,5529.88,5531.38,5523.62,5530.12
2026.01.29 10:30:00,5530.09,5530.36,5517.21,5523.01
2026.01.29 10:35:00,5523.04,5528.34,5511.22,5511.41
2026.01.29 10:40:00,5511.43,5517.32,5475.55,5483.39
2026.01.29 10:45:00,5483.41,5507.05,5473.4,5506.08
2026.01.29 10:50:00,5506.09,5515.95,5504.36,5514.01
2026.01.29 10:55:00,5513.88,5517.01,5506.88,5509.65
2026.01.29 11:00:00,5509.55,5512.99,5497.9,5502.08
2026.01.29 11:05:00,5502.04,5515.6,5499.48,5510.39
2026.01.29 11:10:00,5510.39,5512.26,5504.2,5507.25
2026.01.29 11:15:00,5507.26,5508.05,5501.73,5505.94
2026.01.29 11:20:00,5505.76,5514.09,5499.61,5513.56
2026.01.29 11:25:00,5513.61,5519.63,5512.24,5516.03
2026.01.29 11:30:00,5516.04,5522.63,5512.35,5520.16
2026.01.29 11:35:00,5520.17,5523.06,5515.93,5522.64
2026.01.29 11:40:00,5522.71,5529.83,5521.71,5524.67
2026.01.29 11:45:00,5524.71,5527.73,5515.73,5521.97
2026.01.29 11:50:00,5521.99,5522.03,5512.79,5514.46
2026.01.29 11:55:00,5514.55,5516.24,5511.16,5513.93
2026.01.29 12:00:00,5513.94,5514.08,5507.37,5509.72
2026.01.29 12:05:00,5509.73,5512.96,5501.74,5511.6
2026.01.29 12:10:00,5511.59,5523.81,5509.77,5523.23
2026.01.29 12:15:00,5523.22,5525.08,5513.39,5513.68
2026.01.29 12:20:00,5513.79,5515.19,5505.19,5514.27
2026.01.29 12:25:00,5514.25,5514.52,5510.28,5510.28
2026.01.29 12:30:00,5510.3,5510.3,5497.31,5502.19
2026.01.29 12:35:00,5502.06,5509.91,5498.82,5509.62
2026.01.29 12:40:00,5509.73,5510.09,5507.02,5507.93
2026.01.29 12:45:00,5508.16,5508.73,5501.95,5505.77
2026.01.29 12:50:00,5505.87,5508.72,5502.29,5503.87
2026.01.29 12:55:00,5503.92,5505.06,5481.78,5483.25
2026.01.29 13:00:00,5483.33,5488.55,5470.58,5477.96
2026.01.29 13:05:00,5477.97,5495.9,5474.68,5494.43
2026.01.29 13:10:00,5494.54,5506.69,5494.38,5506.65
2026.01.29 13:15:00,5506.67,5513.03,5505.04,5506.77
2026.01.29 13:20:00,5506.8,5514.88,5506.68,5511.85
2026.01.29 13:25:00,5511.86,5516.21,5509.97,5515.58
2026.01.29 13:30:00,5515.57,5519.61,5510.76,5515.6
2026.01.29 13:35:00,5515.59,5519.37,5509.59,5509.98
2026.01.29 13:40:00,5509.99,5515.76,5508.38,5514.27
2026.01.29 13:45:00,5514.21,5528.81,5514.21,5524.7
2026.01.29 13:50:00,5524.67,5528.7,5522.21,5526.9
2026.01.29 13:55:00,5526.92,5528.43,5521.26,5522.54
2026.01.29 14:00:00,5522.48,5522.81,5518.27,5522.22
2026.01.29 14:05:00,5522.2,5526.13,5521.15,5522.35
2026.01.29 14:10:00,5522.36,5539.09,5521.24,5535.6
2026.01.29 14:15:00,5535.63,5539.93,5531.81,5531.84
2026.01.29 14:20:00,5532.02,5540.27,5528.26,5539.24
2026.01.29 14:25:00,5539.28,5542.96,5537.06,5540.53
2026.01.29 14:30:00,5540.55,5542.13,5537.16,5542.04
2026.01.29 14:35:00,5542.01,5542.27,5529.33,5531.75
2026.01.29 14:40:00,5531.78,5534.97,5526.11,5529.86
2026.01.29 14:45:00,5530.04,5537.53,5527.02,5534.39
2026.01.29 14:50:00,5534.64,5542.17,5533.54,5537.21
2026.01.29 14:55:00,5537.3,5539.27,5529.85,5534.21
2026.01.29 15:00:00,5534.33,5541.07,5527.99,5535.02
2026.01.29 15:05:00,5534.84,5537.33,5529.31,5532.33
2026.01.29 15:10:00,5532.35,5532.35,5513.69,5515.02
2026.01.29 15:15:00,5515.09,5521.69,5510.75,5518.39
2026.01.29 15:20:00,5518.27,5524.13,5508.23,5522.06
2026.01.29 15:25:00,5522.04,5525.28,5516.66,5519.6
2026.01.29 15:30:00,5519.33,5519.44,5507.96,5509.7
2026.01.29 15:35:00,5509.72,5517.84,5500.29,5517.77
2026.01.29 15:40:00,5518.04,5530.62,5516.54,5526.16
2026.01.29 15:45:00,5526.1,5526.6,5515.56,5516.91
2026.01.29 15:50:00,5516.84,5523.81,5510.45,5519.46
2026.01.29 15:55:00,5519.46,5520.48,5505.93,5510.21
2026.01.29 16:00:00,5510.37,5519.77,5510.37,5514.61
2026.01.29 16:05:00,5514.74,5538.89,5510.6,5536.84
2026.01.29 16:10:00,5537.11,5539.2,5526.36,5529.12
2026.01.29 16:15:00,5529.08,5531.95,5520.42,5523.25
2026.01.29 16:20:00,5523.29,5528.98,5516.92,5525.71
2026.01.29 16:25:00,5525.68,5549.44,5524.04,5543.54
2026.01.29 16:30:00,5543.56,5545.56,5519.91,5520.32
2026.01.29 16:35:00,5520.37,5537.03,5500.96,5531.64
2026.01.29 16:40:00,5531.89,5535.4,5511.87,5517.56
2026.01.29 16:45:00,5517.48,5522.26,5490.29,5515.89
2026.01.29 16:50:00,5515.74,5517.64,5497.54,5504.91
2026.01.29 16:55:00,5504.92,5516.15,5494.32,5497.04
2026.01.29 17:00:00,5497.33,5497.6,5439.72,5457.53
2026.01.29 17:05:00,5457.59,5471.97,5404.81,5413.42
2026.01.29 17:10:00,5413.57,5428.47,5364.82,5384.08
2026.01.29 17:15:00,5383.83,5387.85,5279.3,5332.34
2026.01.29 17:20:00,5332.61,5367.93,5293.45,5294.21
2026.01.29 17:25:00,5294.23,5310.98,5097.38,5190.77
2026.01.29 17:30:00,5190.51,5259.54,5129.95,5159.41
2026.01.29 17:35:00,5159.53,5235.11,5104.27,5204.16
2026.01.29 17:40:00,5204.33,5204.57,5107.24,5121.29
2026.01.29 17:45:00,5121.14,5185.13,5115.4,5165.84
2026.01.29 17:50:00,5165.67,5210.64,5163.14,5195.89
2026.01.29 17:55:00,5195.9,5196.82,5167.11,5182.67
2026.01.29 18:00:00,5182.51,5233.95,5171.61,5230.24
2026.01.29 18:05:00,5230.2,5257.88,5224,5247.4
2026.01.29 18:10:00,5247.51,5276.37,5237.4,5273.41
2026.01.29 18:15:00,5273.44,5274.62,5245.39,5263.72
2026.01.29 18:20:00,5263.69,5270.7,5235.17,5269.69
2026.01.29 18:25:00,5269.57,5297.12,5263.84,5289.85
2026.01.29 18:30:00,5289.47,5310.8,5278.36,5282.25
2026.01.29 18:35:00,5282.17,5285,5247.36,5247.36
2026.01.29 18:40:00,5247.59,5280.77,5244.49,5272.47
2026.01.29 18:45:00,5272.74,5278.4,5252.35,5273.48
2026.01.29 18:50:00,5273.47,5274.87,5228.23,5252.56
2026.01.29 18:55:00,5252.76,5264.42,5245.19,5264.09
2026.01.29 19:00:00,5264.2,5297.7,5264.06,5287.56
2026.01.29 19:05:00,5287.7,5298.49,5283.97,5291.61
2026.01.29 19:10:00,5291.62,5298.53,5279.83,5296.25
2026.01.29 19:15:00,5296.59,5338.73,5294.18,5337.16
2026.01.29 19:20:00,5337.24,5344.65,5325,5330.21
2026.01.29 19:25:00,5330.1,5367.57,5329.68,5362.27
2026.01.29 19:30:00,5362.16,5363.95,5337,5344.47
2026.01.29 19:35:00,5344.61,5374.59,5344.61,5363.63
2026.01.29 19:40:00,5363.41,5375.17,5357.22,5368.44
2026.01.29 19:45:00,5368.5,5371.66,5345.89,5358.99
2026.01.29 19:50:00,5359.07,5359.36,5330.02,5341.65
2026.01.29 19:55:00,5341.55,5342.85,5314.15,5334.99
2026.01.29 20:00:00,5334.99,5349.79,5333.78,5337.32
2026.01.29 20:05:00,5337.38,5355.65,5329.65,5349.59
2026.01.29 20:10:00,5349.68,5359.02,5337.81,5355.36
2026.01.29 20:15:00,5355.34,5358.93,5347.14,5352.66
2026.01.29 20:20:00,5352.97,5356.36,5319.7,5330.5
2026.01.29 20:25:00,5330.16,5338.48,5307.27,5330.4
2026.01.29 20:30:00,5330.43,5360.7,5321.92,5351.69
2026.01.29 20:35:00,5351.41,5360.2,5341.99,5354.09
2026.01.29 20:40:00,5354.1,5358.53,5334.57,5341.52
2026.01.29 20:45:00,5341.39,5360.25,5337.79,5359.1
2026.01.29 20:50:00,5359.18,5361.82,5349.87,5351.17
2026.01.29 20:55:00,5351.21,5352.58,5336.32,5338.77
2026.01.29 21:00:00,5338.85,5343.98,5321.05,5334.36
2026.01.29 21:05:00,5334.31,5345.08,5325.6,5335.06
2026.01.29 21:10:00,5335.12,5336.25,5303.47,5306.34
2026.01.29 21:15:00,5306.4,5332.63,5304.7,5319.03
2026.01.29 21:20:00,5319.14,5323.16,5307.57,5313.97
2026.01.29 21:25:00,5314.04,5323.72,5308.91,5318.38
2026.01.29 21:30:00,5318.21,5319.73,5290.5,5293.65
2026.01.29 21:35:00,5293.53,5324.69,5289.87,5312.43
2026.01.29 21:40:00,5312.41,5327.23,5304.55,5316.49
2026.01.29 21:45:00,5316.45,5325.59,5310.47,5315.92
2026.01.29 21:50:00,5315.9,5316.75,5298.85,5303.32
2026.01.29 21:55:00,5303.54,5314.66,5302.72,5305.66
2026.01.29 22:00:00,5305.55,5306.42,5282.51,5294.71
2026.01.29 22:05:00,5294.66,5304.55,5291.64,5298.04
2026.01.29 22:10:00,5297.79,5310.12,5293.91,5296.09
2026.01.29 22:15:00,5296.08,5312.7,5289.64,5309.91
2026.01.29 22:20:00,5309.94,5325.56,5305.99,5323.8
2026.01.29 22:25:00,5323.99,5326.13,5313.51,5318.57
2026.01.29 22:30:00,5318.59,5322.76,5309.65,5322.26
2026.01.29 22:35:00,5322.26,5347.79,5318.3,5347.04
2026.01.29 22:40:00,5347.03,5357.99,5343.55,5354.48
2026.01.29 22:45:00,5354.49,5371.89,5353.07,5371.59
2026.01.29 22:50:00,5371.6,5399.64,5371.35,5390.75
2026.01.29 22:55:00,5390.71,5407.59,5388.58,5394.01
2026.01.29 23:00:00,5394.04,5405.76,5392.66,5399.19
2026.01.29 23:05:00,5399.14,5403.71,5383.51,5387.91
2026.01.29 23:10:00,5387.82,5398.35,5381.54,5398.07
2026.01.29 23:15:00,5398.12,5399.87,5388.58,5394.87
2026.01.29 23:20:00,5394.99,5406.17,5393.13,5404.93
2026.01.29 23:25:00,5405.06,5425.42,5402.89,5411.18
2026.01.29 23:30:00,5411.27,5412.38,5401.76,5405.95
2026.01.29 23:35:00,5406.03,5407.79,5394.96,5401.73
2026.01.29 23:40:00,5401.58,5402.11,5377.93,5382.95
2026.01.29 23:45:00,5383.23,5397.74,5379,5394.69
2026.01.29 23:50:00,5394.79,5395.24,5379.12,5379.65
2026.01.29 23:55:00,5379.43,5382.85,5369.12,5377
2026.01.30 01:00:00,5385.09,5429.14,5375.86,5418.93
2026.01.30 01:05:00,5419.19,5448.52,5418.22,5437.91
2026.01.30 01:10:00,5437.87,5437.93,5421.74,5421.77
2026.01.30 01:15:00,5421.67,5427.84,5388.09,5399.64
2026.01.30 01:20:00,5399.63,5410.94,5394.46,5401.57
2026.01.30 01:25:00,5401.48,5420.84,5400.5,5416.05
2026.01.30 01:30:00,5415.99,5428.43,5406.2,5427.81
2026.01.30 01:35:00,5427.8,5429.5,5419.86,5424.07
2026.01.30 01:40:00,5424,5438.83,5421.57,5437.91
2026.01.30 01:45:00,5437.95,5443.96,5436.99,5442.64
2026.01.30 01:50:00,5442.66,5447.8,5432.86,5437.96
2026.01.30 01:55:00,5437.96,5441.57,5428.28,5437.96
2026.01.30 02:00:00,5437.97,5441.73,5431.41,5435.05
2026.01.30 02:05:00,5435.17,5450.6,5434.13,5446.67
2026.01.30 02:10:00,5446.71,5450.62,5441.87,5444.69
2026.01.30 02:15:00,5444.7,5450.38,5438.62,5448.87
2026.01.30 02:20:00,5449.04,5450.38,5434.7,5437.47
2026.01.30 02:25:00,5437.5,5441.43,5418.48,5426.36
2026.01.30 02:30:00,5426.34,5429.58,5413.19,5428.59
2026.01.30 02:35:00,5428.76,5436.04,5419.31,5421.37
2026.01.30 02:40:00,5421.38,5425.35,5405.09,5411.12
2026.01.30 02:45:00,5411.1,5415.15,5388.78,5401.02
2026.01.30 02:50:00,5401.07,5418.8,5400.14,5418.14
2026.01.30 02:55:00,5418.18,5420.55,5401.33,5406.6
2026.01.30 03:00:00,5406.75,5409.33,5376.61,5390.06
2026.01.30 03:05:00,5390.16,5392.85,5365.34,5366.91
2026.01.30 03:10:00,5366.94,5376.56,5301.29,5309.11
2026.01.30 03:15:00,5309.12,5336.01,5304.87,5332.49
2026.01.30 03:20:00,5332.79,5350.18,5331.93,5344.76
2026.01.30 03:25:00,5344.6,5363.5,5344.21,5357.03
2026.01.30 03:30:00,5356.93,5372.27,5344.15,5372.17
2026.01.30 03:35:00,5372.14,5372.65,5345.02,5354.65
2026.01.30 03:40:00,5354.66,5365.26,5348.36,5349.23
2026.01.30 03:45:00,5349.22,5349.22,5317.32,5329.25
2026.01.30 03:50:00,5329.28,5344.7,5328.17,5337.74
2026.01.30 03:55:00,5337.82,5338.65,5289.41,5301.03
2026.01.30 04:00:00,5301.05,5312.47,5278.67,5295.43
2026.01.30 04:05:00,5295.61,5306.34,5270.68,5273.17
2026.01.30 04:10:00,5273.23,5275.35,5195.35,5211.8
2026.01.30 04:15:00,5211.69,5214.23,5139.75,5145.47
2026.01.30 04:20:00,5145.2,5181.02,5111.48,5163.08
2026.01.30 04:25:00,5162.82,5191.86,5145.44,5171.04
2026.01.30 04:30:00,5171.1,5184.9,5138.57,5161.01
2026.01.30 04:35:00,5161.1,5221.92,5155.98,5210.48
2026.01.30 04:40:00,5210.47,5230.64,5203.92,5216.2
2026.01.30 04:45:00,5216.32,5244.07,5215.8,5238.86
2026.01.30 04:50:00,5238.91,5246.19,5213.17,5217.11
2026.01.30 04:55:00,5217.06,5231.62,5201.53,5223.94
2026.01.30 05:00:00,5224.08,5229.5,5198.15,5207.28
2026.01.30 05:05:00,5207.54,5207.83,5181.58,5203.79
2026.01.30 05:10:00,5203.8,5207.34,5166.58,5181.01
2026.01.30 05:15:00,5180.73,5196.62,5179.18,5189.91
2026.01.30 05:20:00,5189.88,5197.8,5172.3,5196.67
2026.01.30 05:25:00,5196.56,5205.89,5190.52,5199.02
2026.01.30 05:30:00,5199.05,5222.27,5179.79,5180.95
2026.01.30 05:35:00,5181.01,5189.19,5160.41,5171.26
2026.01.30 05:40:00,5171.22,5174.65,5151.88,5154.11
2026.01.30 05:45:00,5154.04,5174.72,5152.28,5166.52
2026.01.30 05:50:00,5166.48,5181.15,5148.13,5181.15
2026.01.30 05:55:00,5181.13,5199.43,5179.25,5196.01
2026.01.30 06:00:00,5195.77,5219.59,5193.16,5210.01
2026.01.30 06:05:00,5210.02,5222.62,5204.47,5208.24
2026.01.30 06:10:00,5208.19,5225.44,5204.69,5214.26
2026.01.30 06:15:00,5214.23,5229.29,5209.99,5224.53
2026.01.30 06:20:00,5224.56,5230.95,5202.67,5205.4
2026.01.30 06:25:00,5205.46,5212.41,5198.24,5210.01
2026.01.30 06:30:00,5210.08,5221.13,5205.65,5211.99
2026.01.30 06:35:00,5212.12,5226.49,5208.23,5219.98
2026.01.30 06:40:00,5219.95,5221.71,5202.11,5203.54
2026.01.30 06:45:00,5203.41,5212.55,5201.02,5209.41
2026.01.30 06:50:00,5209.4,5211.37,5199.6,5205.86
2026.01.30 06:55:00,5205.92,5216.59,5203.61,5214.31
2026.01.30 07:00:00,5214.3,5216.87,5206.64,5211.66
2026.01.30 07:05:00,5211.72,5211.8,5203.23,5204.04
2026.01.30 07:10:00,5204.03,5224.58,5203.3,5224
2026.01.30 07:15:00,5223.99,5240.45,5223.02,5232.39
2026.01.30 07:20:00,5232.35,5241.18,5229.61,5230.99
2026.01.30 07:25:00,5230.97,5238.82,5226.58,5229.69
2026.01.30 07:30:00,5229.66,5233.79,5212.59,5217.03
2026.01.30 07:35:00,5217.01,5239.95,5215.7,5230.2
2026.01.30 07:40:00,5229.93,5235.85,5224.7,5231.53
2026.01.30 07:45:00,5231.55,5235.04,5217.57,5218.73
2026.01.30 07:50:00,5218.74,5219.59,5211.8,5215.82
2026.01.30 07:55:00,5215.8,5215.83,5179.37,5184.25
2026.01.30 08:00:00,5184.3,5203.75,5180.34,5202.63
2026.01.30 08:05:00,5202.68,5202.68,5172.79,5192.92
2026.01.30 08:10:00,5193.02,5205.65,5184.71,5190.39
2026.01.30 08:15:00,5190.55,5191.08,5160.22,5172.67
2026.01.30 08:20:00,5172.63,5194.9,5171.44,5193.05
2026.01.30 08:25:00,5193.07,5197.9,5156.3,5156.76
2026.01.30 08:30:00,5157.02,5169.71,5152.2,5159.42
2026.01.30 08:35:00,5159.35,5180.77,5152.92,5174.12
2026.01.30 08:40:00,5173.72,5173.75,5154.55,5157.67
2026.01.30 08:45:00,5157.67,5171.51,5150.53,5166.56
2026.01.30 08:50:00,5166.58,5168.62,5149.25,5155.95
2026.01.30 08:55:00,5155.96,5160.28,5145.46,5155.25
2026.01.30 09:00:00,5155.27,5158.07,5123.82,5145.72
2026.01.30 09:05:00,5145.71,5173.78,5135.7,5165.43
2026.01.30 09:10:00,5165.49,5186.44,5165.49,5173.67
2026.01.30 09:15:00,5173.66,5181.63,5164.34,5176.69
2026.01.30 09:20:00,5176.61,5185.37,5173.47,5178.75
2026.01.30 09:25:00,5178.68,5180.89,5172.47,5174.61
2026.01.30 09:30:00,5174.61,5178.72,5150.14,5151.06
2026.01.30 09:35:00,5151.27,5151.61,5116.74,5149.05
2026.01.30 09:40:00,5148.66,5156.5,5136.58,5146.88
2026.01.30 09:45:00,5146.92,5161.39,5142.83,5150.76
2026.01.30 09:50:00,5150.86,5164.89,5143.81,5158.37
2026.01.30 09:55:00,5158.33,5184.82,5156.87,5180.93
2026.01.30 10:00:00,5180.71,5180.79,5159.16,5171.47
2026.01.30 10:05:00,5171.49,5174.49,5141.9,5146.97
2026.01.30 10:10:00,5146.98,5161.66,5139.97,5145.47
2026.01.30 10:15:00,5145.51,5160.6,5132.74,5157.82
2026.01.30 10:20:00,5157.83,5170.75,5148.67,5164.91
2026.01.30 10:25:00,5164.83,5169.92,5151.29,5152.16
2026.01.30 10:30:00,5151.96,5154.86,5062.27,5077.8
2026.01.30 10:35:00,5077.84,5098.57,5053.91,5091.48
2026.01.30 10:40:00,5091.33,5106.01,5075.29,5095.76
2026.01.30 10:45:00,5096.03,5127.48,5091.14,5126.04
2026.01.30 10:50:00,5126.08,5128.89,5108.6,5109.94
2026.01.30 10:55:00,5109.89,5119.49,5104.09,5116.97
2026.01.30 11:00:00,5116.93,5132.86,5110.01,5114.29
2026.01.30 11:05:00,5114.28,5116.91,5056.09,5060.36
2026.01.30 11:10:00,5060.33,5069.36,5013.32,5028.42
2026.01.30 11:15:00,5027.85,5070.04,5021.29,5068.54
2026.01.30 11:20:00,5068.51,5068.51,5037.67,5043.21
2026.01.30 11:25:00,5043.23,5049.42,5019.21,5028.29
2026.01.30 11:30:00,5027.97,5068.58,5025.45,5058.11
2026.01.30 11:35:00,5057.97,5064.91,5030.32,5031.17
2026.01.30 11:40:00,5031.59,5036.47,4975.87,4976.34
2026.01.30 11:45:00,4976.62,4999.84,4948.17,4981.77
2026.01.30 11:50:00,4981.94,4998.85,4939.85,4987.98
2026.01.30 11:55:00,4987.7,5030.39,4984.8,5013.2
2026.01.30 12:00:00,5012.92,5053.23,5009.46,5037.1
2026.01.30 12:05:00,5037.1,5037.21,5000.51,5018.64
2026.01.30 12:10:00,5018.92,5043.44,5018.19,5038.47
2026.01.30 12:15:00,5038.4,5058.75,5031.54,5058.44
2026.01.30 12:20:00,5058.2,5070.22,5047.54,5063.01
2026.01.30 12:25:00,5063.22,5077.07,5051.9,5059.46
2026.01.30 12:30:00,5059.48,5074.05,5054.25,5065.06
2026.01.30 12:35:00,5065.15,5084.14,5062.44,5080.19
2026.01.30 12:40:00,5080.07,5093.17,5070.46,5077.65
2026.01.30 12:45:00,5077.68,5094.51,5075.08,5084.51
2026.01.30 12:50:00,5084.37,5102.42,5080.14,5092.21
2026.01.30 12:55:00,5092.16,5122.27,5083.79,5119.49
2026.01.30 13:00:00,5119.29,5120.53,5089.76,5093.63
2026.01.30 13:05:00,5093.59,5115.87,5093.57,5112.1
2026.01.30 13:10:00,5112.07,5126.82,5111.99,5120
2026.01.30 13:15:00,5120.11,5127.5,5109.06,5121.18
2026.01.30 13:20:00,5121.2,5129.92,5119.43,5125.32
2026.01.30 13:25:00,5125.45,5127.12,5105.38,5124.24
2026.01.30 13:30:00,5124.25,5130.15,5120.14,5126.49
2026.01.30 13:35:00,5126.59,5131.24,5123.68,5127.51
2026.01.30 13:40:00,5127.49,5137.87,5117.82,5120.8
2026.01.30 13:45:00,5120.84,5121.47,5089.47,5096.69
2026.01.30 13:50:00,5096.54,5120.15,5092.69,5118.3
2026.01.30 13:55:00,5118.1,5144.63,5117.85,5135.72
2026.01.30 14:00:00,5135.87,5145.66,5125.43,5130.37
2026.01.30 14:05:00,5130.35,5134.46,5121.12,5129.3
2026.01.30 14:10:00,5129.26,5136.46,5125.49,5128.94
2026.01.30 14:15:00,5128.92,5140.19,5114.58,5119.66
2026.01.30 14:20:00,5119.35,5134.92,5115.97,5125.46
2026.01.30 14:25:00,5125.53,5129.79,5109.61,5119.65
2026.01.30 14:30:00,5119.81,5136.54,5117.22,5118.94
2026.01.30 14:35:00,5119.19,5121.76,5102.88,5109.4
2026.01.30 14:40:00,5109.49,5117.27,5108.7,5113.78
2026.01.30 14:45:00,5113.67,5115.56,5055.31,5065.79
2026.01.30 14:50:00,5065.87,5095.99,5064.24,5089.5
2026.01.30 14:55:00,5089.59,5094.96,5054.09,5064.25
2026.01.30 15:00:00,5064.41,5099.87,5053.65,5097.48
2026.01.30 15:05:00,5097.7,5097.74,5070.34,5081.74
2026.01.30 15:10:00,5081.82,5093.65,5073.59,5075.93
2026.01.30 15:15:00,5075.57,5076.27,5051.51,5074.55
2026.01.30 15:20:00,5074.57,5074.74,5019.01,5025.76
2026.01.30 15:25:00,5025.59,5038.77,5013.86,5026.63
2026.01.30 15:30:00,5026.82,5037.04,5009.75,5033.41
2026.01.30 15:35:00,5033.49,5048.14,5026.02,5036.06
2026.01.30 15:40:00,5036.45,5047.97,5028.13,5037.9
2026.01.30 15:45:00,5037.82,5037.82,4993.62,4994.14
2026.01.30 15:50:00,4994.01,5011,4991.49,5006.69
2026.01.30 15:55:00,5006.62,5022.64,5000.85,5019.01
2026.01.30 16:00:00,5019.08,5067.56,5016.55,5058.31
2026.01.30 16:05:00,5058.3,5073.25,5042.66,5059.56
2026.01.30 16:10:00,5059.86,5059.97,5041.29,5052.62
2026.01.30 16:15:00,5052.47,5059.99,5040.22,5054.16
2026.01.30 16:20:00,5054.11,5087.44,5048.13,5070.38
2026.01.30 16:25:00,5070.25,5077.59,5061.78,5071.96
2026.01.30 16:30:00,5071.98,5113.51,5055.97,5108.09
2026.01.30 16:35:00,5107.95,5111.12,5077.61,5094.34
2026.01.30 16:40:00,5094.35,5094.5,5066.05,5080.73
2026.01.30 16:45:00,5080.73,5090.59,5070.85,5089.05
2026.01.30 16:50:00,5089.12,5097.51,5043.41,5049.03
2026.01.30 16:55:00,5049.19,5055.14,5013.01,5032.6
2026.01.30 17:00:00,5032.43,5035.59,4980.67,4984.98
2026.01.30 17:05:00,4984.7,5014.33,4979.65,4999.69
2026.01.30 17:10:00,4999.91,5045.44,4996.38,5027.24
2026.01.30 17:15:00,5027.16,5060.23,5026.55,5049.25
2026.01.30 17:20:00,5049.18,5057.77,5037.08,5039.84
2026.01.30 17:25:00,5039.88,5052.72,5030.67,5045.16
2026.01.30 17:30:00,5045.1,5056.51,5039.58,5046.04
2026.01.30 17:35:00,5046.03,5068.99,5045.58,5057.27
2026.01.30 17:40:00,5057.19,5073.54,5057.09,5058.88
2026.01.30 17:45:00,5058.81,5066.07,5048.9,5062.46
2026.01.30 17:50:00,5062.11,5074.31,5038.14,5041.63
2026.01.30 17:55:00,5041.66,5057.5,5040.05,5050.39
2026.01.30 18:00:00,5050.46,5051.91,5022.03,5022.66
2026.01.30 18:05:00,5022.65,5037.16,5021.42,5032.64
2026.01.30 18:10:00,5032.83,5035.67,5015.35,5029.97
2026.01.30 18:15:00,5029.95,5035.08,5004.68,5010.86
2026.01.30 18:20:00,5010.84,5018.68,4989.99,4992.1
2026.01.30 18:25:00,4992.34,5011.58,4987.35,4995.47
2026.01.30 18:30:00,4995.45,5017.24,4983.04,4987.03
2026.01.30 18:35:00,4986.75,4987.2,4958.47,4972.67
2026.01.30 18:40:00,4972.41,5016.24,4971.81,5010.11
2026.01.30 18:45:00,5010.14,5014.55,4969.71,4981.44
2026.01.30 18:50:00,4981.39,4982.74,4941.39,4978.24
2026.01.30 18:55:00,4978.3,4986.95,4969.33,4984.83
2026.01.30 19:00:00,4984.81,4985.78,4965.16,4974.28
2026.01.30 19:05:00,4974.15,4975.74,4926.95,4931.4
2026.01.30 19:10:00,4931.46,4948.1,4898.57,4914.92
2026.01.30 19:15:00,4914.87,4938.68,4898.78,4904.31
2026.01.30 19:20:00,4904.27,4933.57,4898.63,4921.84
2026.01.30 19:25:00,4921.85,4940.56,4914.5,4925.59
2026.01.30 19:30:00,4925.56,4925.56,4892.06,4914.24
2026.01.30 19:35:00,4914.16,4915.46,4886.86,4889.33
2026.01.30 19:40:00,4889.21,4900.25,4837.63,4859.28
2026.01.30 19:45:00,4859.44,4878.69,4853.32,4856.84
2026.01.30 19:50:00,4857.11,4862.41,4803.15,4812.87
2026.01.30 19:55:00,4812.93,4850.24,4800.44,4849.46
2026.01.30 20:00:00,4849.52,4885.49,4848.44,4883.08
2026.01.30 20:05:00,4882.88,4889.87,4806.7,4812.06
2026.01.30 20:10:00,4812.33,4828.27,4785.34,4807.95
2026.01.30 20:15:00,4807.97,4817.91,4748.42,4755.69
2026.01.30 20:20:00,4755.7,4771.87,4702.64,4717.19
2026.01.30 20:25:00,4717.18,4756.22,4692.32,4741.44
2026.01.30 20:30:00,4741.53,4773.04,4723.51,4750.29
2026.01.30 20:35:00,4750.19,4762.78,4679.69,4695.43
2026.01.30 20:40:00,4695.76,4785.31,4692.93,4780.39
2026.01.30 20:45:00,4780.13,4833.81,4774.61,4828.65
2026.01.30 20:50:00,4828.72,4865.39,4817.81,4860.51
2026.01.30 20:55:00,4860.48,4894.53,4853.26,4881.86
2026.01.30 21:00:00,4881.81,4914.12,4871.11,4898.56
2026.01.30 21:05:00,4898.33,4911.39,4881.17,4909.75
2026.01.30 21:10:00,4909.77,4918.08,4871.29,4889.46
2026.01.30 21:15:00,4889.27,4894.76,4868.76,4877.72
2026.01.30 21:20:00,4877.99,4892.21,4840.29,4867.88
2026.01.30 21:25:00,4867.87,4900.75,4864.37,4892.55
2026.01.30 21:30:00,4892.81,4915.13,4880.07,4905.84
2026.01.30 21:35:00,4906.06,4926.13,4891.99,4911.5
2026.01.30 21:40:00,4911.53,4930.11,4896.92,4925.89
2026.01.30 21:45:00,4925.81,4934.59,4906.95,4915.34
2026.01.30 21:50:00,4915.69,4940.83,4915.5,4929.4
2026.01.30 21:55:00,4929.67,4947.55,4927.5,4932.15
2026.01.30 22:00:00,4932.4,4932.4,4880.8,4909.11
2026.01.30 22:05:00,4909.14,4921.21,4882.05,4899.72
2026.01.30 22:10:00,4899.73,4900.88,4877.53,4899.08
2026.01.30 22:15:00,4898.81,4902.5,4879.85,4901.02
2026.01.30 22:20:00,4901.21,4908.93,4890.77,4896.16
2026.01.30 22:25:00,4896.13,4914.02,4884.15,4890.21
2026.01.30 22:30:00,4889.97,4893.93,4853.28,4881.65
2026.01.30 22:35:00,4881.36,4885.21,4843.43,4861.39
2026.01.30 22:40:00,4861.64,4873.73,4845.08,4861.38
2026.01.30 22:45:00,4861.39,4879.26,4850.59,4862.67
2026.01.30 22:50:00,4862.67,4868.32,4834.97,4837.6
2026.01.30 22:55:00,4837.72,4855.8,4808.9,4847.78
2026.01.30 23:00:00,4847.42,4863.27,4834.41,4859
2026.01.30 23:05:00,4858.88,4860.85,4831.39,4844.1
2026.01.30 23:10:00,4844.49,4847.96,4835.37,4840.14
2026.01.30 23:15:00,4840.14,4860.15,4835.91,4858
2026.01.30 23:20:00,4857.99,4886.96,4857.99,4882.93
2026.01.30 23:25:00,4882.92,4890.04,4861.67,4874.24
2026.01.30 23:30:00,4874.12,4881.29,4867.53,4875.73
2026.01.30 23:35:00,4875.72,4876.33,4849.7,4854.06
2026.01.30 23:40:00,4854.02,4860.58,4849.12,4860.39
2026.01.30 23:45:00,4860.38,4869.34,4855.86,4865.04
2026.01.30 23:50:00,4865.02,4892.88,4862.7,4882.55
2026.01.30 23:55:00,4882.5,4895.61,4879.16,4889.48
